symbol,bucket_start_ms,bbo_updates,avg_spread_bps,max_spread_bps,avg_top_bid_notional,avg_top_ask_notional,first_mid,last_mid,first_order_id,last_order_id,mid_return_bps,bbo_churn_per_min,order_id_delta,top_depth_notional,trade_count,trade_qty,signed_trade_qty,trade_notional,liquidation_count,liquidation_notional,abs_trade_imbalance,mark_oracle_basis_bps,mid_oracle_basis_bps,funding,next_funding,open_interest,price_updates,mark_oracle_basis_abs_bps,book_updates,avg_book_spread_bps,avg_bid_depth_l5,avg_ask_depth_l5,avg_bid_orders_l5,avg_ask_orders_l5,first_book_nonce,last_book_nonce,realized_vol_bps,toxicity_score
2Z,1777584060000,5.0,12.217470983506765,12.217470983506765,3981.1241999999997,675.39654,0.08185,0.08185,8207430320.0,8207431218.0,0.0,5.0,898.0,4656.52074,1.0,1.0,1.0,0.0819,0.0,0.0,1.0,-13.412180698652561,-20.118271047978844,-3.311e-05,-4.737e-05,1095236.0,10.0,13.412180698652561,136.0,12.217470983506765,244683.5588235294,263060.11029411765,13.963235294117647,14.985294117647058,8207408284.0,8207434368.0,0.0,0.5068196324789196
2Z,1777584120000,8.0,12.217470983506765,12.217470983506765,1551.15295,1252.9983375,0.08185,0.08185,8207437713.0,8207451807.0,0.0,8.0,14094.0,2804.1512875,1.0,1.0,1.0,0.0819,0.0,0.0,1.0,-13.534769726012362,-19.63151284583708,-3.311e-05,-4.442e-05,1095236.0,19.0,13.534769726012362,197.0,12.217470983506765,195511.64467005077,247159.60913705584,11.284263959390863,13.868020304568528,8207418382.0,8207451807.0,0.0,0.523944300735714
2Z,1777584180000,2.0,12.217470983506765,12.217470983506765,93.1702,2215.68165,0.08185,0.08185,8207454824.0,8207454825.0,0.0,2.0,1.0,2308.85185,1.0,1.0,1.0,0.0819,0.0,0.0,1.0,-15.729597249150006,-19.63151284583708,-3.311e-05,-4.299e-05,1095236.0,19.0,15.729597249150006,211.0,12.217470983506765,193851.47393364928,254756.8767772512,10.545023696682465,13.985781990521327,8207441805.0,8207462621.0,0.0,0.4885821547351094
2Z,1777584240000,3.0,12.217470983506765,12.217470983506765,93.06113333333333,2215.668,0.08185,0.08185,8207468134.0,8207473602.0,0.0,3.0,5468.0,2308.7291333333333,2.0,2.0,0.0,0.1637,0.0,0.0,0.0,-14.754118349976967,-19.63151284583708,-3.311e-05,-4.168e-05,1095236.0,16.0,14.754118349976967,210.0,12.217470983506766,197871.08095238096,244742.7619047619,11.933333333333334,13.00952380952381,8207467958.0,8207465742.0,0.0,0.40548258138206733
2Z,1777584300000,1.0,12.217470983506765,12.217470983506765,92.92479999999999,2215.6407,0.08185,0.08185,8207487217.0,8207487217.0,0.0,1.0,0.0,2308.5654999999997,1.0,1.0,-1.0,0.0818,0.0,0.0,1.0,-14.754118349976967,-19.63151284583708,-3.311e-05,-4.046e-05,1095236.0,17.0,14.754118349976967,159.0,12.217470983506765,229804.72955974843,217520.679245283,10.49685534591195,10.566037735849056,8207468895.0,8207492267.0,0.0,0.48059092283401084
2Z,1777584360000,4.0,12.217470983506765,12.217470983506765,92.92479999999999,2215.68165,0.08185,0.08185,8207494316.0,8207498408.0,0.0,4.0,4092.0,2308.6064499999998,2.0,2.0,2.0,0.1638,0.0,0.0,1.0,-20.71402461313555,-26.80638479346874,-3.311e-05,-4.093e-05,1095236.0,16.0,20.71402461313555,184.0,12.217470983506765,214304.51630434784,255131.50543478262,12.967391304347826,14.36413043478261,8207492325.0,8207492002.0,0.0,0.5090046584024815
2Z,1777584420000,4.0,12.217470983506765,12.217470983506765,92.8839,1734.35535,0.08185,0.08185,8207507104.0,8207512463.0,0.0,4.0,5359.0,1827.23925,2.0,2.0,0.0,0.1637,0.0,0.0,0.0,-22.785427074449444,-26.80638479346874,-3.311e-05,-4.26e-05,1095236.0,19.0,22.785427074449444,217.0,12.217470983506766,191857.8202764977,180426.0599078341,11.078341013824884,10.488479262672811,8207492264.0,8207515456.0,0.0,0.4205789968757349
2Z,1777584480000,14.0,17.46313350911633,24.44987775061195,3570.243,5805.991271428572,0.08185,0.08174999999999999,8207520573.0,8207529704.0,-12.217470983508782,14.0,9131.0,9376.234271428571,2.0,2.0,2.0,0.1638,0.0,0.0,1.0,-18.66855385816784,-25.135438527990367,-3.311e-05,-4.486e-05,1095236.0,15.0,18.66855385816784,182.0,13.228592514151883,225045.4120879121,221508.37362637362,12.692307692307692,12.587912087912088,8207508260.0,8207515456.0,5.46381912645137,0.6733533219112888
2Z,1777584540000,12.0,16.314878655282588,24.479804161565713,6269.236725,685.2045166666667,0.08174999999999999,0.0817,8207534876.0,8207543874.0,-6.116207951070152,12.0,8998.0,6954.441241666666,1.0,1.0,1.0,0.0818,0.0,0.0,1.0,-18.18204004929851,-30.384751491781383,-3.311e-05,-4.469e-05,1095236.0,17.0,18.18204004929851,191.0,17.298089580122966,288287.2827225131,232969.72251308901,15.534031413612565,12.172774869109947,8207516443.0,8207531779.0,5.464655530734945,0.6619074814391775
2Z,1777584600000,25.0,20.071343649208995,24.479804161565713,7749.118256000001,2197.9725399999998,0.0817,0.08174999999999999,8207548362.0,8207558970.0,6.11995104039087,25.0,10608.0,9947.090796,2.0,2.0,0.0,0.1633,0.0,0.0,0.0,-19.524100061012017,-24.405125076265023,-3.311e-05,-4.573e-05,1095206.0,19.0,19.524100061012017,220.0,20.694247790470808,270545.80454545456,225384.39545454545,14.927272727272728,13.568181818181818,8207546298.0,8207560407.0,6.969457795548743,0.635853741839397
2Z,1777584660000,14.0,12.232415902141025,12.232415902141025,282.2268142857143,583.9818857142857,0.08174999999999999,0.08174999999999999,8207561140.0,8207571018.0,0.0,14.0,9878.0,866.2086999999999,2.0,2.0,0.0,0.16349999999999998,0.0,0.0,0.0,-16.961768905050732,-24.2833957705391,-3.311e-05,-4.519e-05,1095206.0,19.0,16.961768905050732,213.0,12.232415902141025,261106.60093896714,191906.62441314553,14.140845070422536,11.727699530516432,8207546295.0,8207571741.0,6.969457795548743,0.5839660250165172
2Z,1777584720000,3.0,12.232415902141023,12.232415902141025,284.56109999999995,639.4578666666666,0.08174999999999999,0.08174999999999999,8207571919.0,8207579869.0,0.0,3.0,7950.0,924.0189666666665,1.0,1.0,-1.0,0.0817,0.0,0.0,1.0,-17.937985820448617,-24.2833957705391,-3.311e-05,-4.47e-05,1095206.0,16.0,17.937985820448617,178.0,12.232415902141026,265336.80337078654,179471.92134831462,14.432584269662922,10.4438202247191,8207571932.0,8207584462.0,6.969457795548743,0.618482715759062
2Z,1777584780000,13.0,13.169921441464286,24.44987775061195,3341.5283538461535,893.0958384615385,0.08174999999999999,0.08185,8207585726.0,8207597894.0,12.232415902142524,13.0,12168.0,4234.624192307692,2.0,2.0,0.0,0.16349999999999998,0.0,0.0,0.0,-14.396739992434771,-25.987335749056403,-3.311e-05,-4.398e-05,1095206.0,19.0,14.396739992434771,218.0,12.287979422407222,270584.5504587156,213524.2752293578,14.825688073394495,13.252293577981652,8207571932.0,8207597950.0,6.974042620095445,0.5804092339391497
2Z,1777584840000,17.0,16.53479101895565,24.44987775061195,7056.790547058823,862.6527,0.08185,0.0818,8207598302.0,8207611368.0,-6.108735491754391,17.0,13066.0,7919.443247058823,2.0,2.0,0.0,0.1637,0.0,0.0,0.0,-11.224439998047298,-20.00878434434599,-3.311e-05,-4.097e-05,1095206.0,19.0,11.224439998047298,213.0,15.376073669848479,244923.441314554,196333.0985915493,12.55868544600939,12.230046948356808,8207597894.0,8207611452.0,6.971749182011093,0.5938805276536657
2Z,1777584900000,7.0,22.704526057973247,24.44987775061195,10103.477185714286,2104.5140857142856,0.0818,0.0818,8207611999.0,8207623568.0,0.0,7.0,11569.0,12207.991271428571,2.0,2.0,0.0,0.16349999999999998,0.0,0.0,0.0,-13.176677281211887,-19.88702219294029,-3.311e-05,-3.825e-05,1095206.0,19.0,13.176677281211887,215.0,24.44987775061195,246707.69302325582,217384.73023255813,12.832558139534884,13.604651162790697,8207608906.0,8207612675.0,6.697924226159452,0.5724501965263546
2Z,1777584960000,5.0,22.006385380917767,24.44987775061195,10849.743659999998,3612.7891600000003,0.08174999999999999,0.0818,8207624559.0,8207637716.0,6.116207951072372,5.0,13157.0,14462.532819999999,1.0,1.0,1.0,0.0818,0.0,0.0,1.0,-15.00677134804706,-19.88702219294029,-3.311e-05,-3.735e-05,1095206.0,15.0,15.00677134804706,180.0,24.44987775061195,257558.30555555556,251635.52222222224,13.716666666666667,13.877777777777778,8207611371.0,8207634819.0,6.971256601068538,0.6553943964793228
2Z,1777585020000,2.0,18.341146826376487,24.44987775061195,9688.7213,3230.0131,0.08174999999999999,0.0818,8207638717.0,8207638718.0,6.116207951072372,2.0,1.0,12918.7344,1.0,1.0,1.0,0.0818,0.0,0.0,1.0,-14.396564345321497,-20.00878434434599,-3.311e-05,-3.727e-05,1095206.0,14.0,14.396564345321497,150.0,24.44987775061195,281755.93333333335,260379.30666666667,15.42,14.373333333333333,8207638500.0,8207638070.0,6.970928796540211,0.6246892531998521
2Z,1777585080000,5.0,22.006385380917767,24.44987775061195,10463.596779999998,5167.97188,0.0818,0.0818,8207652732.0,8207657141.0,0.0,5.0,4409.0,15631.568659999997,2.0,2.0,0.0,0.16349999999999998,0.0,0.0,0.0,-14.884583475671894,-20.00878434434599,-3.311e-05,-3.718e-05,1095206.0,18.0,14.884583475671894,213.0,24.44987775061195,266847.20657276997,270091.74178403756,14.44131455399061,15.183098591549296,8207638500.0,8207660155.0,5.114507707395254,0.5428284677663183
2Z,1777585140000,18.0,21.056138348258916,24.44987775061195,7300.852705555556,8426.74701111111,0.0818,0.08174999999999999,8207665319.0,8207670078.0,-6.112469437653534,18.0,4759.0,15727.599716666668,2.0,2.0,0.0,0.16349999999999998,0.0,0.0,0.0,-16.714655214484193,-26.10902347371919,-3.311e-05,-3.732e-05,1095206.0,14.0,16.714655214484193,155.0,17.277045310541922,274862.9612903226,250810.63225806452,15.154838709677419,14.109677419354838,8207652609.0,8207676235.0,5.115846290745124,0.5967696330388237
2Z,1777585200000,32.0,19.868329557435352,24.44987775061195,4479.2842,8223.96899375,0.08174999999999999,0.08174999999999999,8207678886.0,8207686249.0,0.0,32.0,7363.0,12703.25319375,3.0,3.0,1.0,0.2453,0.0,0.0,0.3333333333333333,-15.86120227913338,-25.743951391515825,-3.311e-05,-3.729e-05,1095180.0,20.0,15.86120227913338,239.0,15.504037484995163,259105.14644351465,225747.3849372385,13.774058577405858,11.497907949790795,8207677416.0,8207676478.0,5.115846290745124,0.6391487777292527
2Z,1777585260000,21.0,20.37739046778831,24.44987775061195,4275.8512,8670.183261904764,0.0818,0.08174999999999999,8207691243.0,8207699771.0,-6.112469437653534,21.0,8528.0,12946.034461904765,1.0,1.0,1.0,0.0818,0.0,0.0,1.0,-17.57083241818645,-24.892012592429396,-3.311e-05,-3.712e-05,1095180.0,19.0,17.57083241818645,216.0,16.757401771945073,251110.4537037037,251703.25462962964,13.458333333333334,13.652777777777779,8207690881.0,8207701377.0,5.11539945293419,0.6930857437206751
2Z,1777585320000,20.0,17.73027373395294,24.44987775061195,4564.272625,5965.1669600000005,0.0818,0.08174999999999999,8207701872.0,8207713757.0,-6.112469437653534,20.0,11885.0,10529.439585,1.0,1.0,1.0,0.0818,0.0,0.0,1.0,-15.49801088521735,-17.81661093891187,-3.311e-05,-3.673e-05,1095180.0,15.0,15.49801088521735,173.0,15.480989572832714,252476.95953757226,245073.92485549132,13.138728323699421,13.0,8207701880.0,8207713958.0,3.3479373930637566,0.6505330287454787
2Z,1777585380000,9.0,17.662398945905878,24.44987775061195,4275.8512,5602.2391777777775,0.0818,0.08174999999999999,8207714022.0,8207726047.0,-6.112469437653534,9.0,12025.0,9878.090377777778,2.0,2.0,2.0,0.1636,0.0,0.0,1.0,-17.20729296331579,-23.431207439408084,-3.311e-05,-3.633e-05,1095180.0,16.0,17.20729296331579,182.0,15.790248198673767,247683.8901098901,239736.1043956044,13.664835164835164,13.285714285714286,8207714025.0,8207713757.0,2.733579434596641,0.6034548885230847
2Z,1777585440000,18.0,17.67569957299644,24.479804161565713,7200.163827777778,2009.6896666666669,0.08174999999999999,0.0817,8207728661.0,8207738494.0,-6.116207951070152,18.0,9833.0,9209.853494444445,2.0,2.0,2.0,0.1636,0.0,0.0,1.0,-16.963631925799394,-29.28972418843106,-3.311e-05,-3.635e-05,1095180.0,16.0,16.963631925799394,188.0,15.945719789307022,243224.34574468085,249880.18085106384,12.76063829787234,13.73404255319149,8207713799.0,8207739286.0,2.733997892363185,0.6343615972945431
2Z,1777585500000,76.0,20.754456823505866,24.479804161565713,4688.019497368421,5304.985946052632,0.0817,0.08174999999999999,8207742211.0,8207751885.0,6.11995104039087,76.0,9674.0,9993.005443421054,2.0,2.0,2.0,0.1636,0.0,0.0,1.0,-8.305546395026274,-15.02326774394466,-3.311e-05,-3.463e-05,1095180.0,17.0,8.305546395026274,190.0,16.993315898783703,254560.7052631579,248908.68421052632,14.163157894736843,14.242105263157894,8207727809.0,8207752243.0,5.470922961661954,0.7122330656991522
2Z,1777585560000,28.0,19.65871099898516,24.479804161565713,7668.329510714286,4435.807207142857,0.08174999999999999,0.0817,8207755311.0,8207766777.0,-6.116207951070152,28.0,11466.0,12104.136717857142,2.0,2.0,0.0,0.1634,0.0,0.0,0.0,-9.404809888486756,-21.130287152053363,-3.311e-05,-3.271e-05,1095180.0,17.0,9.404809888486756,198.0,20.76726523806515,275221.07575757575,257154.0404040404,15.232323232323232,14.38888888888889,8207754739.0,8207766812.0,5.471341019978169,0.596247522424161
2Z,1777585620000,8.0,21.421702478185583,24.479804161565713,14414.068800000001,1661.807875,0.08165,0.0817,8207772375.0,8207780963.0,6.1236987140222965,8.0,8588.0,16075.876675000001,2.0,2.0,2.0,0.1634,0.0,0.0,1.0,-9.771231052971888,-21.130287152053363,-3.311e-05,-3.103e-05,1095180.0,19.0,9.771231052971888,202.0,24.479804161565713,292841.8613861386,259632.91584158415,16.287128712871286,14.07920792079208,8207768690.0,8207782220.0,6.702364388239282,0.6508857683564574
2Z,1777585680000,5.0,24.479804161565713,24.479804161565713,13984.983360000002,2565.9024,0.0817,0.0817,8207792753.0,8207800109.0,0.0,5.0,7356.0,16550.88576,1.0,1.0,-1.0,0.0816,0.0,0.0,1.0,-9.893371441134164,-21.130287152053363,-3.311e-05,-2.953e-05,1095180.0,13.0,9.893371441134164,147.0,24.479804161565713,283132.0544217687,245667.1768707483,15.285714285714286,13.07482993197279,8207786804.0,8207800602.0,6.1190166864962805,0.6316768569220949
2Z,1777585740000,3.0,24.479804161565713,24.479804161565713,13859.270400000001,2565.9024,0.0817,0.0817,8207812292.0,8207812298.0,0.0,3.0,6.0,16425.1728,,,,,,,,-10.381425797232646,-21.617792542473524,-3.311e-05,-2.824e-05,1095180.0,16.0,10.381425797232646,174.0,24.479804161565713,297619.8850574713,259187.11494252874,16.7816091954023,14.25287356321839,8207784289.0,8207800324.0,5.1198725024887635,0.5162596163536802
2Z,1777585800000,11.0,23.367767185791124,24.479804161565713,14551.5648,2300.8109,0.0817,0.0817,8207813396.0,8207819123.0,0.0,11.0,5727.0,16852.3757,1.0,1.0,1.0,0.0817,0.0,0.0,1.0,-11.114232324096845,-21.617792542473524,-3.311e-05,-2.703e-05,1095146.0,16.0,11.114232324096845,185.0,24.479804161565713,287218.14594594593,259293.84864864865,16.394594594594594,14.259459459459459,8207800601.0,8207824765.0,4.327460988228147,0.6402657864973516
2Z,1777585860000,14.0,23.606060823457106,24.479804161565713,10808.893371428572,2357.6162214285714,0.08165,0.0817,8207828309.0,8207834905.0,6.1236987140222965,14.0,6596.0,13166.509592857143,2.0,2.0,0.0,0.1633,0.0,0.0,0.0,-11.602911720161936,-21.495920660512176,-3.311e-05,-2.587e-05,1095146.0,17.0,11.602911720161936,197.0,24.479804161565713,285288.0203045685,248290.23350253806,15.781725888324873,13.253807106598984,8207812845.0,8207835236.0,3.354087921035388,0.5458617484686621
2Z,1777585920000,50.0,18.100688389239604,24.479804161565713,4775.943202,4014.946624,0.0817,0.08174999999999999,8207837406.0,8207852158.0,6.11995104039087,50.0,14752.0,8790.889826,2.0,2.0,0.0,0.1634,0.0,0.0,0.0,-13.30404003417527,-21.96997436836319,-3.311e-05,-2.492e-05,1095146.0,17.0,13.30404003417527,191.0,17.231616886805,263142.51308900525,257255.24607329842,13.968586387434556,14.057591623036648,8207836624.0,8207835161.0,3.35306184013773,0.5943704437800248
2Z,1777585980000,6.0,12.232415902141023,12.232415902141025,3903.2991999999995,609.0691666666667,0.08174999999999999,0.08174999999999999,8207853319.0,8207866144.0,0.0,6.0,12825.0,4512.368366666666,1.0,1.0,-1.0,0.0817,0.0,0.0,1.0,-17.82009032100662,-21.96997436836319,-3.311e-05,-2.458e-05,1095146.0,15.0,17.82009032100662,169.0,12.232415902141026,253502.1597633136,261835.2426035503,13.023668639053254,13.420118343195266,8207835516.0,8207866150.0,3.35306184013773,0.5849066639791267
2Z,1777586040000,24.0,12.232415902141023,12.232415902141025,3964.7103666666662,1090.2167666666667,0.08174999999999999,0.08174999999999999,8207866471.0,8207883671.0,0.0,24.0,17200.0,5054.927133333333,2.0,2.0,2.0,0.1636,0.0,0.0,1.0,-15.867203710485184,-21.96997436836319,-3.311e-05,-2.41e-05,1095146.0,19.0,15.867203710485184,218.0,12.232415902141025,259776.15596330276,249065.05504587156,13.669724770642201,13.885321100917432,8207866305.0,8207883833.0,3.35306184013773,0.6421848579523186
2Z,1777586100000,8.0,12.232415902141025,12.232415902141025,3980.0971999999997,1491.244675,0.08174999999999999,0.08174999999999999,8207884589.0,8207894385.0,0.0,8.0,9796.0,5471.341875,1.0,1.0,1.0,0.0818,0.0,0.0,1.0,-15.867203710485184,-21.96997436836319,-3.311e-05,-2.418e-05,1095146.0,15.0,15.867203710485184,173.0,12.232415902141023,270921.75144508673,262982.1965317919,14.595375722543352,14.38150289017341,8207866147.0,8207883542.0,3.35306184013773,0.5932212405236224
2Z,1777586160000,27.0,18.56739611986669,24.44987775061195,5797.82537037037,6015.717885185185,0.08174999999999999,0.08174999999999999,8207897698.0,8207906420.0,0.0,27.0,8722.0,11813.543255555556,1.0,1.0,1.0,0.0818,0.0,0.0,1.0,-14.036372513121444,-21.96997436836319,-3.311e-05,-2.389e-05,1095146.0,18.0,14.036372513121444,198.0,14.392068249092956,269900.0909090909,255436.92424242425,14.767676767676768,13.757575757575758,8207883832.0,8207906424.0,2.736925309056908,0.6505008342571751
2Z,1777586220000,16.0,16.813964095317623,24.44987775061195,4989.61814375,5277.96024375,0.08174999999999999,0.08174999999999999,8207909650.0,8207913636.0,0.0,16.0,3986.0,10267.5783875,2.0,2.0,2.0,0.1636,0.0,0.0,1.0,-15.867203710485184,-21.96997436836319,-3.311e-05,-2.339e-05,1095146.0,17.0,15.867203710485184,199.0,12.232415902141025,265690.1809045226,252377.13567839196,14.261306532663317,13.180904522613066,8207898103.0,8207908497.0,0.0,0.5736035990638403
2Z,1777586280000,4.0,12.232415902141025,12.232415902141025,3980.2605999999996,299.44935,0.08174999999999999,0.08174999999999999,8207921964.0,8207925625.0,0.0,4.0,3661.0,4279.7099499999995,2.0,167.0,167.0,13.660599999999999,0.0,0.0,1.0,-16.354626894818892,-22.457099616765152,-3.311e-05,-2.302e-05,1095146.0,19.0,16.354626894818892,223.0,12.232415902141025,163821.8340807175,166878.3452914798,12.327354260089686,12.062780269058296,8207908550.0,8207919066.0,0.0,0.5052225059069887
2Z,1777586340000,3.0,12.232415902141023,12.232415902141025,92.32099999999998,2122.4646,0.08174999999999999,0.08174999999999999,8207937421.0,8207941465.0,0.0,3.0,4044.0,2214.7855999999997,1.0,1.0,1.0,0.0818,0.0,0.0,1.0,-15.501605087456165,-21.604599216375142,-3.311e-05,-2.325e-05,1095146.0,14.0,15.501605087456165,151.0,12.232415902141025,118632.69536423842,161118.88079470198,10.225165562913908,11.2317880794702,8207935704.0,8207946428.0,0.0,0.49623744414956156
2Z,1777586400000,46.0,19.68116643767187,48.959608323133125,2651.6150282608696,2155.4627369565214,0.0818,0.0818,8207947309.0,8207969052.0,0.0,46.0,21743.0,4807.077765217391,2.0,2.0,2.0,0.1634,0.0,0.0,1.0,-14.526544513483804,-20.63013464519861,-2.318e-05,-5.786e-05,1095446.0,19.0,14.526544513483804,214.0,23.216530033056223,183351.15887850468,172994.16355140187,12.574766355140186,12.948598130841122,8207947348.0,8207969052.0,0.0,0.6223880471663251
2Z,1777586460000,6.0,20.377390467788306,24.44987775061195,6274.0698,2254.2974666666664,0.08174999999999999,0.0818,8207972728.0,8207977977.0,6.116207951072372,6.0,5249.0,8528.367266666666,2.0,2.0,2.0,0.1636,0.0,0.0,1.0,-10.251903925014737,-16.598320640499566,-2.318e-05,5.63e-06,1095446.0,19.0,10.251903925014737,213.0,24.44987775061195,128293.19248826291,137830.9765258216,9.0,11.56338028169014,8207969422.0,8207968636.0,2.735251348624505,0.5761007715479111
2Z,1777586520000,21.0,15.129948785198476,24.44987775061195,2626.2099714285714,802.5147000000001,0.0818,0.08185,8207984424.0,8207999883.0,6.112469437653534,21.0,15459.0,3428.7246714285716,2.0,2.0,2.0,0.1638,0.0,0.0,1.0,-6.954866576375598,-13.055626731090205,-2.318e-05,1.5e-05,1095446.0,20.0,6.954866576375598,238.0,13.96495766452179,246701.9243697479,196834.46638655462,13.571428571428571,12.411764705882353,8207984443.0,8207990443.0,3.348961487965416,0.603522077020414
2Z,1777586580000,125.0,12.414624203969337,24.44987775061195,616.017036,11948.7889488,0.08185,0.08174999999999999,8208005915.0,8208018875.0,-12.217470983508782,125.0,12960.0,12564.8059848,2.0,2.0,0.0,0.1636,0.0,0.0,0.0,-16.47526879095889,-23.309454363505047,-2.318e-05,1.138e-05,1095446.0,19.0,16.47526879095889,223.0,12.282913601943168,268654.81165919284,266740.8923766816,14.47982062780269,14.905829596412556,8208004168.0,8208018901.0,7.48393035849454,0.662785131185541
2Z,1777586640000,7.0,22.732317485348496,24.479804161565713,13191.456000000002,2148.7691285714286,0.08165,0.0817,8208027258.0,8208035640.0,6.1236987140222965,7.0,8382.0,15340.22512857143,2.0,2.0,0.0,0.1633,0.0,0.0,0.0,-18.79355161514728,-29.654760016109627,-2.318e-05,-4.42e-06,1095446.0,19.0,18.79355161514728,237.0,23.601299518484616,291236.0253164557,256208.16455696203,16.459915611814345,13.717299578059071,8208002351.0,8208018901.0,7.968832306799924,0.5925479557899688
2Z,1777586700000,6.0,22.44106970597896,24.479804161565713,10746.3256,3433.70495,0.08165,0.0817,8208050341.0,8208053975.0,6.1236987140222965,6.0,3634.0,14180.03055,1.0,1.0,1.0,0.0817,0.0,0.0,1.0,-19.037623714045537,-29.654760016109627,-2.318e-05,-1.549e-05,1095446.0,19.0,19.037623714045537,229.0,24.479804161565713,262554.74672489084,264593.135371179,13.87772925764192,14.45414847161572,8208025198.0,8208053976.0,8.200328924073006,0.6778759476377644
2Z,1777586760000,6.0,22.44106970597896,24.479804161565713,6706.3776,6544.340816666667,0.0817,0.0817,8208058545.0,8208070591.0,0.0,6.0,12046.0,13250.718416666667,1.0,1.0,1.0,0.0817,0.0,0.0,1.0,-15.63511549219945,-20.398939743730747,-2.318e-05,-2.199e-05,1095446.0,15.0,15.63511549219945,170.0,24.479804161565713,271181.14705882355,252228.7,14.741176470588234,13.782352941176471,8208041706.0,8208070592.0,7.969981905635935,0.6722853047558258
2Z,1777586820000,8.0,22.95075331987565,24.479804161565713,12218.8554,7834.0473375,0.0817,0.0817,8208073016.0,8208083808.0,0.0,8.0,10792.0,20052.9027375,2.0,2.0,0.0,0.1633,0.0,0.0,0.0,-14.170708168925222,-19.423643093612963,-2.318e-05,-2.306e-05,1095446.0,19.0,14.170708168925222,189.0,24.479804161565713,253280.6984126984,252882.20105820106,13.232804232804233,13.671957671957673,8208073016.0,8208084786.0,7.487753167584706,0.5877341799083996
2Z,1777586880000,21.0,22.722340270227978,24.479804161565713,7244.475585714286,6787.045538095238,0.0817,0.0818,8208086010.0,8208098161.0,12.23990208078396,21.0,12151.0,14031.521123809525,2.0,2.0,0.0,0.1633,0.0,0.0,0.0,-13.926385614288346,-19.423643093612963,-2.318e-05,-2.353e-05,1095446.0,19.0,13.926385614288346,214.0,24.30741258757953,272418.55140186916,249505.18224299065,14.719626168224298,13.47196261682243,8208085496.0,8208098161.0,5.120766724339264,0.6018997547619848
2Z,1777586940000,27.0,20.834322597132232,24.479804161565713,6682.263185185185,6193.4675,0.0818,0.0817,8208101723.0,8208113809.0,-12.224938875305957,27.0,12086.0,12875.730685185184,2.0,2.0,0.0,0.16349999999999998,0.0,0.0,0.0,-10.131217577052151,-21.361000915470807,-2.318e-05,-1.826e-05,1095446.0,15.0,10.131217577052151,178.0,23.2837140102738,267681.1797752809,270098.63483146066,15.01123595505618,15.00561797752809,8208101426.0,8208113932.0,9.072312072452645,0.6357557586141253
2Z,1777587000000,40.0,18.363600794805453,24.479804161565713,5379.000600000001,5063.98054,0.0817,0.0817,8208114034.0,8208129127.0,0.0,40.0,15093.0,10442.98114,2.0,2.0,2.0,0.1634,0.0,0.0,1.0,-15.154107496394682,-15.398528585046455,-2.318e-05,-1.848e-05,1095416.0,19.0,15.154107496394682,213.0,14.314846453428943,275956.25821596244,252259.85915492958,15.098591549295774,14.173708920187794,8208113100.0,8208129127.0,8.64962844104651,0.7485610463488651
2Z,1777587060000,7.0,20.98269059114497,24.479804161565713,6795.492957142858,5981.893757142857,0.08165,0.08174999999999999,8208130419.0,8208141873.0,12.247397428044593,7.0,11454.0,12777.386714285716,1.0,1.0,1.0,0.0817,0.0,0.0,1.0,-14.160674829401097,-20.38648876301628,-2.318e-05,-1.645e-05,1095416.0,15.0,14.160674829401097,179.0,21.879799950067735,251297.24022346368,274657.88268156425,11.938547486033519,14.452513966480447,8208113762.0,8208142414.0,10.237064759384237,0.6863458975823339
2Z,1777587120000,23.0,18.075549829670596,24.44987775061195,2266.9050347826087,6219.806708695653,0.08174999999999999,0.0818,8208143510.0,8208148815.0,6.116207951072372,23.0,5305.0,8486.711743478261,2.0,2.0,2.0,0.1636,0.0,0.0,1.0,-10.132206990002043,-14.282749612413294,-2.318e-05,-1.339e-05,1095416.0,19.0,10.132206990002043,211.0,22.191673901842442,242361.8672985782,252777.97630331753,11.123222748815166,14.218009478672986,8208130424.0,8208155637.0,10.23617018554362,0.7181918455560408
2Z,1777587180000,18.0,14.947407424023453,24.44987775061195,5428.443027777777,3896.5168888888893,0.0818,0.08174999999999999,8208155977.0,8208167660.0,-6.112469437653534,18.0,11683.0,9324.959916666667,2.0,2.0,0.0,0.16349999999999998,0.0,0.0,0.0,-13.428390058108182,-20.264661360417925,-2.318e-05,-1.241e-05,1095416.0,15.0,13.428390058108182,181.0,14.189909789465096,242280.87845303866,245290.24861878454,11.629834254143647,12.966850828729282,8208155981.0,8208168474.0,9.672357770150906,0.6184967133626723
2Z,1777587240000,12.0,12.232415902141023,12.232415902141025,4104.662466666666,1101.6415,0.08174999999999999,0.08174999999999999,8208170065.0,8208174818.0,0.0,12.0,4753.0,5206.3039666666655,2.0,2.0,2.0,0.1636,0.0,0.0,1.0,-13.91669515113079,-20.264661360417925,-2.318e-05,-1.255e-05,1095416.0,19.0,13.91669515113079,229.0,12.232415902141025,262125.1135371179,248185.92139737992,14.109170305676855,13.764192139737991,8208169241.0,8208167637.0,6.977660061156592,0.6612439950280512
2Z,1777587300000,3.0,12.232415902141023,12.232415902141025,2683.953933333333,2224.660066666667,0.08174999999999999,0.08174999999999999,8208187071.0,8208191655.0,0.0,3.0,4584.0,4908.614,1.0,1.0,1.0,0.0818,0.0,0.0,1.0,-13.917034939082816,-20.020997631662166,-2.318e-05,-1.281e-05,1095416.0,19.0,13.917034939082816,220.0,12.232415902141025,256948.7681818182,240344.08636363636,14.045454545454545,11.872727272727273,8208181584.0,8208193383.0,6.977660061156592,0.6126275181688894
2Z,1777587360000,14.0,14.85044344109908,24.44987775061195,3593.020107142857,4220.265964285714,0.08174999999999999,0.08174999999999999,8208195146.0,8208208647.0,0.0,14.0,13501.0,7813.286071428571,2.0,2.0,0.0,0.16349999999999998,0.0,0.0,0.0,-13.552286185214575,-18.92436359196659,-2.318e-05,-1.193e-05,1095416.0,19.0,13.552286185214575,208.0,12.291153699489444,231488.8076923077,256835.5,13.528846153846153,13.788461538461538,8208181646.0,8208208656.0,4.32349047448103,0.551201834245977
2Z,1777587420000,25.0,17.119400641529396,24.44987775061195,4395.567843999999,5184.5732880000005,0.08174999999999999,0.0818,8208209081.0,8208220480.0,6.116207951072372,25.0,11399.0,9580.141132,2.0,2.0,2.0,0.1636,0.0,0.0,1.0,-11.228138691921215,-16.72016305210079,-2.318e-05,-1.085e-05,1095416.0,16.0,11.228138691921215,178.0,13.673801850556133,244533.3764044944,232581.48876404495,14.460674157303371,12.07865168539326,8208193383.0,8208207933.0,4.32349047448103,0.6667072597171364
2Z,1777587480000,49.0,18.964486716604597,24.44987775061195,5390.842779591836,6636.811075510204,0.0818,0.08174999999999999,8208226524.0,8208236976.0,-6.112469437653534,49.0,10452.0,12027.65385510204,2.0,2.0,2.0,0.1636,0.0,0.0,1.0,-13.546993421775266,-22.822412341188077,-2.318e-05,-1.061e-05,1095416.0,19.0,13.546993421775266,220.0,16.397459714119748,259076.05909090908,248574.69545454546,14.686363636363636,13.072727272727272,8208208648.0,8208236980.0,4.32349047448103,0.7042194376322772
2Z,1777587540000,14.0,20.105736926056895,24.479804161565713,9585.294521428572,2723.5952714285713,0.08174999999999999,0.0817,8208239184.0,8208250821.0,-6.116207951070152,14.0,11637.0,12308.889792857142,1.0,1.0,1.0,0.0818,0.0,0.0,1.0,-16.47647525477467,-28.681271739793633,-2.318e-05,-1.059e-05,1095416.0,19.0,16.47647525477467,206.0,14.19437615729158,274213.87378640776,246983.5,15.053398058252426,11.145631067961165,8208224300.0,8208140390.0,5.116293226118368,0.6722839049954646
2Z,1777587600000,4.0,21.421702478185583,24.479804161565713,9544.4256,4577.896075000001,0.08165,0.0817,8208254687.0,8208260790.0,6.1236987140222965,4.0,6103.0,14122.321675000001,2.0,2.0,0.0,0.1633,0.0,0.0,0.0,-16.85022833280413,-24.176414564458685,-2.318e-05,-1.449e-05,1095380.0,16.0,16.85022833280413,181.0,24.479804161565713,267865.62983425416,249903.6464088398,14.98342541436464,13.629834254143647,8208253162.0,8208250653.0,6.117146858391824,0.5520150950157333
2Z,1777587660000,38.0,18.04169535444965,24.479804161565713,5912.497642105263,5492.286152631579,0.0817,0.0817,8208270088.0,8208274779.0,0.0,38.0,4691.0,11404.783794736843,,,,,,,,-18.323520070361994,-25.89724169944588,-2.318e-05,-1.691e-05,1095380.0,17.0,18.323520070361994,197.0,19.94698339229161,265213.1319796954,239036.19796954314,14.700507614213198,13.106598984771574,8208263467.0,8208274780.0,6.117146858391824,0.6383845085721325
2Z,1777587720000,7.0,22.732317485348496,24.479804161565713,4277.588571428571,7979.118657142857,0.0817,0.08165,8208279176.0,8208285539.0,-6.11995104039087,7.0,6363.0,12256.707228571428,1.0,1.0,-1.0,0.0816,0.0,0.0,1.0,-16.370411092785442,-18.935923278969195,-2.318e-05,-1.716e-05,1095380.0,16.0,16.370411092785442,177.0,24.41069451900345,228719.74576271186,288150.7005649718,11.203389830508474,13.813559322033898,8208263460.0,8208285568.0,5.47343556863723,0.6520713653822465
2Z,1777587780000,1.0,12.247397428045192,12.247397428045192,4277.472000000001,289.7082,0.08165,0.08165,8208294693.0,8208294693.0,0.0,1.0,0.0,4567.180200000001,1.0,1.0,-1.0,0.0816,0.0,0.0,1.0,-18.325087044163137,-25.044285627023008,-2.318e-05,-1.762e-05,1095380.0,14.0,18.325087044163137,150.0,12.247397428045192,240588.72666666665,244186.41333333333,13.206666666666667,13.546666666666667,8208282452.0,8208295427.0,5.120767819599421,0.5819825645849431
2Z,1777587840000,11.0,22.255730210016527,24.479804161565713,5500.8562909090915,10139.097572727273,0.08165,0.0817,8208301074.0,8208308132.0,6.1236987140222965,11.0,7058.0,15639.953863636365,2.0,2.0,0.0,0.1633,0.0,0.0,0.0,-17.71425080935708,-18.935923278969195,-2.318e-05,-1.788e-05,1095380.0,19.0,17.71425080935708,226.0,20.42037714822926,250995.34513274336,242624.34513274336,13.252212389380531,12.938053097345133,8208285528.0,8208301079.0,5.122110228467944,0.5771029999664058
2Z,1777587900000,51.0,20.16248413797023,24.479804161565713,6049.321600000001,7914.988813725489,0.08165,0.08165,8208313139.0,8208317893.0,0.0,51.0,4754.0,13964.31041372549,2.0,2.0,0.0,0.1633,0.0,0.0,0.0,-17.592513408181908,-24.800557096257297,-2.318e-05,-1.811e-05,1095380.0,20.0,17.592513408181908,255.0,16.80456856406264,254093.36078431373,239333.76862745098,13.470588235294118,12.113725490196078,8208297381.0,8208308144.0,4.328784005580782,0.6253065475190648
2Z,1777587960000,4.0,12.247397428045192,12.247397428045192,4733.412,289.565225,0.08165,0.08165,8208324965.0,8208331590.0,0.0,4.0,6625.0,5022.9772250000005,2.0,2.0,0.0,0.1633,0.0,0.0,0.0,-16.495198064562967,-23.459837247378818,-2.318e-05,-1.799e-05,1095380.0,16.0,16.495198064562967,163.0,12.247397428045192,285268.68098159507,258908.5582822086,14.717791411042946,13.184049079754601,8208323433.0,8208331609.0,4.328784005580782,0.49982642971523267
2Z,1777588020000,3.0,12.247397428045192,12.247397428045192,2683.2528,289.5448,0.08165,0.08165,8208338201.0,8208339223.0,0.0,3.0,1022.0,2972.7976000000003,1.0,1.0,-1.0,0.0816,0.0,0.0,1.0,-18.3342704182655,-20.04546899063699,-2.318e-05,-1.766e-05,1095380.0,17.0,18.3342704182655,190.0,12.24739742804519,237522.73684210525,227826.75789473683,13.521052631578947,12.210526315789474,8208330429.0,8208342191.0,2.7386013196563757,0.5517015486948634
2Z,1777588080000,1.0,12.247397428045192,12.247397428045192,91.14720000000001,3789.4910999999997,0.08165,0.08165,8208347024.0,8208347024.0,0.0,1.0,0.0,3880.6382999999996,,,,,,,,-18.700955826631183,-20.04546899063699,-2.318e-05,-1.82e-05,1095380.0,16.0,18.700955826631183,171.0,12.247397428045192,192622.0701754386,225041.41520467837,11.08187134502924,11.175438596491228,8208344570.0,8208353091.0,2.7386013196563757,0.448639992833227
2Z,1777588140000,9.0,12.247397428045192,12.247397428045192,2781.2272000000003,1067.3197222222223,0.08165,0.08165,8208354532.0,8208366764.0,0.0,9.0,12232.0,3848.5469222222227,1.0,1.0,1.0,0.0817,0.0,0.0,1.0,-13.445789023346657,-19.557511306685427,-2.318e-05,-1.876e-05,1095380.0,17.0,13.445789023346657,186.0,12.247397428045192,191129.32795698923,214872.53225806452,10.543010752688172,11.086021505376344,8208354541.0,8208353084.0,0.0,0.5287706744605324
2Z,1777588200000,8.0,12.247397428045192,12.247397428045192,3640.9512000000004,289.5550125,0.08165,0.08165,8208369283.0,8208375882.0,0.0,8.0,6599.0,3930.5062125000004,1.0,1.0,1.0,0.0817,0.0,0.0,1.0,-14.668133480014072,-19.557511306685427,-2.318e-05,-1.67e-05,1095360.0,17.0,14.668133480014072,203.0,12.247397428045192,257795.94581280788,188670.10344827586,13.793103448275861,11.049261083743842,8208368684.0,8208379862.0,0.0,0.5266052451820248
2Z,1777588260000,130.0,12.247397428045192,12.247397428045192,4124.203975384617,289.5454284615385,0.08165,0.08165,8208384369.0,8208391563.0,0.0,130.0,7194.0,4413.7494038461555,1.0,1.0,1.0,0.0817,0.0,0.0,1.0,-13.445789023346657,-19.557511306685427,-2.318e-05,-1.493e-05,1095360.0,15.0,13.445789023346657,184.0,12.247397428045192,266380.20108695654,188749.0760869565,14.61413043478261,12.043478260869565,8208382510.0,8208379861.0,0.0,0.6221766833518102
2Z,1777588320000,15.0,13.06489119428002,24.509803921567624,1832.1775666666667,3133.1677666666665,0.08165,0.08165,8208393272.0,8208404381.0,0.0,15.0,11109.0,4965.345333333333,2.0,2.0,2.0,0.1634,0.0,0.0,1.0,-13.68992323864482,-19.8014961130391,-2.318e-05,-1.656e-05,1095360.0,18.0,13.68992323864482,231.0,12.247397428045192,212224.316017316,242698.0865800866,12.090909090909092,12.96103896103896,8208380500.0,8208404416.0,0.0,0.5552163469614002
2Z,1777588380000,57.0,19.565767512211355,24.509803921567624,4359.024561403508,8484.498966666666,0.08165,0.08155000000000001,8208405950.0,8208419288.0,-12.247397428045703,57.0,13338.0,12843.523528070175,2.0,2.0,2.0,0.1633,0.0,0.0,1.0,-16.27170069858303,-22.8782558694357,-2.318e-05,-1.816e-05,1095360.0,19.0,16.27170069858303,203.0,15.33424101130118,248153.77339901478,239363.7487684729,13.748768472906404,13.088669950738916,8208405765.0,8208423858.0,5.477202639313254,0.7326527698458024
2Z,1777588440000,21.0,18.09450532716634,24.509803921567624,6085.8533809523815,5045.337447619047,0.08155000000000001,0.08155000000000001,8208424612.0,8208429863.0,0.0,21.0,5251.0,11131.190828571429,2.0,2.0,0.0,0.16310000000000002,0.0,0.0,0.0,-15.170608170106451,-22.8782558694357,-2.318e-05,-1.769e-05,1095360.0,17.0,15.170608170106451,193.0,12.452789606136095,262818.6787564767,273885.725388601,13.093264248704664,12.398963730569948,8208404393.0,8208435241.0,5.477202639313254,0.6008247388047167
2Z,1777588500000,4.0,12.26241569589244,12.26241569589244,5223.885125,287.4972,0.08155000000000001,0.08155000000000001,8208436340.0,8208437552.0,0.0,4.0,1212.0,5511.382325,1.0,1.0,1.0,0.0816,0.0,0.0,1.0,-15.41510680466871,-23.000318089506422,-2.318e-05,-1.726e-05,1095360.0,16.0,15.41510680466871,183.0,12.262415695892438,270889.62841530057,216980.79781420765,14.808743169398907,12.628415300546449,8208436348.0,8208435240.0,5.477202639313254,0.6054215518303266
2Z,1777588560000,12.0,20.44739009904028,24.5398773006142,9929.250225,1577.4572,0.08155000000000001,0.0815,8208451773.0,8208464940.0,-6.131207847946962,12.0,13167.0,11506.707425,2.0,2.0,0.0,0.163,0.0,0.0,0.0,-19.33005456458506,-29.11742396437423,-2.318e-05,-1.686e-05,1095360.0,20.0,19.33005456458506,233.0,20.377132808026136,263861.69527896994,193532.6738197425,14.909871244635193,11.802575107296137,8208436345.0,8208464940.0,5.478043151004694,0.5847064982475
2Z,1777588620000,54.0,15.90073969525869,24.5398773006142,5152.076727777778,1085.440174074074,0.0815,0.08155000000000001,8208466827.0,8208478943.0,6.134969325153339,54.0,12116.0,6237.516901851852,2.0,2.0,2.0,0.163,0.0,0.0,1.0,-21.15767974855461,-26.53882373084604,-2.318e-05,-1.82e-05,1095360.0,19.0,21.15767974855461,222.0,20.33678233683558,271436.8288288288,199428.75675675675,14.68918918918919,11.675675675675675,8208466855.0,8208463138.0,6.986540234559274,0.743430924625704
2Z,1777588680000,3.0,12.262415695892438,12.26241569589244,2111.5835,287.4768,0.08155000000000001,0.08155000000000001,8208488959.0,8208492563.0,0.0,3.0,3604.0,2399.0603,1.0,1.0,-1.0,0.0815,0.0,0.0,1.0,-20.668484841073106,-26.53882373084604,-2.318e-05,-1.895e-05,1095360.0,19.0,20.668484841073106,253.0,12.26241569589244,254781.67984189725,192235.5098814229,12.857707509881424,10.869565217391305,8208467007.0,8208485818.0,4.336748651511769,0.5854469714784828
2Z,1777588740000,2.0,12.26241569589244,12.26241569589244,90.8725,287.5176,0.08155000000000001,0.08155000000000001,8208501371.0,8208501373.0,0.0,2.0,2.0,378.3901,1.0,1.0,1.0,0.0816,0.0,0.0,1.0,-20.423887387332357,-26.53882373084604,-2.318e-05,-1.966e-05,1095360.0,16.0,20.423887387332357,133.0,12.26241569589244,241783.47368421053,177321.57894736843,13.278195488721805,11.24812030075188,8208483764.0,8208493122.0,4.336748651511769,0.5775635211251833
2Z,1777588800000,3.0,12.262415695892438,12.26241569589244,90.84533333333333,287.504,0.08155000000000001,0.08155000000000001,8208509775.0,8208514192.0,0.0,3.0,4417.0,378.34933333333333,2.0,2.0,0.0,0.16310000000000002,0.0,0.0,0.0,-22.502965744127042,-26.53882373084604,-2.318e-05,-2.017e-05,1095326.0,14.0,22.502965744127042,142.0,12.26241569589244,237707.15492957746,177443.31690140846,12.330985915492958,11.380281690140846,8208506677.0,8208514656.0,4.336748651511769,0.49695692097512906
2Z,1777588860000,19.0,20.66436891439835,24.5398773006142,2345.410210526316,3755.3064684210535,0.08155000000000001,0.08145,8208522108.0,8208529590.0,-12.262415695893925,19.0,7482.0,6100.7166789473695,2.0,2.0,0.0,0.16310000000000002,0.0,0.0,0.0,-22.259184971381245,-26.172887823492715,-2.318e-05,-2.094e-05,1095326.0,18.0,22.259184971381245,206.0,12.38197976839252,269709.13106796116,208122.91747572814,14.364077669902912,12.58252427184466,8208519297.0,8208529590.0,6.717431940745987,0.6236912240624405
2Z,1777588920000,30.0,15.54744589690233,24.5398773006142,4613.4671,2497.190146666667,0.0815,0.08145,8208529761.0,8208538281.0,-6.134969325154449,30.0,8520.0,7110.657246666667,2.0,2.0,0.0,0.1629,0.0,0.0,0.0,-18.979979183248926,-26.327067899345725,-2.318e-05,-2.199e-05,1095326.0,17.0,18.979979183248926,187.0,12.605342671477883,272122.9572192513,245219.5026737968,14.72192513368984,13.080213903743315,8208529766.0,8208539002.0,5.484339800672288,0.6132140177601594
2Z,1777588980000,10.0,22.082883156276658,24.5398773006142,9806.086930000001,1804.8312400000002,0.08145,0.0816,8208544947.0,8208551596.0,18.416206261511192,10.0,6649.0,11610.91817,1.0,1.0,1.0,0.0815,0.0,0.0,1.0,-11.624349954115845,-15.295197308045287,-2.318e-05,-2.112e-05,1095326.0,13.0,11.624349954115845,157.0,23.981173092991266,276547.5541401274,232332.2611464968,15.579617834394904,13.700636942675159,8208543739.0,8208540185.0,11.479996401765518,0.6995890303580027
2Z,1777589040000,11.0,24.509803921567627,24.509803921567624,11855.375272727273,2918.9924545454546,0.0816,0.0816,8208552172.0,8208560420.0,0.0,11.0,8248.0,14774.367727272727,1.0,1.0,-1.0,0.0815,0.0,0.0,1.0,-12.959068903124235,-17.849283583548505,-2.318e-05,-2.031e-05,1095326.0,14.0,12.959068903124235,148.0,23.764117040204773,288038.0337837838,206958.33783783784,15.986486486486486,12.554054054054054,8208540322.0,8208551597.0,11.479996401765518,0.7102454059864951
2Z,1777589100000,4.0,12.247397428045192,12.247397428045192,234.49800000000002,638.342525,0.08165,0.08165,8208565223.0,8208574316.0,0.0,4.0,9093.0,872.8405250000001,2.0,2.0,0.0,0.1633,0.0,0.0,0.0,-13.44726837080219,-18.459432036282976,-2.318e-05,-1.885e-05,1095326.0,16.0,13.44726837080219,179.0,12.247397428045192,226928.82681564245,191356.86033519552,11.134078212290502,11.245810055865922,8208565227.0,8208563134.0,11.479996401765518,0.5569632478919609
2Z,1777589160000,2.0,12.247397428045192,12.247397428045192,90.6576,638.36295,0.08165,0.08165,8208582155.0,8208582156.0,0.0,2.0,1.0,729.02055,1.0,1.0,1.0,0.0817,0.0,0.0,1.0,-11.614401858305733,-17.72724494162311,-2.318e-05,-1.735e-05,1095326.0,13.0,11.614401858305733,157.0,12.247397428045192,255547.53503184713,178420.40127388536,13.554140127388536,10.92356687898089,8208569562.0,8208588938.0,9.308984175914729,0.6164082709040213
2Z,1777589220000,2.0,12.247397428045192,12.247397428045192,90.6576,638.36295,0.08165,0.08165,8208590243.0,8208590244.0,0.0,2.0,1.0,729.02055,1.0,1.0,1.0,0.0817,0.0,0.0,1.0,-11.85862562196656,-17.971319241536285,-2.318e-05,-1.616e-05,1095326.0,15.0,11.85862562196656,162.0,12.247397428045192,228460.5185185185,187717.27160493826,11.419753086419753,10.783950617283951,8208589659.0,8208598555.0,8.235977817679256,0.6101975341821481
2Z,1777589280000,12.0,19.400467882599944,24.509803921567624,5190.027416666667,2572.9508666666666,0.08165,0.0816,8208603041.0,8208612284.0,-6.1236987140222965,12.0,9243.0,7762.978283333334,2.0,2.0,2.0,0.1634,0.0,0.0,1.0,-11.85862562196656,-24.084012861106014,-2.318e-05,-1.491e-05,1095326.0,18.0,11.85862562196656,196.0,18.19091077949739,262525.387755102,191818.3826530612,14.38265306122449,12.158163265306122,8208590198.0,8208600009.0,2.7386013196563708,0.6093240837168676
2Z,1777589340000,3.0,20.427341179675896,24.509803921567624,10364.382166666666,4300.933066666667,0.08155000000000001,0.0816,8208620289.0,8208624910.0,6.131207847945852,3.0,4621.0,14665.315233333335,1.0,1.0,1.0,0.0816,0.0,0.0,1.0,-17.117634831941658,-22.86426938266384,-2.318e-05,-1.617e-05,1095326.0,16.0,17.117634831941658,183.0,24.509803921567624,226927.02732240438,230113.1693989071,11.043715846994536,11.60655737704918,8208616709.0,8208626744.0,4.332764254416933,0.6054481472771861
2Z,1777589400000,31.0,20.935718870797196,24.509803921567624,6190.140287096775,4385.5768,0.0816,0.08165,8208631492.0,8208639400.0,6.127450980391025,31.0,7908.0,10575.717087096775,1.0,1.0,1.0,0.0816,0.0,0.0,1.0,-18.32598257809891,-24.5568166546521,-2.318e-05,-1.638e-05,1095298.0,16.0,18.32598257809891,180.0,19.39996788659991,262571.2555555556,215301.6,14.311111111111112,12.855555555555556,8208615283.0,8208639400.0,5.126146311096663,0.7118089383097613
2Z,1777589460000,20.0,12.247397428045192,12.247397428045192,4643.880480000001,287.83727,0.08165,0.08165,8208641245.0,8208650348.0,0.0,20.0,9103.0,4931.717750000001,2.0,2.0,2.0,0.1634,0.0,0.0,1.0,-18.082298895514764,-24.19118365751194,-2.318e-05,-1.634e-05,1095298.0,15.0,18.082298895514764,185.0,12.247397428045192,269726.72432432434,232507.12972972973,14.881081081081081,12.32972972972973,8208639181.0,8208639119.0,5.126146311096663,0.6683981702332561
2Z,1777589520000,1.0,12.247397428045192,12.247397428045192,3978.5712000000003,287.8291,0.08165,0.08165,8208660829.0,8208660829.0,0.0,1.0,0.0,4266.4003,,,,,,,,-18.082298895514764,-24.19118365751194,-2.318e-05,-1.638e-05,1095298.0,13.0,18.082298895514764,135.0,12.247397428045192,288831.9259259259,218475.8962962963,13.303703703703704,11.22962962962963,8208640077.0,8208653709.0,5.126146311096663,0.4925616734415068
2Z,1777589580000,352.0,12.282404576932304,24.5398773006142,176.4443,7003.648664772726,0.08165,0.08155000000000001,8208666792.0,8208682258.0,-12.247397428045703,352.0,15466.0,7180.092964772726,4.0,1112.0,-1108.0,90.73940000000002,0.0,0.0,0.9964028776978417,-16.638935108152737,-22.756190662621805,-2.318e-05,-1.637e-05,1095298.0,15.0,16.638935108152737,174.0,12.251626710369992,238261.183908046,230948.19540229885,12.931034482758621,12.132183908045977,8208665072.0,8208684551.0,7.5022677169719945,0.7029540542659096
2Z,1777589640000,3.0,12.262415695892438,12.26241569589244,3887.9303333333337,548.9504000000001,0.08155000000000001,0.08155000000000001,8208687787.0,8208695844.0,0.0,3.0,8057.0,4436.880733333333,2.0,2.0,0.0,0.16310000000000002,0.0,0.0,0.0,-17.37598198771484,-21.046964097795634,-2.318e-05,-1.588e-05,1095298.0,17.0,17.37598198771484,202.0,12.26241569589244,258200.58910891088,239641.26237623763,12.836633663366337,13.009900990099009,8208665056.0,8208696302.0,6.70920357369567,0.526615043504552
2Z,1777589700000,3.0,12.262415695892438,12.26241569589244,3887.7945,548.9504000000001,0.08155000000000001,0.08155000000000001,8208699689.0,8208699819.0,0.0,3.0,130.0,4436.7449,2.0,2.0,0.0,0.16310000000000002,0.0,0.0,0.0,-14.073303555037645,-20.192131187664256,-2.318e-05,-1.52e-05,1095298.0,19.0,14.073303555037645,220.0,12.26241569589244,253716.52727272728,230820.45909090908,12.668181818181818,11.545454545454545,8208686069.0,8208709380.0,5.477202639313251,0.5059419827325562
2Z,1777589760000,5.0,12.26241569589244,12.26241569589244,4503.3803,548.9232000000001,0.08155000000000001,0.08155000000000001,8208714518.0,8208721177.0,0.0,5.0,6659.0,5052.3035,,,,,,,,-16.39464604693215,-22.51205128832598,-2.318e-05,-1.479e-05,1095298.0,19.0,16.39464604693215,212.0,12.26241569589244,265780.3113207547,235340.87735849057,13.24056603773585,12.372641509433961,8208710703.0,8208721235.0,5.477202639313251,0.5247057703721123
2Z,1777589820000,15.0,18.81139889475169,24.5398773006142,7749.6386999999995,745.7967933333334,0.08155000000000001,0.0815,8208722973.0,8208734297.0,-6.131207847946962,15.0,11324.0,8495.435493333332,2.0,2.0,0.0,0.163,0.0,0.0,0.0,-20.065089191768113,-28.62945652971812,-2.318e-05,-1.48e-05,1095298.0,19.0,20.065089191768113,212.0,21.528424454173013,273177.1037735849,228554.9245283019,13.94811320754717,12.330188679245284,8208722980.0,8208736427.0,5.478043151004691,0.5921084310366066
2Z,1777589880000,3.0,20.452408480745166,24.5398773006142,7200.3998,1649.9791666666667,0.0815,0.0815,8208737227.0,8208741794.0,0.0,3.0,4567.0,8850.378966666667,1.0,1.0,1.0,0.0815,0.0,0.0,1.0,-20.065089191768113,-28.62945652971812,-2.318e-05,-1.528e-05,1095298.0,13.0,20.065089191768113,140.0,24.5398773006142,196647.48571428572,137965.88571428572,12.635714285714286,8.7,8208737232.0,8208732485.0,2.7419595064379108,0.5764633094814168
2Z,1777589940000,6.0,22.496142890679682,24.5398773006142,7130.734966666667,1996.1671833333337,0.08145,0.0815,8208757059.0,8208765197.0,6.138735420504471,6.0,8138.0,9126.90215,2.0,2.0,0.0,0.1629,0.0,0.0,0.0,-19.820392982112153,-28.62945652971812,-2.318e-05,-1.604e-05,1095298.0,18.0,19.820392982112153,204.0,24.5398773006142,185741.6568627451,152760.29901960783,11.926470588235293,10.5,8208753792.0,8208765212.0,4.338080534776086,0.543077625110581
2Z,1777590000000,123.0,21.046413064678045,24.5398773006142,5521.881477235772,981.2599016260162,0.0815,0.08155000000000001,8208765954.0,8208784782.0,6.134969325153339,123.0,18828.0,6503.141378861788,2.0,2.0,0.0,0.163,0.0,0.0,0.0,-15.903696997870279,-23.48853710454818,-1.613e-05,-5e-06,1095262.0,19.0,15.903696997870279,217.0,16.618934329825965,184289.78341013825,150873.01843317974,12.09216589861751,10.926267281105991,8208725294.0,8208784782.0,5.132435514221717,0.6574212494820886
2Z,1777590060000,9.0,12.26241569589244,12.26241569589244,2562.061166666667,350.07306666666665,0.08155000000000001,0.08155000000000001,8208785365.0,8208798631.0,0.0,9.0,13266.0,2912.1342333333337,2.0,2.0,0.0,0.16310000000000002,0.0,0.0,0.0,-14.55799955958921,-23.48853710454818,-1.613e-05,-5.78e-06,1095262.0,19.0,14.55799955958921,217.0,12.26241569589244,178953.11520737328,172910.71889400922,10.709677419354838,10.331797235023041,8208785601.0,8208798925.0,5.132435514221717,0.538430420711974
2Z,1777590120000,5.0,12.26241569589244,12.26241569589244,2623.1753,350.09664000000004,0.08155000000000001,0.08155000000000001,8208799595.0,8208804055.0,0.0,5.0,4460.0,2973.27194,2.0,2.0,2.0,0.1632,0.0,0.0,1.0,-13.946830766219673,-23.12237732294359,-1.613e-05,-6.3e-06,1095262.0,19.0,13.946830766219673,220.0,12.26241569589244,232699.8,222642.82272727272,10.936363636363636,11.104545454545455,8208799374.0,8208798919.0,3.3612927404055344,0.5735826026584249
2Z,1777590180000,3.0,12.262415695892438,12.26241569589244,2569.504833333333,350.0912,0.08155000000000001,0.08155000000000001,8208812106.0,8208812118.0,0.0,3.0,12.0,2919.596033333333,1.0,1.0,1.0,0.0816,0.0,0.0,1.0,-12.233613075284307,-23.48853710454818,-1.613e-05,-6.45e-06,1095262.0,13.0,12.233613075284307,137.0,12.26241569589244,271755.6715328467,234841.69343065695,14.437956204379562,12.357664233576642,8208799520.0,8208824041.0,3.3612927404055344,0.5541637271699085
2Z,1777590240000,14.0,12.26241569589244,12.26241569589244,1786.7419642857144,582.3442285714285,0.08155000000000001,0.08155000000000001,8208827831.0,8208836907.0,0.0,14.0,9076.0,2369.086192857143,2.0,2.0,0.0,0.16310000000000002,0.0,0.0,0.0,-14.313327298083252,-23.48853710454818,-1.613e-05,-8.41e-06,1095262.0,19.0,14.313327298083252,220.0,12.26241569589244,249619.4090909091,246954.72727272726,13.45,12.886363636363637,8208827833.0,8208825933.0,2.743641690183765,0.5128470005934984
2Z,1777590300000,7.0,12.26241569589244,12.26241569589244,2234.590285714286,350.08731428571434,0.08155000000000001,0.08155000000000001,8208841474.0,8208850839.0,0.0,7.0,9365.0,2584.6776000000004,2.0,2.0,2.0,0.1632,0.0,0.0,1.0,-16.874747795888826,-28.00229887868609,-1.613e-05,-1.28e-05,1095262.0,20.0,16.874747795888826,234.0,12.26241569589244,251402.71794871794,239215.07692307694,13.123931623931623,12.448717948717949,8208827821.0,8208854248.0,0.0,0.5249255327487934
2Z,1777590360000,29.0,21.5354300562337,24.509803921567624,5681.819862068966,4453.63665862069,0.0816,0.08165,8208857623.0,8208865978.0,6.127450980391025,29.0,8355.0,10135.456520689655,,,,,,,,-14.665803013823616,-21.143199344928256,-1.613e-05,-1.119e-05,1095262.0,15.0,14.665803013823616,174.0,18.37869036836347,272812.2988505747,225748.87931034484,13.89655172413793,12.885057471264368,8208839886.0,8208865980.0,2.7402793841904023,0.571293994468147
2Z,1777590420000,24.0,12.247397428045192,12.247397428045192,4297.753000000001,287.8359083333333,0.08165,0.08165,8208867907.0,8208875426.0,0.0,24.0,7519.0,4585.588908333334,2.0,2.0,2.0,0.1634,0.0,0.0,1.0,-14.299157938477688,-21.143199344928256,-1.613e-05,-7.19e-06,1095262.0,19.0,14.299157938477688,232.0,12.247397428045192,257922.41379310345,230849.55172413794,12.991379310344827,12.306034482758621,8208854248.0,8208877511.0,2.7402793841904023,0.6267301038062283
2Z,1777590480000,6.0,12.247397428045192,12.247397428045192,4135.8008,287.85633333333334,0.08165,0.08165,8208880264.0,8208887579.0,0.0,6.0,7315.0,4423.657133333333,2.0,2.0,2.0,0.1634,0.0,0.0,1.0,-15.032448089169547,-21.143199344928256,-1.613e-05,-4.07e-06,1095262.0,19.0,15.032448089169547,234.0,12.247397428045192,261248.86752136753,223629.13247863247,12.7991452991453,11.136752136752136,8208879439.0,8208888634.0,2.7402793841904023,0.5684524809352639
2Z,1777590540000,43.0,22.233669184039478,24.5398773006142,6460.394660465116,7653.055120930233,0.08165,0.0815,8208891451.0,8208907265.0,-18.37109614206911,43.0,15814.0,14113.44978139535,2.0,2.0,0.0,0.1632,0.0,0.0,0.0,-14.804482944256364,-28.385454901384538,-1.613e-05,-1.054e-05,1095262.0,19.0,14.804482944256364,218.0,21.25794834390089,281382.63302752294,243972.20183486238,14.623853211009175,13.256880733944953,8208880268.0,8208907216.0,9.287914992198527,0.6727836194443512
2Z,1777590600000,20.0,22.08513773692558,24.5398773006142,12591.136265000001,929.7544750000001,0.0815,0.08155000000000001,8208911682.0,8208922730.0,6.134969325153339,20.0,11048.0,13520.89074,1.0,1.0,1.0,0.0815,0.0,0.0,1.0,-17.982531255351255,-23.97670834046947,-1.613e-05,-1.278e-05,1095232.0,19.0,17.982531255351255,178.0,23.09141272927062,287445.3314606742,259369.91011235956,14.825842696629213,13.544943820224718,8208911682.0,8208922737.0,10.065007370882366,0.7387431271766274
2Z,1777590660000,8.0,18.40114649825332,24.5398773006142,7383.3334125,2213.4102000000003,0.0815,0.0815,8208924858.0,8208932889.0,0.0,8.0,8031.0,9596.7436125,2.0,2.0,0.0,0.16310000000000002,0.0,0.0,0.0,-18.104861399945605,-30.09321557018034,-1.613e-05,-1.637e-05,1095232.0,17.0,18.104861399945605,201.0,14.644609738599648,260857.57711442787,266200.2139303483,12.92039800995025,14.626865671641792,8208923570.0,8208922729.0,9.289650991638352,0.5981120032250479
2Z,1777590720000,22.0,13.378548569048963,24.5398773006142,3024.5267045454543,550.6776000000001,0.0815,0.08155000000000001,8208937763.0,8208944936.0,6.134969325153339,22.0,7173.0,3575.2043045454543,2.0,2.0,0.0,0.16310000000000002,0.0,0.0,0.0,-14.434957062118405,-23.97670834046947,-1.613e-05,-1.735e-05,1095232.0,19.0,14.434957062118405,238.0,14.016338782281263,243433.90756302522,254971.8949579832,11.373949579831933,13.222689075630251,8208923569.0,8208946342.0,10.066380259984637,0.6273459983650799
2Z,1777590780000,,,,,,,,,,,,,,,,,,,,,-12.600004893206501,-23.97670834046947,-1.613e-05,-1.537e-05,1095232.0,15.0,12.600004893206501,200.0,12.26241569589244,223070.75,195904.98,10.315,11.25,8208952029.0,8208946342.0,11.596936952164985,0.40631683855723894
2Z,1777590840000,6.0,12.262415695892438,12.26241569589244,5587.4634166666665,350.1592,0.08155000000000001,0.08155000000000001,8208964338.0,8208973502.0,0.0,6.0,9164.0,5937.6226166666665,2.0,2.0,0.0,0.16310000000000002,0.0,0.0,0.0,-12.597693276746355,-25.806925062071507,-1.613e-05,-1.016e-05,1095232.0,19.0,12.597693276746355,183.0,12.262415695892438,249601.93989071038,178474.31147540984,12.147540983606557,11.202185792349727,8208951398.0,8208973502.0,3.5420261913473716,0.4905572166045173
2Z,1777590900000,23.0,19.70495645633269,36.74219228413897,9736.788282608695,4576.9201826086955,0.08155000000000001,0.0817,8208975227.0,8208986358.0,18.393623543835336,23.0,11131.0,14313.70846521739,3.0,4293.0,4293.0,350.3088,0.0,0.0,1.0,-15.397587711258705,-16.008603096626718,-1.613e-05,-8.59e-06,1095232.0,18.0,15.397587711258705,194.0,14.403607488845488,280626.3969072165,213136.84536082475,14.788659793814434,12.603092783505154,8208975227.0,8208986511.0,8.670837496262118,0.7299218373814402
2Z,1777590960000,5.0,22.03332281486161,24.479804161565713,15181.418880000001,5094.160419999999,0.08165,0.0817,8208990975.0,8208997072.0,6.1236987140222965,5.0,6097.0,20275.5793,2.0,2.0,0.0,0.1633,0.0,0.0,0.0,-13.19083969465612,-21.37404580152775,-1.613e-05,-1.075e-05,1095232.0,13.0,13.19083969465612,161.0,24.479804161565713,300187.49689440994,265439.5155279503,13.838509316770187,14.788819875776397,8208987971.0,8208986969.0,7.715183661899931,0.5694505100726756
2Z,1777591020000,5.0,22.03332281486161,24.479804161565713,10383.812160000001,5164.21394,0.0817,0.0817,8209001910.0,8209009700.0,0.0,5.0,7790.0,15548.026100000001,2.0,2.0,0.0,0.1633,0.0,0.0,0.0,-15.145038167938823,-21.37404580152775,-1.613e-05,-1.308e-05,1095232.0,19.0,15.145038167938823,226.0,24.479804161565717,264714.33628318587,266499.796460177,13.557522123893806,14.783185840707965,8208988424.0,8209010842.0,8.670838105176482,0.580214667248967
2Z,1777591080000,4.0,21.421702478185583,24.479804161565713,10490.9652,4841.455674999999,0.08165,0.0817,8209016863.0,8209024751.0,6.1236987140222965,4.0,7888.0,15332.420875,2.0,2.0,0.0,0.1633,0.0,0.0,0.0,-15.511071485276952,-21.617792542473524,-1.613e-05,-1.524e-05,1095232.0,18.0,15.511071485276952,236.0,24.479804161565713,277477.03813559323,239103.85169491524,12.622881355932204,12.588983050847459,8208999490.0,8209026222.0,7.5091664935719225,0.5645163548000582
2Z,1777591140000,,,,,,,,,,,,,,,,,,,,,-15.755532756852325,-21.495920660512176,-1.613e-05,-1.722e-05,1095232.0,8.0,15.755532756852325,50.0,24.479804161565713,257221.66,256393.74,13.52,13.3,8209014679.0,8209026220.0,7.715929786331083,0.3928707405292214
2Z,1777591200000,9.0,21.76149155411671,24.479804161565713,13419.355733333336,5020.765822222222,0.08165,0.0817,8209037774.0,8209043594.0,6.1236987140222965,9.0,5820.0,18440.121555555557,2.0,2.0,2.0,0.1634,0.0,0.0,1.0,-16.85455011785962,-21.617792542473524,-1.613e-05,-1.9e-05,1095198.0,19.0,16.85455011785962,220.0,24.479804161565713,248962.8818181818,267447.14090909093,12.727272727272727,14.672727272727272,8209037713.0,8209036445.0,3.0618493570111416,0.6186282908366088
2Z,1777591260000,7.0,20.984830809131278,24.479804161565713,9901.11085714286,4610.914057142857,0.08165,0.0817,8209050614.0,8209060661.0,6.1236987140222965,7.0,10047.0,14512.024914285717,2.0,2.0,2.0,0.1634,0.0,0.0,1.0,-17.343087802435754,-21.617792542473524,-1.613e-05,-2.061e-05,1095198.0,17.0,17.343087802435754,199.0,24.47980416156571,255260.61809045225,301135.92462311557,13.301507537688442,12.542713567839195,8209037918.0,8209060668.0,3.0618493570111416,0.6082350701559892
2Z,1777591320000,3.0,20.402335250392206,24.479804161565713,10649.1536,6636.842966666666,0.08165,0.0817,8209066089.0,8209066122.0,6.1236987140222965,3.0,33.0,17285.996566666665,1.0,1.0,1.0,0.0817,0.0,0.0,1.0,-16.976684539003656,-21.617792542473524,-1.613e-05,-2.186e-05,1095198.0,10.0,16.976684539003656,127.0,24.479804161565713,284443.94488188974,247913.7874015748,12.220472440944881,13.204724409448819,8209054630.0,8209072940.0,0.0,0.521585704527385
2Z,1777591380000,3.0,20.402335250392206,24.479804161565713,9954.6016,6636.842966666666,0.08165,0.0817,8209074109.0,8209079207.0,6.1236987140222965,3.0,5098.0,16591.444566666665,2.0,2.0,0.0,0.1633,0.0,0.0,0.0,-16.854755972446043,-21.495920660512176,-1.613e-05,-2.311e-05,1095198.0,14.0,16.854755972446043,138.0,24.479804161565713,229550.07246376813,276963.03623188403,11.065217391304348,14.166666666666666,8209062055.0,8209069098.0,0.0,0.4321886093100861
2Z,1777591440000,6.0,20.402335250392206,24.479804161565713,7621.2224000000015,5470.1840999999995,0.08165,0.0817,8209084828.0,8209088284.0,6.1236987140222965,6.0,3456.0,13091.406500000001,2.0,2.0,2.0,0.1634,0.0,0.0,1.0,-16.976684539003656,-21.617792542473524,-1.613e-05,-2.467e-05,1095198.0,17.0,16.976684539003656,206.0,24.479804161565713,218844.8786407767,254822.5922330097,10.179611650485437,13.606796116504855,8209084228.0,8209093284.0,0.0,0.5425849094634999
2Z,1777591500000,13.0,22.59789543333179,24.479804161565713,6653.858584615386,8554.983769230768,0.0817,0.0817,8209096057.0,8209100791.0,0.0,13.0,4734.0,15208.842353846154,2.0,2.0,2.0,0.1634,0.0,0.0,1.0,-17.83053662587545,-22.22710730075006,-1.613e-05,-2.592e-05,1095198.0,19.0,17.83053662587545,225.0,24.479804161565713,256204.67555555556,298864.05333333334,14.346666666666666,15.622222222222222,8209084226.0,8209093282.0,2.7386013196563743,0.6299719488023651
2Z,1777591560000,14.0,23.606060823457106,24.479804161565713,5900.239542857143,10986.482035714285,0.0817,0.0817,8209108057.0,8209117172.0,0.0,14.0,9115.0,16886.72157857143,1.0,1.0,1.0,0.0817,0.0,0.0,1.0,-18.319044478639672,-22.22710730075006,-1.613e-05,-2.728e-05,1095198.0,16.0,18.319044478639672,192.0,24.479804161565713,246047.94791666666,286138.1614583333,12.463541666666666,14.223958333333334,8209095834.0,8209117172.0,3.3540879210353847,0.6480680507497115
2Z,1777591620000,14.0,22.732317485348496,24.479804161565713,5480.576571428572,11725.613357142856,0.08165,0.0817,8209120553.0,8209128434.0,6.1236987140222965,14.0,7881.0,17206.189928571428,2.0,2.0,0.0,0.1633,0.0,0.0,0.0,-19.540314110548533,-22.22710730075006,-1.613e-05,-2.853e-05,1095198.0,19.0,19.540314110548533,205.0,24.479804161565713,273945.60487804876,279611.7463414634,14.239024390243902,15.331707317073171,8209108058.0,8209128436.0,3.3540879210353847,0.5589215126370365
2Z,1777591680000,13.0,23.53884979744875,24.479804161565713,5592.154707692308,7619.651115384616,0.0817,0.0817,8209129603.0,8209136351.0,0.0,13.0,6748.0,13211.805823076924,2.0,2.0,0.0,0.1633,0.0,0.0,0.0,-16.732415696717283,-21.617792542473524,-1.613e-05,-2.913e-05,1095198.0,16.0,16.732415696717283,189.0,24.479804161565713,268042.0,260067.80952380953,14.43915343915344,14.243386243386244,8209129608.0,8209128404.0,3.3540879210353847,0.5534232539389257
2Z,1777591740000,3.0,20.402335250392206,24.479804161565713,6454.777600000001,3017.6837666666665,0.08165,0.0817,8209142614.0,8209148302.0,6.1236987140222965,3.0,5688.0,9472.461366666668,2.0,2.0,0.0,0.1633,0.0,0.0,0.0,-16.976684539003656,-21.617792542473524,-1.613e-05,-2.874e-05,1095198.0,16.0,16.976684539003656,173.0,24.479804161565713,217369.5202312139,217583.96531791906,10.086705202312139,10.624277456647398,8209129607.0,8209139461.0,3.3540879210353847,0.4971794828725322
2Z,1777591800000,25.0,21.527263358484134,24.479804161565713,7840.357148000001,4113.414708,0.0817,0.0818,8209154996.0,8209163552.0,12.23990208078396,25.0,8556.0,11953.771856000001,1.0,1.0,1.0,0.0818,0.0,0.0,1.0,-14.762758805802145,-19.88702219294029,-1.613e-05,-2.803e-05,1095158.0,15.0,14.762758805802145,189.0,23.80645967295805,287602.90476190473,252564.49206349207,15.984126984126984,14.142857142857142,8209154599.0,8209164972.0,5.120766724339262,0.6988541561684639
2Z,1777591860000,12.0,13.236838214098862,24.44987775061195,1449.4006499999998,1256.407425,0.0818,0.08185,8209167484.0,8209178801.0,6.112469437653534,12.0,11317.0,2705.808075,2.0,2.0,0.0,0.1637,0.0,0.0,0.0,-15.360983102918722,-21.456611318361936,-1.613e-05,-2.685e-05,1095158.0,19.0,15.360983102918722,221.0,12.881674065883518,241953.50226244345,200065.0452488688,11.986425339366516,12.289592760180996,8209167485.0,8209180744.0,4.327461309418221,0.542964244521338
2Z,1777591920000,13.0,12.217470983506765,12.217470983506765,1297.0900153846155,586.5552,0.08185,0.08185,8209183089.0,8209193559.0,0.0,13.0,10470.0,1883.6452153846155,1.0,1.0,-1.0,0.0818,0.0,0.0,1.0,-12.0742014562221,-17.44051321454153,-1.613e-05,-2.462e-05,1095158.0,19.0,12.0742014562221,241.0,12.217470983506765,272388.74273858924,187554.47302904565,14.639004149377593,11.547717842323651,8209167485.0,8209193559.0,5.120096891385098,0.6365732186649645
2Z,1777591980000,1.0,12.217470983506765,12.217470983506765,637.9582,290.4174,0.08185,0.08185,8209204495.0,8209204495.0,0.0,1.0,0.0,928.3756000000001,,,,,,,,-10.732885316679987,-17.197009427862614,-1.613e-05,-2.215e-05,1095158.0,16.0,10.732885316679987,147.0,12.217470983506765,241871.68707482994,174103.3469387755,12.197278911564625,10.714285714285714,8209182929.0,8209193484.0,5.120096891385098,0.4749456892979922
2Z,1777592040000,13.0,18.804151550409557,24.44987775061195,6891.8893461538455,2076.7383,0.08185,0.0818,8209209427.0,8209225298.0,-6.108735491754391,13.0,15871.0,8968.627646153845,2.0,2.0,0.0,0.1637,0.0,0.0,0.0,-10.36699149906549,-17.197009427862614,-1.613e-05,-2.002e-05,1095158.0,16.0,10.36699149906549,184.0,12.549873341308537,291664.01630434784,207506.94565217392,15.86413043478261,12.842391304347826,8209209439.0,8209225314.0,6.9733924715820566,0.5830855757494318
2Z,1777592100000,12.0,12.232415902141023,12.232415902141025,5854.894333333334,1929.3007166666666,0.08174999999999999,0.08174999999999999,8209228159.0,8209239155.0,0.0,12.0,10996.0,7784.19505,2.0,2.0,0.0,0.16349999999999998,0.0,0.0,0.0,-15.741305674190391,-24.405125076265023,-1.613e-05,-2.087e-05,1095158.0,18.0,15.741305674190391,211.0,12.232415902141026,285002.3886255924,249648.76303317535,16.417061611374407,13.42654028436019,8209227810.0,8209239394.0,4.320848560930994,0.5393010716565324
2Z,1777592160000,3.0,12.232415902141023,12.232415902141025,1400.2290666666668,2570.9194666666663,0.08174999999999999,0.08174999999999999,8209243214.0,8209248677.0,0.0,3.0,5463.0,3971.148533333333,2.0,2.0,0.0,0.16349999999999998,0.0,0.0,0.0,-15.7464936586783,-21.117390720553765,-1.613e-05,-2.153e-05,1095158.0,16.0,15.7464936586783,171.0,12.232415902141025,243177.00584795323,222240.23976608188,14.994152046783626,10.941520467836257,8209240079.0,8209237832.0,2.7319095632256802,0.45884004658402483
2Z,1777592220000,4.0,12.232415902141025,12.232415902141025,811.669075,2570.9126499999998,0.08174999999999999,0.08174999999999999,8209254728.0,8209259817.0,0.0,4.0,5089.0,3382.581725,2.0,2.0,0.0,0.16349999999999998,0.0,0.0,0.0,-15.990625343309235,-21.117390720553765,-1.613e-05,-2.198e-05,1095158.0,14.0,15.990625343309235,158.0,12.232415902141025,237968.81012658228,243710.3987341772,14.449367088607595,12.943037974683545,8209254034.0,8209261212.0,2.7319095632256802,0.4670020492491685
2Z,1777592280000,5.0,12.232415902141025,12.232415902141025,1088.86492,2570.92492,0.08174999999999999,0.08174999999999999,8209261678.0,8209268102.0,0.0,5.0,6424.0,3659.78984,2.0,2.0,2.0,0.1636,0.0,0.0,1.0,-15.014098604787193,-21.117390720553765,-1.613e-05,-2.241e-05,1095158.0,16.0,15.014098604787193,179.0,12.232415902141025,181223.97765363127,230368.45810055867,9.955307262569832,11.782122905027933,8209251026.0,8209260957.0,2.7319095632256802,0.5617980201789453
2Z,1777592340000,20.0,23.255065335623243,24.479804161565713,5958.02598,5821.6364699999995,0.08174999999999999,0.0817,8209273551.0,8209284511.0,-6.116207951070152,20.0,10960.0,11779.66245,1.0,1.0,1.0,0.0818,0.0,0.0,1.0,-16.12351590364895,-20.520838422827172,-1.613e-05,-2.305e-05,1095158.0,15.0,16.12351590364895,185.0,20.11046564739258,255291.2864864865,255882.14594594596,14.562162162162162,14.243243243243244,8209261212.0,8209284598.0,2.7352513486235086,0.6486671481842308
2Z,1777592400000,18.0,23.12064785784121,24.479804161565713,10004.971466666668,9217.523922222223,0.0817,0.0817,8209285463.0,8209294319.0,0.0,18.0,8856.0,19222.495388888892,2.0,2.0,2.0,0.1634,0.0,0.0,1.0,-15.024185273855245,-20.520838422827172,-1.613e-05,-2.349e-05,1095132.0,19.0,15.024185273855245,223.0,24.479804161565713,291611.9147982063,254518.13004484304,16.798206278026907,13.748878923766815,8209285467.0,8209294319.0,2.7352513486235086,0.641784526489065
2Z,1777592460000,23.0,21.820585306452557,24.479804161565713,6430.842782608696,9059.171665217391,0.08165,0.08165,8209297610.0,8209306400.0,0.0,23.0,8790.0,15490.014447826088,2.0,2.0,2.0,0.1634,0.0,0.0,1.0,-15.272958310933008,-23.703631298567974,-1.613e-05,-2.37e-05,1095132.0,17.0,15.272958310933008,191.0,20.124811188375162,272873.387434555,263015.6596858639,14.905759162303665,14.282722513089006,8209297293.0,8209307186.0,2.7352513486235086,0.6519047938992845
2Z,1777592520000,26.0,20.24550952303938,24.479804161565713,5501.271138461539,9375.089180769231,0.08165,0.0817,8209312352.0,8209317743.0,6.1236987140222965,26.0,5391.0,14876.360319230771,1.0,1.0,1.0,0.0817,0.0,0.0,1.0,-15.395518193592668,-23.459837247378818,-1.613e-05,-2.339e-05,1095132.0,19.0,15.395518193592668,223.0,14.551258785927981,277522.9955156951,253453.5201793722,15.10762331838565,13.856502242152466,8209307259.0,8209317743.0,4.327460988228145,0.6867714247320857
2Z,1777592580000,31.0,20.139272739993913,24.479804161565713,5738.564748387097,9191.97787419355,0.0817,0.08165,8209318318.0,8209327970.0,-6.11995104039087,31.0,9652.0,14930.542622580648,2.0,2.0,2.0,0.1634,0.0,0.0,1.0,-15.88426480291186,-23.459837247378818,-1.613e-05,-2.304e-05,1095132.0,19.0,15.88426480291186,212.0,13.228297967997309,267972.5188679245,242104.53773584907,14.297169811320755,13.330188679245284,8209318350.0,8209328027.0,5.12076781959942,0.7073632994031421
2Z,1777592640000,6.0,12.247397428045192,12.247397428045192,5213.301600000001,287.85633333333334,0.08165,0.08165,8209329510.0,8209335326.0,0.0,6.0,5816.0,5501.157933333334,2.0,2.0,2.0,0.1634,0.0,0.0,1.0,-14.784584931941561,-23.459837247378818,-1.613e-05,-2.272e-05,1095132.0,16.0,14.784584931941561,175.0,12.247397428045193,271776.40571428573,230911.95428571428,14.548571428571428,12.28,8209329512.0,8209342388.0,4.328784005580781,0.5997091297969788
2Z,1777592700000,10.0,12.247397428045192,12.247397428045192,4537.94736,287.84543999999994,0.08165,0.08165,8209345868.0,8209359019.0,0.0,10.0,13151.0,4825.7928,2.0,2.0,2.0,0.1634,0.0,0.0,1.0,-15.641229302865902,-22.606464226798384,-1.613e-05,-2.227e-05,1095132.0,17.0,15.641229302865902,191.0,12.247397428045193,261538.86387434555,227943.38743455498,13.963350785340314,12.287958115183246,8209343054.0,8209350357.0,4.328784005580781,0.6208945028611101
2Z,1777592760000,25.0,21.544026545520786,24.479804161565713,4784.883648,9854.710612,0.08165,0.0817,8209363031.0,8209373870.0,6.1236987140222965,25.0,10839.0,14639.594260000002,1.0,1.0,1.0,0.0817,0.0,0.0,1.0,-14.052838673412516,-16.37461201945513,-1.613e-05,-2.165e-05,1095132.0,18.0,14.052838673412516,213.0,17.760594829068527,282877.95774647885,259165.25352112675,15.582159624413146,14.178403755868544,8209361194.0,8209373871.0,5.122110228467943,0.6975299828669331
2Z,1777592820000,15.0,23.664310379331013,24.479804161565713,7945.9632,7942.131046666666,0.0817,0.0817,8209375880.0,8209377956.0,0.0,15.0,2076.0,15888.094246666667,1.0,1.0,1.0,0.0817,0.0,0.0,1.0,-14.416439628103886,-18.448155795286358,-1.613e-05,-2.137e-05,1095132.0,19.0,14.416439628103886,242.0,24.479804161565713,280859.86363636365,294346.0991735537,12.938016528925619,14.685950413223141,8209360428.0,8209384137.0,4.328784005580781,0.6645894222909038
2Z,1777592880000,19.0,18.033810340815876,24.479804161565713,6260.462178947369,4455.366157894737,0.0817,0.08174999999999999,8209392557.0,8209397860.0,6.11995104039087,19.0,5303.0,10715.828336842105,,,,,,,,-14.40869405946555,-17.705598632394207,-1.613e-05,-2.08e-05,1095132.0,17.0,14.40869405946555,175.0,20.84058022162238,266801.71428571426,244436.64571428573,13.982857142857142,14.217142857142857,8209377910.0,8209384125.0,3.3530618401377263,0.557989272236593
2Z,1777592940000,19.0,12.232415902141025,12.232415902141025,1430.6400999999998,2224.477810526316,0.08174999999999999,0.08174999999999999,8209400410.0,8209411032.0,0.0,19.0,10622.0,3655.1179105263154,2.0,2.0,2.0,0.1636,0.0,0.0,1.0,-11.478252375020986,-17.58370576598913,-1.613e-05,-2.011e-05,1095132.0,19.0,11.478252375020986,209.0,12.232415902141025,268689.65071770333,198811.17224880384,14.16267942583732,12.023923444976077,8209399485.0,8209411220.0,3.3530618401377263,0.6211338618828456
2Z,1777593000000,19.0,18.01963467246936,24.44987775061195,3374.167,5831.432610526316,0.08174999999999999,0.08174999999999999,8209412349.0,8209421246.0,0.0,19.0,8897.0,9205.599610526317,1.0,1.0,-1.0,0.0817,0.0,0.0,1.0,-11.725763701432603,-14.779347998680377,-1.613e-05,-1.858e-05,1095094.0,16.0,11.725763701432603,180.0,15.286781364258756,247286.35,226355.72777777776,15.083333333333334,12.455555555555556,8209412327.0,8209411220.0,3.3530618401377263,0.6400656207657248
2Z,1777593060000,16.0,21.418893442078552,24.479804161565713,5320.07895,3800.5762562499995,0.08174999999999999,0.0817,8209424209.0,8209434508.0,-6.116207951070152,16.0,10299.0,9120.65520625,2.0,2.0,2.0,0.16349999999999998,0.0,0.0,1.0,-13.073812054787334,-17.472477792847798,-1.613e-05,-1.757e-05,1095094.0,16.0,13.073812054787334,181.0,19.13425900966212,255549.9447513812,256511.72375690608,14.790055248618785,14.464088397790055,8209424216.0,8209434740.0,4.3261356207177375,0.6618108979742668
2Z,1777593120000,9.0,23.12064785784121,24.479804161565713,11182.908266666667,4891.192833333333,0.0817,0.0817,8209436727.0,8209447677.0,0.0,9.0,10950.0,16074.1011,2.0,164.0,162.0,13.3987,0.0,0.0,0.9878048780487805,-11.974145620273069,-17.472477792847798,-1.613e-05,-1.688e-05,1095094.0,20.0,11.974145620273069,235.0,24.479804161565713,247076.65106382978,255811.25106382978,12.902127659574468,14.251063829787235,8209424334.0,8209447793.0,4.3261356207177375,0.5733670395628269
2Z,1777593180000,10.0,22.03182466227119,24.479804161565713,11114.37619,2322.0729499999998,0.08165,0.08174999999999999,8209452571.0,8209458052.0,12.247397428044593,10.0,5481.0,13436.44914,2.0,2.0,0.0,0.1633,0.0,0.0,0.0,-12.701514411332802,-15.876893014166004,-1.613e-05,-1.619e-05,1095094.0,19.0,12.701514411332802,240.0,20.244249055181342,265430.31666666665,193736.66666666666,13.629166666666666,11.470833333333333,8209449429.0,8209447787.0,6.706124935100272,0.5844307454563779
2Z,1777593240000,9.0,20.39734140842415,24.479804161565713,8150.939833333334,5600.100711111111,0.08174999999999999,0.0817,8209465255.0,8209470017.0,-6.116207951070152,9.0,4762.0,13751.040544444444,2.0,2.0,0.0,0.1634,0.0,0.0,0.0,-13.312164142647532,-21.983390327308207,-1.613e-05,-1.58e-05,1095094.0,19.0,13.312164142647532,222.0,18.24577320068738,281078.57657657657,211491.47747747749,15.256756756756756,11.594594594594595,8209450468.0,8209472316.0,7.496911001751271,0.5869027222539501
2Z,1777593300000,21.0,23.31481304408757,24.479804161565713,5880.744914285715,7554.89089047619,0.0817,0.0817,8209477314.0,8209490514.0,0.0,21.0,13200.0,13435.635804761905,2.0,2.0,0.0,0.1633,0.0,0.0,0.0,-19.173933220975364,-22.22710730075006,-1.613e-05,-1.663e-05,1095094.0,19.0,19.173933220975364,186.0,24.479804161565713,249635.85483870967,249837.25268817204,14.720430107526882,15.881720430107526,8209463347.0,8209490514.0,7.496911001751271,0.6378973919664953
2Z,1777593360000,9.0,21.76149155411671,24.479804161565713,5608.957333333335,7897.55891111111,0.08165,0.0817,8209490966.0,8209506283.0,6.1236987140222965,9.0,15317.0,13506.516244444445,1.0,1.0,1.0,0.0817,0.0,0.0,1.0,-18.685425368212837,-22.22710730075006,-1.613e-05,-1.745e-05,1095094.0,18.0,18.685425368212837,215.0,24.479804161565717,241914.5023255814,239082.7023255814,12.432558139534883,12.874418604651163,8209490935.0,8209506291.0,6.979791767785035,0.6812689667528918
2Z,1777593420000,26.0,17.422646430688488,24.479804161565713,4466.410523076924,4628.370915384615,0.0817,0.08165,8209506408.0,8209518027.0,-6.11995104039087,26.0,11619.0,9094.781438461538,2.0,2.0,2.0,0.1634,0.0,0.0,1.0,-14.787837309346417,-21.26515447790301,-1.613e-05,-1.743e-05,1095094.0,18.0,14.787837309346417,204.0,15.185573555214336,271746.79411764705,261385.44607843139,15.166666666666666,14.382352941176471,8209506425.0,8209519606.0,7.981740715059117,0.7240162484182707
2Z,1777593480000,35.0,16.10129661172367,24.509803921567624,5411.704125714286,739.2589485714286,0.08165,0.0816,8209526428.0,8209534681.0,-6.1236987140222965,35.0,8253.0,6150.963074285715,1.0,1.0,1.0,0.0817,0.0,0.0,1.0,-14.178155861934705,-26.400704018773098,-1.613e-05,-1.714e-05,1095094.0,17.0,14.178155861934705,204.0,19.1600285395897,195967.39215686274,176856.24019607843,13.985294117647058,12.46078431372549,8209523498.0,8209534681.0,5.4753185967779325,0.7034299727886585
2Z,1777593540000,21.0,20.99126020474342,24.509803921567624,3654.815838095238,3090.8710476190477,0.08155000000000001,0.0817,8209537453.0,8209548651.0,18.393623543835336,21.0,11198.0,6745.686885714285,2.0,2.0,2.0,0.1633,0.0,0.0,1.0,-14.178155861934705,-14.178155861934705,-1.613e-05,-1.66e-05,1095094.0,18.0,14.178155861934705,200.0,19.966413569363922,189630.07,169951.645,11.84,10.515,8209521333.0,8209469055.0,10.254876307701005,0.7346558269224307
2Z,1777593600000,28.0,27.967857118632644,61.236987140232756,1837.8166535714286,1282.2403142857142,0.0817,0.08185,8209549134.0,8209572117.0,18.35985312117705,28.0,22983.0,3120.056967857143,2.0,2.0,2.0,0.16349999999999998,0.0,0.0,1.0,-13.785867655670748,-14.395861799725882,-1.641e-05,1.5e-05,1095390.0,15.0,13.785867655670748,168.0,22.92510276098971,148833.01785714287,98854.44047619047,12.303571428571429,10.726190476190476,8209547533.0,8209572117.0,12.249287610731464,0.7600558784336121
2Z,1777593660000,40.0,15.576904844872667,24.44987775061195,5082.7211225,1184.4916975,0.08185,0.0818,8209572866.0,8209592504.0,-6.108735491754391,40.0,19638.0,6267.212820000001,2.0,2.0,2.0,0.1638,0.0,0.0,1.0,-11.829701086625104,-24.025269217166816,-1.641e-05,1.5e-05,1095390.0,16.0,11.829701086625104,176.0,18.887827023311555,165043.35227272726,139138.6534090909,11.159090909090908,9.3125,8209572117.0,8209582412.0,13.416032355056677,0.750429726430835
2Z,1777593720000,23.0,16.48196784943526,24.44987775061195,7109.981573913043,2309.082965217391,0.0818,0.08174999999999999,8209593671.0,8209602925.0,-6.112469437653534,23.0,9254.0,9419.064539130433,2.0,2.0,0.0,0.16349999999999998,0.0,0.0,0.0,-16.839947283643195,-24.16166349392174,-1.641e-05,1.5e-05,1095390.0,18.0,16.839947283643195,214.0,14.116417028307103,256993.7570093458,252259.19158878503,13.827102803738319,12.813084112149532,8209593376.0,8209590993.0,13.414666408822193,0.6523303210490364
2Z,1777593780000,,,,,,,,,,,,,,,,,,,,,,,,,,,,1.0,24.44987775061195,250016.0,229030.0,12.0,11.0,8209609089.0,8209609089.0,14.13777960537665,0.27837874155944503
2Z,1777593840000,36.0,21.376435270988,24.44987775061195,7167.1996805555555,6622.620727777778,0.0818,0.08185,8209632553.0,8209649428.0,6.112469437653534,36.0,16875.0,13789.820408333333,2.0,2.0,2.0,0.1637,0.0,0.0,1.0,-15.725378810965129,-22.308095522532245,-1.641e-05,1.5e-05,1095390.0,20.0,15.725378810965129,236.0,22.933334321424432,270313.42372881353,227431.52966101695,13.694915254237289,12.194915254237289,8209609801.0,8209649428.0,11.713282352375636,0.765710910292158
2Z,1777593900000,29.0,19.372750813920064,24.44987775061195,5648.910751724138,5510.835431034483,0.0819,0.0818,8209650165.0,8209664061.0,-12.210012210012167,29.0,13896.0,11159.746182758621,2.0,2.0,0.0,0.1637,0.0,0.0,0.0,-17.55391123084507,-28.40320358879928,-1.641e-05,1.5e-05,1095390.0,18.0,17.55391123084507,201.0,16.598931583359498,242760.5671641791,256247.40298507462,10.711442786069652,12.786069651741293,8209650168.0,8209649401.0,7.686166868453097,0.6456212696386379
2Z,1777593960000,6.0,12.217470983506765,12.217470983506765,1244.4234,299.84954999999997,0.08185,0.08185,8209673370.0,8209678681.0,0.0,6.0,5311.0,1544.2729499999998,1.0,1.0,1.0,0.0819,0.0,0.0,1.0,-15.969572478697822,-22.064829149955578,-1.641e-05,1.471e-05,1095390.0,19.0,15.969572478697822,219.0,13.613864450071285,280458.2922374429,252597.54794520547,14.69406392694064,12.835616438356164,8209668126.0,8209686155.0,7.885384452242037,0.6452335360186335
2Z,1777594020000,24.0,18.844603392241595,24.44987775061195,4698.9223125,1164.2472,0.08185,0.0818,8209687662.0,8209700357.0,-6.108735491754391,24.0,12695.0,5863.1695125,1.0,1.0,1.0,0.0819,0.0,0.0,1.0,-11.3424316709958,-23.53859475808895,-1.641e-05,1.165e-05,1095390.0,19.0,11.3424316709958,213.0,15.37614383378573,211664.89201877936,151259.11267605633,12.80281690140845,8.577464788732394,8209686883.0,8209700357.0,7.884901665797205,0.7139057793305786
2Z,1777594080000,19.0,21.877780519354914,24.44987775061195,6825.815699999999,4049.942352631579,0.0818,0.0818,8209702166.0,8209712209.0,0.0,19.0,10043.0,10875.758052631578,2.0,2.0,0.0,0.16349999999999998,0.0,0.0,0.0,-17.19889731892394,-22.199995120880388,-1.641e-05,5.94e-06,1095390.0,15.0,17.19889731892394,177.0,21.274718174173177,186865.89830508476,161933.33333333334,11.841807909604519,7.745762711864407,8209702168.0,8209708856.0,6.963560229705106,0.6240803574428058
2Z,1777594140000,19.0,18.662658980283616,24.44987775061195,6453.2121,3700.648747368421,0.0818,0.0818,8209718044.0,8209729117.0,0.0,19.0,11073.0,10153.860847368422,2.0,2.0,0.0,0.16349999999999998,0.0,0.0,0.0,-18.300047580123387,-20.37405297253779,-1.641e-05,-1.32e-06,1095390.0,19.0,18.300047580123387,213.0,21.926082814777583,201294.5117370892,181895.42253521126,13.671361502347418,12.5962441314554,8209702168.0,8209729117.0,5.460900658423254,0.6011004915958388
2Z,1777594200000,22.0,20.561144897131722,24.44987775061195,5911.457327272727,4601.658372727273,0.0818,0.08185,8209737283.0,8209746371.0,6.112469437653534,22.0,9088.0,10513.115699999998,2.0,2.0,0.0,0.1636,0.0,0.0,0.0,-10.858425650284499,-13.9085452149711,-1.641e-05,-1.68e-06,1095350.0,19.0,10.858425650284499,217.0,18.418850009540307,201257.82488479262,162557.06912442396,13.714285714285714,12.08294930875576,8209716438.0,8209746376.0,4.320848560930988,0.5773717539557227
2Z,1777594260000,9.0,12.217470983506765,12.217470983506765,349.8313333333333,6199.1657000000005,0.08185,0.08185,8209754157.0,8209761000.0,0.0,9.0,6843.0,6548.997033333334,1.0,1.0,1.0,0.0819,0.0,0.0,1.0,-11.956322820716265,-14.03037882022694,-1.641e-05,-3.52e-06,1095350.0,15.0,11.956322820716265,187.0,12.217470983506765,241811.5294117647,250936.48128342247,12.70053475935829,12.737967914438503,8209737342.0,8209759286.0,4.320848560930988,0.6073504216078207
2Z,1777594320000,13.0,15.99048532331406,24.44987775061195,5699.7894,5462.910092307692,0.08185,0.0818,8209768338.0,8209774953.0,-6.108735491754391,13.0,6615.0,11162.699492307693,1.0,1.0,1.0,0.0818,0.0,0.0,1.0,-14.641824371317762,-19.1563868858065,-1.641e-05,-5.89e-06,1095350.0,19.0,14.641824371317762,229.0,17.40514857563817,267702.52838427946,252091.519650655,14.51528384279476,13.497816593886462,8209751222.0,8209778440.0,4.320848560930988,0.6421736598694303
2Z,1777594380000,4.0,21.395512288494217,24.44987775061195,6454.442975,7469.976124999999,0.0818,0.0818,8209785483.0,8209793112.0,0.0,4.0,7629.0,13924.4191,2.0,2.0,0.0,0.16349999999999998,0.0,0.0,0.0,-14.275952950364342,-19.034603933818556,-1.641e-05,-7.19e-06,1095350.0,19.0,14.275952950364342,206.0,24.449877750611947,225470.08737864078,224509.3009708738,10.815533980582524,11.300970873786408,8209767091.0,8209797419.0,4.320848560930988,0.5209012217108431
2Z,1777594440000,4.0,24.44987775061195,24.44987775061195,6570.6203749999995,9479.31075,0.0818,0.0818,8209808157.0,8209809174.0,0.0,4.0,1017.0,16049.931125,1.0,1.0,-1.0,0.0817,0.0,0.0,1.0,-15.008053101664078,-19.034603933818556,-1.641e-05,-8.3e-06,1095350.0,15.0,15.008053101664078,160.0,24.44987775061195,248195.0125,234710.55,13.23125,13.225,8209799782.0,8209797300.0,4.320848560930988,0.6148951299537518
2Z,1777594500000,27.0,23.092381989670734,24.44987775061195,6012.575333333333,9134.001244444444,0.08174999999999999,0.0818,8209813779.0,8209831421.0,6.116207951072372,27.0,17642.0,15146.576577777778,2.0,2.0,0.0,0.16349999999999998,0.0,0.0,0.0,-13.423146385512641,-18.060233318689335,-1.641e-05,-8.91e-06,1095350.0,20.0,13.423146385512641,233.0,20.83183110879009,251463.76394849786,249583.69957081546,13.892703862660944,13.562231759656653,8209813532.0,8209829460.0,4.32217068848081,0.5992612064814504
2Z,1777594560000,12.0,20.377390467788306,24.44987775061195,6430.464025,8999.167041666668,0.0818,0.0818,8209844813.0,8209849181.0,0.0,12.0,4368.0,15429.631066666669,1.0,1.0,-1.0,0.0817,0.0,0.0,1.0,-14.033289403034868,-18.060233318689335,-1.641e-05,-9.01e-06,1095350.0,16.0,14.033289403034868,191.0,24.1940146752513,272611.21989528794,259696.8115183246,15.073298429319372,14.6282722513089,8209815175.0,8209852118.0,4.32217068848081,0.6488281206257489
2Z,1777594620000,9.0,21.734886228729522,24.44987775061195,7277.845077777777,7750.697477777778,0.08174999999999999,0.0818,8209853292.0,8209860352.0,6.116207951072372,9.0,7060.0,15028.542555555556,2.0,2.0,2.0,0.1636,0.0,0.0,1.0,-15.740153252965507,-19.034603933818556,-1.641e-05,-9.65e-06,1095350.0,15.0,15.740153252965507,177.0,24.449877750611947,276446.2429378531,276060.6384180791,14.954802259887005,15.587570621468927,8209834866.0,8209868053.0,3.3499850611947797,0.6230683307017838
2Z,1777594680000,11.0,20.007164351167976,24.44987775061195,6729.948372727274,7613.529427272728,0.08174999999999999,0.0818,8209869131.0,8209885042.0,6.116207951072372,11.0,15911.0,14343.4778,2.0,2.0,2.0,0.1636,0.0,0.0,1.0,-14.641824371317762,-25.257147040521108,-1.641e-05,-1.04e-05,1095350.0,15.0,14.641824371317762,165.0,23.85751596401942,247701.1696969697,241563.41818181818,12.515151515151516,12.484848484848484,8209868812.0,8209885042.0,3.3499850611947797,0.6267762958981421
2Z,1777594740000,6.0,16.30490318496467,24.44987775061195,3249.90345,5274.2456,0.08174999999999999,0.08174999999999999,8209886568.0,8209902299.0,0.0,6.0,15731.0,8524.14905,1.0,1.0,1.0,0.0818,0.0,0.0,1.0,-15.014098604787193,-21.117390720553765,-1.641e-05,-1.059e-05,1095350.0,15.0,15.014098604787193,169.0,16.931439690014457,234552.87573964498,256169.0828402367,12.727810650887575,14.088757396449704,8209868053.0,8209884460.0,3.3499850611947797,0.5937223547328697
2Z,1777594800000,8.0,12.232415902141025,12.232415902141025,349.5943,1250.773125,0.08174999999999999,0.08174999999999999,8209904640.0,8209918882.0,0.0,8.0,14242.0,1600.367425,2.0,2.0,2.0,0.1636,0.0,0.0,1.0,-15.014098604787193,-21.117390720553765,-1.641e-05,-1.049e-05,1095316.0,17.0,15.014098604787193,212.0,12.232415902141025,203744.24528301886,228863.0754716981,11.915094339622641,11.716981132075471,8209904642.0,8209918928.0,3.3499850611947797,0.5917164981355191
2Z,1777594860000,7.0,12.232415902141025,12.232415902141025,349.59430000000003,838.2513428571428,0.08174999999999999,0.08174999999999999,8209920873.0,8209928370.0,0.0,7.0,7497.0,1187.8456428571428,2.0,2.0,2.0,0.1636,0.0,0.0,1.0,-15.014098604787193,-21.117390720553765,-1.641e-05,-1.002e-05,1095316.0,19.0,15.014098604787193,198.0,12.232415902141025,220047.06565656565,246888.68181818182,13.333333333333334,13.747474747474747,8209920172.0,8209934207.0,3.3499850611947797,0.5866115720988566
2Z,1777594920000,23.0,17.56518376758002,24.479804161565713,4464.617143478261,4827.802117391304,0.08174999999999999,0.08165,8209940952.0,8209949867.0,-12.232415902139193,23.0,8915.0,9292.419260869565,1.0,1.0,1.0,0.0817,0.0,0.0,1.0,-19.911315246205287,-26.01908065915063,-1.641e-05,-1.2e-05,1095316.0,16.0,19.911315246205287,176.0,12.58954627767951,239872.79545454544,237538.35227272726,13.630681818181818,12.017045454545455,8209918720.0,8209933720.0,6.699970122387297,0.7134130636834973
2Z,1777594980000,16.0,19.128126215650486,24.479804161565713,5082.0123,7789.69715,0.08165,0.0817,8209952676.0,8209958939.0,6.1236987140222965,16.0,6263.0,12871.70945,3.0,3.0,1.0,0.245,0.0,0.0,0.3333333333333333,-19.544371831673303,-20.15513345141373,-1.641e-05,-1.291e-05,1095316.0,16.0,19.544371831673303,198.0,20.402335250392206,286229.8686868687,266255.43434343435,13.93939393939394,14.752525252525253,8209934420.0,8209965617.0,6.70202207557814,0.6312793249795635
2Z,1777595040000,4.0,21.421702478185583,24.479804161565713,6454.3968,10528.498425,0.0817,0.0817,8209968480.0,8209970484.0,0.0,4.0,2004.0,16982.895225,2.0,2.0,0.0,0.1633,0.0,0.0,0.0,-19.30006718377713,-20.15513345141373,-1.641e-05,-1.404e-05,1095316.0,18.0,19.30006718377713,205.0,24.479804161565713,258323.59512195122,291837.7756097561,13.341463414634147,12.824390243902439,8209953585.0,8209965612.0,6.70202207557814,0.5608951747460834
2Z,1777595100000,5.0,24.479804161565713,24.479804161565713,5104.12896,11896.8284,0.0817,0.0817,8209989444.0,8209992337.0,0.0,5.0,2893.0,17000.95736,,,,,,,,-19.298888481738302,-20.76462684744149,-1.641e-05,-1.513e-05,1095316.0,19.0,19.298888481738302,220.0,24.479804161565713,258810.5090909091,272316.90454545454,13.545454545454545,15.045454545454545,8209980356.0,8209993412.0,6.70202207557814,0.5713513846429491
2Z,1777595160000,34.0,22.330849954474473,24.509803921567624,5766.004335294118,6832.3543852941175,0.0817,0.0816,8209996764.0,8210007609.0,-12.23990208078174,34.0,10845.0,12598.358720588236,2.0,2.0,0.0,0.1633,0.0,0.0,0.0,-13.323717439402982,-25.54731142050396,-1.641e-05,-1.624e-05,1095316.0,19.0,13.323717439402982,212.0,23.38817333205238,233985.97641509434,251351.24528301886,11.764150943396226,14.226415094339623,8209980547.0,8210007609.0,8.209940954037844,0.6543151812409715
2Z,1777595220000,5.0,22.060326276432587,24.509803921567624,7421.895299999999,4952.01672,0.0816,0.0816,8210008464.0,8210011681.0,0.0,5.0,3217.0,12373.91202,2.0,2.0,0.0,0.16310000000000002,0.0,0.0,0.0,-16.74980438184642,-23.47417840375559,-1.641e-05,-1.817e-05,1095316.0,16.0,16.74980438184642,169.0,24.509803921567627,294731.1124260355,281552.5917159763,16.31360946745562,12.414201183431953,8210008464.0,8210005464.0,6.705096944909358,0.566371037278418
2Z,1777595400000,4.0,21.44795686514883,24.509803921567624,6907.267625,7202.345174999999,0.08155000000000001,0.0816,8210056922.0,8210065202.0,6.131207847945852,4.0,8280.0,14109.612799999999,2.0,2.0,0.0,0.16310000000000002,0.0,0.0,0.0,-18.097113021363057,-22.132280113962974,-1.641e-05,-2.347e-05,1095284.0,12.0,18.097113021363057,147.0,24.509803921567624,278638.1632653061,257104.25850340136,15.421768707482993,14.08843537414966,8210055320.0,8210065714.0,6.707154455799067,0.559912542972643
2Z,1777595460000,7.0,14.012042585274608,24.509803921567624,6757.7005714285715,1578.5368714285712,0.0816,0.08155000000000001,8210066174.0,8210078658.0,-6.127450980391025,7.0,12484.0,8336.237442857142,1.0,1.0,1.0,0.0816,0.0,0.0,1.0,-18.711934055720025,-26.41684807866446,-1.641e-05,-2.452e-05,1095284.0,17.0,18.711934055720025,192.0,12.326204176234498,251265.47395833334,238954.11979166666,12.692708333333334,12.296875,8210066153.0,8210065714.0,6.982261779020774,0.652310724403982
2Z,1777595520000,36.0,19.066520265711986,24.509803921567624,6349.671791666667,5850.385819444444,0.08155000000000001,0.08155000000000001,8210079765.0,8210090902.0,0.0,36.0,11137.0,12200.057611111111,1.0,1.0,-1.0,0.0815,0.0,0.0,1.0,-16.391437308869616,-24.464831804282046,-1.641e-05,-2.446e-05,1095284.0,16.0,16.391437308869616,177.0,18.42070695061047,280892.5197740113,260757.24858757062,15.55367231638418,14.124293785310735,8210070962.0,8210091251.0,6.982261779020774,0.7347776060738402
2Z,1777595580000,8.0,13.793339224101837,24.509803921567624,3553.6343125,1497.5979375,0.08155000000000001,0.0816,8210094732.0,8210101422.0,6.131207847945852,8.0,6690.0,5051.23225,1.0,1.0,1.0,0.0816,0.0,0.0,1.0,-15.532888138744417,-19.81360534233452,-1.641e-05,-2.465e-05,1095284.0,18.0,15.532888138744417,218.0,19.06027796794151,252090.3623853211,261708.5275229358,13.977064220183486,14.403669724770642,8210090906.0,8210107984.0,5.128389524364168,0.6300923281934132
2Z,1777595640000,24.0,16.855186280520634,24.509803921567624,5717.4695,3628.6994916666663,0.08155000000000001,0.08155000000000001,8210108318.0,8210125811.0,0.0,24.0,17493.0,9346.168991666666,2.0,2.0,2.0,0.1632,0.0,0.0,1.0,-21.030751360272866,-28.733875405025262,-1.641e-05,-2.555e-05,1095284.0,19.0,21.030751360272866,212.0,13.879995272868408,247365.0754716981,251272.6603773585,14.278301886792454,13.325471698113208,8210093676.0,8210125812.0,5.128389524364168,0.6937016382795265
2Z,1777595700000,4.0,21.44795686514883,24.509803921567624,14817.555750000001,399.39042499999994,0.08155000000000001,0.0816,8210135997.0,8210140321.0,6.131207847945852,4.0,4324.0,15216.946175000001,1.0,1.0,1.0,0.0816,0.0,0.0,1.0,-16.014082613107846,-24.815715805043197,-1.641e-05,-2.434e-05,1095284.0,16.0,16.014082613107846,175.0,24.089893468115903,268846.09714285715,187148.9657142857,13.451428571428572,10.90857142857143,8210107984.0,8210140327.0,5.128389524364168,0.6262541852834794
2Z,1777595760000,21.0,21.593759105930673,24.509803921567624,9083.776547619047,6299.272233333333,0.0816,0.08155000000000001,8210143727.0,8210159141.0,-6.127450980391025,21.0,15414.0,15383.04878095238,1.0,1.0,-1.0,0.0815,0.0,0.0,1.0,-18.216272388289042,-29.95293110825956,-1.641e-05,-2.569e-05,1095284.0,13.0,18.216272388289042,153.0,23.229031296660416,267232.9411764706,260663.18954248365,14.07843137254902,14.058823529411764,8210143651.0,8210160253.0,5.128389524364168,0.6960322392806351
2Z,1777595820000,27.0,19.52012723703329,24.509803921567624,7395.228500000001,7334.754292592593,0.08155000000000001,0.08155000000000001,8210160440.0,8210175055.0,0.0,27.0,14615.0,14729.982792592593,2.0,2.0,0.0,0.16310000000000002,0.0,0.0,0.0,-20.784937033867646,-29.343440518401284,-1.641e-05,-2.717e-05,1095284.0,19.0,20.784937033867646,231.0,15.231479508177332,288745.2164502164,260415.55844155845,15.896103896103897,12.930735930735931,8210160442.0,8210175060.0,5.128389524364168,0.6160093392011287
2Z,1777595880000,4.0,18.386109808730033,24.509803921567624,6445.02,5049.02565,0.08155000000000001,0.0816,8210177092.0,8210177994.0,6.131207847945852,4.0,902.0,11494.04565,1.0,1.0,1.0,0.0816,0.0,0.0,1.0,-20.540408362880726,-23.230223743733433,-1.641e-05,-2.845e-05,1095284.0,15.0,20.540408362880726,182.0,22.760177032185457,221094.54395604396,272439.76923076925,10.357142857142858,12.274725274725276,8210161313.0,8210175056.0,5.128389524364168,0.6245590754862768
2Z,1777595940000,18.0,21.104414243802907,24.509803921567624,9291.228155555556,4788.65486111111,0.08155000000000001,0.08165,8210191676.0,8210205468.0,12.262415695891704,18.0,13792.0,14079.883016666667,2.0,2.0,0.0,0.1632,0.0,0.0,0.0,-17.842739471560794,-21.509055801334004,-1.641e-05,-2.883e-05,1095284.0,16.0,17.842739471560794,177.0,18.482519373904054,265083.8361581921,225316.4011299435,13.564971751412429,12.870056497175142,8210191468.0,8210189136.0,6.989334595744337,0.6215607887929586
2Z,1777596000000,4.0,12.247397428045192,12.247397428045192,348.9216,639.6701499999999,0.08165,0.08165,8210209833.0,8210213518.0,0.0,4.0,3685.0,988.5917499999999,2.0,2.0,2.0,0.1634,0.0,0.0,1.0,-14.178155861934705,-20.2894299403539,-1.641e-05,-2.761e-05,1095250.0,16.0,14.178155861934705,182.0,12.24739742804519,274359.85164835164,180279.72527472526,14.384615384615385,10.983516483516484,8210202792.0,8210207694.0,6.989499374408173,0.6212430431910057
2Z,1777596060000,2.0,12.247397428045192,12.247397428045192,498.3312,639.6293,0.08165,0.08165,8210231166.0,8210235951.0,0.0,2.0,4785.0,1137.9605,1.0,1.0,-1.0,0.0816,0.0,0.0,1.0,-17.844920308985206,-20.2894299403539,-1.641e-05,-2.643e-05,1095250.0,19.0,17.844920308985206,214.0,12.247397428045192,264210.47196261684,176935.1448598131,13.962616822429906,10.154205607476635,8210208632.0,8210235955.0,5.483919012874841,0.5930042776676633
2Z,1777596120000,4.0,15.29801750868688,24.44987775061195,3857.4921,2968.581025,0.08165,0.0818,8210236399.0,8210248534.0,18.37109614206911,4.0,12135.0,6826.073125,1.0,1.0,1.0,0.0817,0.0,0.0,1.0,-17.328061697660637,-18.060233318689335,-1.641e-05,-2.528e-05,1095250.0,16.0,17.328061697660637,171.0,14.10274531334774,263577.4619883041,220079.5321637427,14.087719298245615,13.362573099415204,8210236405.0,8210249758.0,7.986344581816697,0.6447926115049103
