symbol,horizon,fold,quintile,n_windows,directional_accuracy,binomial_2sigma_lower_bound,mean_signed_return_bps,mean_abs_edge_bps,mean_slip_bps,gross_round_trip_bps,cost_round_trip_bps,headroom_bps,tradeable
2Z,100,2026-02,1,105,0.49523809523809526,0.3976525138942769,4.867310663463312,52.701517501624124,12.374624819999681,-0.5019192143011804,32.74924963999936,-33.251168854300545,False
2Z,100,2026-02,2,104,0.5,0.401941932430908,-0.41359794872380024,63.92551217756514,12.355061499566384,0.0,32.710122999132764,-32.710122999132764,False
2Z,100,2026-02,3,104,0.5480769230769231,0.4504732091131731,4.732457863820624,56.86135366536631,12.511002953655419,5.467437852439074,33.02200590731084,-27.554568054871766,False
2Z,100,2026-02,4,104,0.5480769230769231,0.4504732091131731,6.403446806451376,67.36205850477108,12.46315297758082,6.47712101007415,32.92630595516164,-26.449184945087488,False
2Z,100,2026-02,5,105,0.5333333333333333,0.4359604342213038,-4.95525340860096,56.75497408291062,12.837634976475,3.7836649388607073,33.67526995295,-29.891605014089297,False
2Z,100,2026-03,1,92,0.5652173913043478,0.4618508649187726,10.8318884810179,42.92867769950345,11.975028945819373,5.59939274341349,31.950057891638746,-26.350665148225257,False
2Z,100,2026-03,2,92,0.5217391304347826,0.417580511803736,1.702552013423156,45.35187795029388,12.099004791902987,1.9718207804475587,32.19800958380597,-30.22618880335841,False
2Z,100,2026-03,3,91,0.43956043956043955,0.33550063859333656,-2.3875808935602083,56.72115932671598,12.30245376747812,-6.8564038746579765,32.60490753495624,-39.46131140961422,False
2Z,100,2026-03,4,92,0.5978260869565217,0.49558382208256935,9.087679917802689,52.41576493616511,11.329656169573786,10.255258357075782,30.659312339147572,-20.40405398207179,False
2Z,100,2026-03,5,92,0.5,0.39574279297146264,-0.5228392167381294,47.83418873557831,11.95123641826411,0.0,31.90247283652822,-31.90247283652822,False
2Z,500,2026-02,1,94,0.48936170212765956,0.3862429260305742,-2.9892312519232727,147.1612882515159,12.385527859880174,-3.1310912393939603,32.77105571976035,-35.90214695915431,False
2Z,500,2026-02,2,93,0.5806451612903226,0.478307672398383,31.304759504173525,146.05895704990343,11.73472708583806,23.55789629837153,31.46945417167612,-7.911557873304588,False
2Z,500,2026-02,3,93,0.45161290322580644,0.3484044412767862,13.190193129303035,123.48032751751495,12.803604208166265,-11.949709114598225,33.607208416332526,-45.55691753093075,False
2Z,500,2026-02,4,93,0.5483870967741935,0.4451786348251733,19.727888368330515,150.56604081009743,12.67365767599876,14.570907175170706,33.34731535199752,-18.776408176826816,False
2Z,500,2026-02,5,93,0.5161290322580645,0.4124878285287098,-2.7752357412388586,131.59463374239573,13.086576700684429,4.244988185238568,34.17315340136886,-29.92816521613029,False
2Z,500,2026-03,1,82,0.5365853658536586,0.42644985929406076,17.29632957793037,97.98787681885634,12.203237758584608,7.169844645282177,32.40647551716921,-25.236630871887037,False
2Z,500,2026-03,2,82,0.4268292682926829,0.3175866329944701,-17.028505361650225,99.11301734618739,11.581661061862977,-14.504344001881083,31.163322123725955,-45.66766612560704,False
2Z,500,2026-03,3,81,0.5185185185185185,0.4074836414548803,-0.5243012353195864,102.05454107001725,11.75155871911342,3.7797978174080407,31.50311743822684,-27.7233196208188,False
2Z,500,2026-03,4,82,0.5365853658536586,0.42644985929406076,13.21778261094222,111.25601336527487,11.777182567531703,8.140683904776218,31.554365135063406,-23.41368123028719,False
2Z,500,2026-03,5,82,0.6707317073170732,0.5669376607476835,59.424724040138535,127.26847028073018,12.470077637913592,43.457526437322514,32.94015527582718,10.517371161495333,True
AAVE,100,2026-02,1,123,0.5203252032520326,0.4302327690366441,-1.562606542714603,48.21247791874021,3.491483551451208,1.9598568259650546,14.982967102902416,-13.023110276937361,False
AAVE,100,2026-02,2,123,0.5040650406504065,0.41390105717088926,5.474280165888042,61.727700197709126,3.4944362322269633,0.5018512211195822,14.988872464453927,-14.487021243334345,False
AAVE,100,2026-02,3,123,0.5365853658536586,0.4466601013090038,-2.964120834755693,54.52743883942496,3.622769807181955,3.989812598006708,15.24553961436391,-11.255727016357202,False
AAVE,100,2026-02,4,123,0.4796747967479675,0.38958236253257905,4.679963129358234,53.37603812762198,3.3617828778543024,-2.169757647464308,14.723565755708606,-16.893323403172914,False
AAVE,100,2026-02,5,123,0.4715447154471545,0.38152388736379617,-4.8113752680458015,56.06004426599644,3.8379781947038065,-3.1904090232680886,15.675956389407613,-18.8663654126757,False
AAVE,100,2026-03,1,98,0.41836734693877553,0.3187074948388501,-9.77347648372713,50.34690245626116,3.0931320289319917,-8.219902441838554,14.186264057863983,-22.406166499702536,False
AAVE,100,2026-03,2,98,0.5612244897959183,0.46096939437872064,3.1490193213915045,42.58222434520521,3.3627481455984576,5.214149919821042,14.725496291196915,-9.511346371375872,False
AAVE,100,2026-03,3,98,0.4897959183673469,0.38880170218257276,-7.611315892546038,49.056078436367265,3.186237639621127,-1.0011444578850472,14.372475279242254,-15.373619737127301,False
AAVE,100,2026-03,4,98,0.4489795918367347,0.34849161551245433,2.6729283355065663,41.538121296089585,3.2804057203047896,-4.238583805723427,14.56081144060958,-18.799395246333006,False
AAVE,100,2026-03,5,98,0.46938775510204084,0.36856200311492376,-2.9603816924187627,42.13784211264747,3.332881875663231,-2.5798678844478022,14.665763751326462,-17.245631635774266,False
AAVE,500,2026-02,1,112,0.45535714285714285,0.3612434169517783,-9.668910445519481,132.36995961342146,3.6646682621931457,-11.81874639405549,15.329336524386292,-27.14808291844178,False
AAVE,500,2026-02,2,112,0.5714285714285714,0.4779066184702889,10.62673906443591,130.79609737972928,3.664882053220662,18.685156768532746,15.329764106441324,3.355392662091422,False
AAVE,500,2026-02,3,111,0.3963963963963964,0.3035405469936754,-18.022892805777296,127.30079207458165,3.6715004373015008,-26.37764160103944,15.343000874603002,-41.72064247564244,False
AAVE,500,2026-02,4,112,0.4732142857142857,0.3788588548178601,-2.2286573994548315,96.26389559390934,3.5683209271765013,-5.156994406816575,15.136641854353002,-20.293636261169578,False
AAVE,500,2026-02,5,112,0.49107142857142855,0.39659537706852027,-0.5443667134468413,113.68307697233247,3.285794437939515,-2.0300549459345136,14.57158887587903,-16.601643821813543,False
AAVE,500,2026-03,1,88,0.4431818181818182,0.33727197354221317,-12.956937562194538,103.28806117482532,3.288962303313157,-11.737279678957423,14.577924606626315,-26.31520428558374,False
AAVE,500,2026-03,2,88,0.4772727272727273,0.3707825503731269,-9.725571528466673,87.26853203580968,3.305949921570395,-3.966751456173164,14.61189984314079,-18.578651299313954,False
AAVE,500,2026-03,3,88,0.4431818181818182,0.33727197354221317,-8.393795729428472,110.84835825096657,3.4463677043109984,-12.596404346700748,14.892735408621997,-27.489139755322746,False
AAVE,500,2026-03,4,88,0.5,0.3933996418221948,-1.1437857611733258,103.98272764797979,3.2442963440187516,0.0,14.488592688037503,-14.488592688037503,False
AAVE,500,2026-03,5,88,0.5340909090909091,0.427738619309739,3.754724577653478,100.39438574540013,3.077345587204498,6.845071755368185,14.154691174408995,-7.309619419040811,False
ASTER,100,2026-02,1,119,0.47058823529411764,0.3790771213808709,-6.052112447591625,62.76453884184676,5.156299373966038,-3.692031696579222,18.31259874793208,-22.0046304445113,False
ASTER,100,2026-02,2,118,0.4576271186440678,0.3659008237013497,-9.746830285956706,69.85528771031692,5.1864987973186585,-5.919939636467535,18.37299759463732,-24.292937231104855,False
ASTER,100,2026-02,3,118,0.5084745762711864,0.41643033827827497,3.980147982139557,65.40701211508598,4.928330095411105,1.1085934256794203,17.85666019082221,-16.74806676514279,False
ASTER,100,2026-02,4,118,0.4915254237288136,0.39948118573590213,0.26757088391098266,65.59397262537719,5.415965549532175,-1.111762247887746,18.83193109906435,-19.943693346952095,False
ASTER,100,2026-02,5,119,0.47058823529411764,0.3790771213808709,2.6139956088543816,68.5273496068888,5.957603970783506,-4.031020565111107,19.91520794156701,-23.946228506678118,False
ASTER,100,2026-03,1,95,0.47368421052631576,0.3712285761279394,3.7419927649880007,38.7102519421923,4.187968030774497,-2.037381681168018,16.375936061548995,-18.413317742717012,False
ASTER,100,2026-03,2,95,0.5684210526315789,0.4667883683825925,7.495289050223891,36.00931991418041,4.569810697512431,4.927591146151003,17.13962139502486,-12.212030248873859,False
ASTER,100,2026-03,3,94,0.5,0.39685787537412065,-0.019534155215121713,43.06730721911195,4.089741505072225,0.0,16.179483010144452,-16.179483010144452,False
ASTER,100,2026-03,4,95,0.4,0.2994750620099931,-6.182605997310137,33.75114348589135,4.155239530791161,-6.750228697178268,16.31047906158232,-23.06070775876059,False
ASTER,100,2026-03,5,95,0.49473684210526314,0.39214469114480377,0.2857934136954423,33.04497303143327,4.171019724056523,-0.3478418213835092,16.34203944811305,-16.689881269496556,False
ASTER,500,2026-02,1,108,0.5370370370370371,0.44107634719044436,20.73259100618537,126.81176907988858,4.534775122891896,9.393464376288057,17.069550245783795,-7.676085869495738,False
ASTER,500,2026-02,2,107,0.4672897196261682,0.37082316689126577,-20.528139309403706,129.0979447295568,4.94187177928552,-8.445659935578483,17.88374355857104,-26.329403494149524,False
ASTER,500,2026-02,3,107,0.4485981308411215,0.352436691847003,-10.463930854883927,138.71390119695783,5.524221735113492,-14.260307599687255,19.048443470226985,-33.30875106991424,False
ASTER,500,2026-02,4,107,0.45794392523364486,0.3616128592969741,-39.09364577598861,136.51435199839904,5.817372920265977,-11.482515588650388,19.634745840531956,-31.117261429182342,False
ASTER,500,2026-02,5,107,0.4392523364485981,0.34329484559286133,-5.472776459409488,133.4044742603899,6.187662172453665,-16.208020237243634,20.37532434490733,-36.583344582150964,False
ASTER,500,2026-03,1,85,0.5176470588235295,0.40924940716351393,19.50134822688123,81.49620789989814,4.372531244274871,2.8763367494081775,16.745062488549742,-13.868725739141563,False
ASTER,500,2026-03,2,85,0.4117647058823529,0.30500173965023175,-18.902482756643238,64.70116521006042,4.103467641953952,-11.417852684128313,16.206935283907903,-27.624787968036216,False
ASTER,500,2026-03,3,84,0.5476190476190477,0.43900605481917376,24.536223664776582,96.26128543237718,4.135159825071297,9.167741469750217,16.270319650142596,-7.1025781803923795,False
ASTER,500,2026-03,4,85,0.5294117647058824,0.4211343545156654,-7.989330580508207,68.98981670394406,4.110102206526572,4.05822451199671,16.220204413053146,-12.161979901056437,False
ASTER,500,2026-03,5,85,0.5411764705882353,0.43307967338479275,14.381338785450088,80.68478599344574,4.478211646474603,6.64462943475435,16.956423292949204,-10.311793858194854,False
AVAX,100,2026-02,1,118,0.4491525423728814,0.35757234022459705,-6.181605147318422,50.02824707366536,4.632308940968937,-5.087618346474441,17.264617881937873,-22.352236228412316,False
AVAX,100,2026-02,2,117,0.5042735042735043,0.41182684843105577,-8.725515006742954,45.7620877289387,4.283199643397849,0.39112895494819266,16.5663992867957,-16.175270331847507,False
AVAX,100,2026-02,3,117,0.47863247863247865,0.3862669045093362,-3.149927081131343,56.191380211778345,4.351683850147528,-2.40134103469138,16.703367700295054,-19.104708734986435,False
AVAX,100,2026-02,4,117,0.5555555555555556,0.4636779743783641,2.3960941793603103,48.94654106978223,4.380341897817276,5.438504563309139,16.760683795634552,-11.322179232325414,False
AVAX,100,2026-02,5,117,0.5042735042735043,0.41182684843105577,-2.96805867800875,36.83600839543943,5.0698031603135725,0.31483767859349826,18.139606320627145,-17.824768642033646,False
AVAX,100,2026-03,1,95,0.47368421052631576,0.3712285761279394,-4.811786642867948,38.20285837604103,3.997889608375875,-2.0106767566337402,15.99577921675175,-18.00645597338549,False
AVAX,100,2026-03,2,94,0.5106382978723404,0.407519521775255,3.15167626129241,42.830038736262416,3.849993834565735,0.9112774199204735,15.69998766913147,-14.788710249210997,False
AVAX,100,2026-03,3,94,0.4574468085106383,0.3546788969084908,2.5778053408275854,40.58946741273015,3.962377544784384,-3.4544227585302263,15.924755089568768,-19.379177848098994,False
AVAX,100,2026-03,4,94,0.5,0.39685787537412065,-2.165107979384111,38.35408435368162,3.991487286751956,0.0,15.982974573503913,-15.982974573503913,False
AVAX,100,2026-03,5,95,0.5578947368421052,0.4559869974643031,6.115671029156601,33.30017670037042,3.9047896142089495,3.8558099337270986,15.809579228417899,-11.953769294690801,False
AVAX,500,2026-02,1,106,0.4811320754716981,0.3840726691494749,-11.370127193884521,111.08694606087752,4.281759194360869,-4.191960228712358,16.56351838872174,-20.755478617434097,False
AVAX,500,2026-02,2,106,0.44339622641509435,0.34689204470572854,-20.194350562406107,92.45267907294033,3.96166572864574,-10.466341027125317,15.92333145729148,-26.3896724844168,False
AVAX,500,2026-02,3,106,0.4716981132075472,0.3747252511792365,-6.741476892740677,104.73639043533248,4.245304713986893,-5.928474930301837,16.490609427973787,-22.419084358275626,False
AVAX,500,2026-02,4,106,0.42452830188679247,0.3285125754265158,-14.930936137629367,106.55270100433536,4.411090060896657,-16.083426566692125,16.822180121793316,-32.90560668848544,False
AVAX,500,2026-02,5,106,0.46226415094339623,0.3654125808475177,-4.209757327025059,111.56971262552055,5.685062609379407,-8.420355669850606,19.370125218758815,-27.790480888609423,False
AVAX,500,2026-03,1,85,0.5764705882352941,0.4692814208425463,7.741806599904685,93.05004145864918,4.058552131259905,14.231182811322807,16.11710426251981,-1.885921451197003,False
AVAX,500,2026-03,2,84,0.5238095238095238,0.4148243551864135,2.6142607973291723,74.89414536302141,3.703188624077144,3.5663878744295947,15.406377248154289,-11.839989373724695,False
AVAX,500,2026-03,3,84,0.5238095238095238,0.4148243551864135,-0.6279548947641344,71.80855263083592,4.142436270473418,3.4194548871826664,16.284872540946836,-12.865417653764169,False
AVAX,500,2026-03,4,84,0.5119047619047619,0.40282674774277144,-26.2332085786792,100.45534727271934,3.9821839211768095,2.3917939826837853,15.964367842353619,-13.572573859669834,False
AVAX,500,2026-03,5,85,0.5176470588235295,0.40924940716351393,-1.739509020166566,85.78351601858314,3.9877409439027702,3.027653506538237,15.97548188780554,-12.947828381267303,False
BNB,100,2026-02,1,196,0.5,0.4285714285714286,0.9125911455007124,32.09711165588229,0.6945403002684444,0.0,9.38908060053689,-9.38908060053689,False
BNB,100,2026-02,2,196,0.4744897959183674,0.40315425228503166,0.8235801952695098,29.583236846612664,0.5502642072275412,-1.5093488187047261,9.100528414455082,-10.609877233159809,False
BNB,100,2026-02,3,195,0.5282051282051282,0.4567076696534972,1.2693038402825108,30.075125410691992,0.611132334033431,1.6965455359877541,9.222264668066861,-7.525719132079107,False
BNB,100,2026-02,4,196,0.46938775510204084,0.3980931821537173,-1.05589408775522,28.712777148115517,0.7132803804522837,-1.7579251315172753,9.426560760904568,-11.184485892421844,False
BNB,100,2026-02,5,196,0.47959183673469385,0.40822278912598453,-0.5952823674740548,33.63106789701212,0.9082204483395537,-1.372696648857639,9.816440896679108,-11.189137545536747,False
BNB,100,2026-03,1,86,0.6046511627906976,0.4992067799798936,5.3440147078201505,30.36679799880925,0.22983237160527653,6.355841441611236,8.459664743210553,-2.1038233015993164,False
BNB,100,2026-03,2,85,0.5294117647058824,0.4211343545156654,1.8288893251279246,29.43980155606632,0.16969255465012628,1.7317530327097839,8.339385109300252,-6.607632076590469,False
BNB,100,2026-03,3,85,0.5882352941176471,0.4814723278855259,0.7437568340600275,26.85995939735051,0.1802228153106488,4.739992834826562,8.360445630621298,-3.620452795794736,False
BNB,100,2026-03,4,85,0.4588235294117647,0.3507267322083222,0.0937140212245675,27.427227313162906,0.21335729387776303,-2.2587128375545933,8.426714587755527,-10.68542742531012,False
BNB,100,2026-03,5,86,0.5232558139534884,0.41553974291974244,-1.8433153152382113,30.798570677250286,0.22758569215562424,1.4324916594069925,8.455171384311248,-7.022679724904255,False
BNB,500,2026-02,1,185,0.5351351351351351,0.46179541877883606,2.962592115023256,67.51742656885204,0.6434052136548549,4.744467812946357,9.28681042730971,-4.542342614363354,False
BNB,500,2026-02,2,184,0.5,0.4262790219225514,2.0725893386201197,64.64884486615614,0.6897646866632162,0.0,9.379529373326433,-9.379529373326433,False
BNB,500,2026-02,3,185,0.4648648648648649,0.39152514850856585,-7.592840450003571,76.65276523487046,0.8412922428568671,-5.38641053001792,9.682584485713734,-15.068995015731655,False
BNB,500,2026-02,4,184,0.5217391304347826,0.44808786488174607,4.085258898220524,70.28174949548902,0.6695575767125065,3.0557282389343032,9.339115153425013,-6.283386914490709,False
BNB,500,2026-02,5,185,0.5945945945945946,0.522400881808001,15.118665176686624,72.62075095664498,0.7057470979896211,13.739060991797704,9.411494195979243,4.327566795818461,True
BNB,500,2026-03,1,76,0.6052631578947368,0.49312610181226446,12.743351412854853,64.88480591946625,0.20892793606438487,13.659959140940261,8.41785587212877,5.242103268811491,False
BNB,500,2026-03,2,75,0.48,0.36462235918515234,1.5047103401201412,67.81467446917816,0.20030501653002064,-2.7125869787671286,8.40061003306004,-11.113197011827168,False
BNB,500,2026-03,3,75,0.48,0.36462235918515234,-6.922554181603976,62.71673389539239,0.23593236100307707,-2.5086693558156976,8.471864722006154,-10.980534077821853,False
BNB,500,2026-03,4,75,0.49333333333333335,0.3778735439564123,6.862551799650355,67.9335223576128,0.23280428860369587,-0.9057802981015023,8.465608577207393,-9.371388875308895,False
BNB,500,2026-03,5,76,0.47368421052631576,0.3591353289299981,0.9472424421893807,55.52273875872253,0.19460680604820216,-2.9222494083538204,8.389213612096404,-11.311463020450224,False
BTC,100,2026-02,1,530,0.5339622641509434,0.4906253597840679,0.1926307476497868,19.804145835569628,0.32440110075784506,1.3451872643028424,8.64880220151569,-7.303614937212847,False
BTC,100,2026-02,2,529,0.500945179584121,0.4574669963984901,-0.7070125081197691,18.970828578182733,0.2849867555664564,0.03586167973191477,8.569973511132913,-8.534111831400999,False
BTC,100,2026-02,3,530,0.4962264150943396,0.4527904279228483,0.8735513507149807,16.81234059913772,0.2839738146112791,-0.12688558942745445,8.567947629222559,-8.694833218650013,False
BTC,100,2026-02,4,529,0.497164461247637,0.4536868995384773,1.0747402123858416,17.374724207266,0.3407572509252768,-0.09853340760264366,8.681514501850554,-8.780047909453197,False
BTC,100,2026-02,5,530,0.5094339622641509,0.4660044704710875,0.8199199175421199,19.232066229554725,0.33940615457652096,0.3628691741425419,8.678812309153042,-8.3159431350105,False
BTC,100,2026-03,1,410,0.48292682926829267,0.43356914947529634,-0.03717706199177029,16.4408128143786,0.24195710956074157,-0.5613936082958552,8.483914219121484,-9.04530782741734,False
BTC,100,2026-03,2,409,0.5183374083129584,0.4689238558866511,-0.8753500398213494,16.531347539130184,0.24808578555467278,0.6062841395768999,8.496171571109345,-7.889887431532445,False
BTC,100,2026-03,3,409,0.48655256723716384,0.4371236361058591,0.7173780027292321,15.814808793259106,0.24770085542921275,-0.42533715580892395,8.495401710858426,-8.92073886666735,False
BTC,100,2026-03,4,409,0.5256723716381418,0.4762907749023065,1.4009584381567441,15.641152226006126,0.25626164121946277,0.8030909455895576,8.512523282438925,-7.709432336849368,False
BTC,100,2026-03,5,409,0.49877750611246946,0.4493308362649535,-0.025775113001491233,16.13185526880259,0.2481303190004848,-0.03944218892127701,8.496260638000969,-8.535702826922245,False
BTC,500,2026-02,1,519,0.49710982658959535,0.45321543178610146,-2.2601091137651266,42.11585072739513,0.32462967084619493,-0.24344422385777753,8.64925934169239,-8.892703565550168,False
BTC,500,2026-02,2,518,0.49034749034749037,0.44641820098647556,0.12333043607416143,40.98324096365964,0.2923665273268915,-0.7911822579857057,8.584733054653784,-9.375915312639489,False
BTC,500,2026-02,3,518,0.47876447876447875,0.4348666461130911,-1.0200449751415173,41.10621996037907,0.2964818445650383,-1.7458240137612744,8.592963689130077,-10.33878770289135,False
BTC,500,2026-02,4,518,0.5019305019305019,0.4579933519110434,2.1879163555617738,36.866492107663994,0.30365427219285496,0.14234166836935877,8.60730854438571,-8.464966876016351,False
BTC,500,2026-02,5,519,0.5086705202312138,0.4647819924857965,-0.3053529012673322,42.2373067117546,0.36424357234331495,0.7324388447125048,8.72848714468663,-7.996048299974126,False
BTC,500,2026-03,1,400,0.5475,0.49772613637660823,-1.3128680917096676,35.989394726988394,0.25204887676591897,3.4189924990638962,8.504097753531838,-5.085105254467941,False
BTC,500,2026-03,2,399,0.47368421052631576,0.4236909799846339,-5.173073646604275,35.16227782262252,0.26663089913248045,-1.8506462011906608,8.533261798264961,-10.383907999455623,False
BTC,500,2026-03,3,399,0.49874686716791977,0.4486844069668418,-0.7068347253959419,34.67067308276908,0.21517757153419476,-0.0868939175006763,8.43035514306839,-8.517249060569066,False
BTC,500,2026-03,4,399,0.5112781954887218,0.46122831537584374,1.5712238680033668,35.04915813703333,0.2440540199428455,0.7905825143691709,8.488108039885692,-7.697525525516521,False
BTC,500,2026-03,5,399,0.46867167919799496,0.41870742768523495,1.4574279722769097,37.206070442674665,0.2620375128061874,-2.331207421220219,8.524075025612374,-10.855282446832593,False
CRV,100,2026-02,1,104,0.4423076923076923,0.3449045653571883,-17.112516081677086,58.33007597315243,28.41431695383563,-6.73039338151759,64.82863390767126,-71.55902728918885,False
CRV,100,2026-02,2,104,0.41346153846153844,0.3168833328705499,-10.202360586285582,57.067101647240094,26.609167388576648,-9.876998362022327,61.218334777153295,-71.09533313917562,False
CRV,100,2026-02,3,104,0.5192307692307693,0.4212452566605639,8.680685237917702,55.71864930481338,26.77500081069543,2.143024973262058,61.55000162139086,-59.406976648128804,False
CRV,100,2026-02,4,104,0.40384615384615385,0.3076183716212878,-3.742795214258414,68.20698823643255,26.303311246245855,-13.11672850700626,60.60662249249171,-73.72335099949797,False
CRV,100,2026-02,5,104,0.5,0.401941932430908,9.969310303858988,59.20953145575293,26.7534910223093,0.0,61.5069820446186,-61.5069820446186,False
CRV,100,2026-03,1,93,0.5376344086021505,0.4342333933850786,-1.909211731731167,50.903856144061336,23.433126832792162,3.8314730431013877,54.866253665584324,-51.034780622482934,False
CRV,100,2026-03,2,92,0.5760869565217391,0.47304395683392225,12.742425375187882,48.97132966700324,23.76332284445225,7.452158862370059,55.5266456889045,-48.07448682653444,False
CRV,100,2026-03,3,93,0.45161290322580644,0.3484044412767862,-9.911685422505933,46.61065112750577,23.19876468060959,-4.510708173629592,54.39752936121918,-58.908237534848766,False
CRV,100,2026-03,4,92,0.5,0.39574279297146264,4.986706205628613,47.12456547839912,22.03630166908615,0.0,52.0726033381723,-52.0726033381723,False
CRV,100,2026-03,5,93,0.46236559139784944,0.35896457618077754,2.7736057264490226,50.216687559050015,24.65511498440437,-3.779750676487638,57.31022996880874,-61.08998064529638,False
CRV,500,2026-02,1,93,0.4731182795698925,0.36957308438706316,-6.183180108779645,146.24969150596576,28.02496542931589,-7.862886640105679,64.04993085863178,-71.91281749873747,False
CRV,500,2026-02,2,93,0.3763440860215054,0.2758701093044495,-40.164873840225496,123.86080335882954,27.139649321427285,-30.632241690893327,62.27929864285457,-92.9115403337479,False
CRV,500,2026-02,3,92,0.5543478260869565,0.4507083351665336,-3.5673558412110857,108.24106018844775,27.35357536965119,11.765332629179108,62.70715073930238,-50.94181811012327,False
CRV,500,2026-02,4,93,0.5161290322580645,0.4124878285287098,1.8205349163032116,114.48713825713284,26.409153676324724,3.6931334921655723,60.81830735264945,-57.125173860483876,False
CRV,500,2026-02,5,93,0.3333333333333333,0.23556858998576446,-28.147349874670404,134.45375971568097,26.510549416245404,-44.817919905226994,61.02109883249081,-105.8390187377178,False
CRV,500,2026-03,1,83,0.4939759036144578,0.38421961054620707,17.249627906560427,98.52164933768795,24.52000542273685,-1.1870078233456418,57.0400108454737,-58.22701866881934,False
CRV,500,2026-03,2,82,0.5121951219512195,0.4017964477367087,5.532317029686119,95.21873160005387,22.225716410744486,2.322408087806194,52.45143282148897,-50.129024733682776,False
CRV,500,2026-03,3,83,0.5180722891566265,0.4083797522907166,17.11336379230491,109.19990820557004,23.741916719366095,3.946984633936267,55.48383343873219,-51.53684880479592,False
CRV,500,2026-03,4,82,0.524390243902439,0.41409018397666986,7.883780390995355,104.84355709461576,23.428603787421828,5.114319858273944,54.857207574843656,-49.74288771656971,False
CRV,500,2026-03,5,83,0.5662650602409639,0.457469033162708,13.991782199086822,98.88934137731634,23.528888841193297,13.105816327114223,55.05777768238659,-41.951961355272374,False
DOGE,100,2026-02,1,113,0.5309734513274337,0.43708203497762943,7.03463466033524,51.118150547145966,2.920319345220223,3.1666110958409055,13.840638690440446,-10.67402759459954,False
DOGE,100,2026-02,2,112,0.5089285714285714,0.4144525199256631,-2.590762544757797,50.99171340012684,2.899597601404824,0.9105663107165475,13.79919520280965,-12.888628892093102,False
DOGE,100,2026-02,3,112,0.49107142857142855,0.39659537706852027,-0.5420995237009899,45.7964636188077,2.750832943535991,-0.8177939931929968,13.501665887071983,-14.31945988026498,False
DOGE,100,2026-02,4,112,0.44642857142857145,0.3524813784269373,-5.716546931385829,47.53352894470379,2.895325202330578,-5.092878101218261,13.790650404661157,-18.88352850587942,False
DOGE,100,2026-02,5,112,0.49107142857142855,0.39659537706852027,-3.70502825485842,55.89694494314513,3.601566870564024,-0.9981597311275943,15.203133741128049,-16.201293472255642,False
DOGE,100,2026-03,1,90,0.5333333333333333,0.4281585816337846,4.4377212662867205,44.185590422785026,2.356855808966508,2.945706028185668,12.713711617933015,-9.768005589747347,False
DOGE,100,2026-03,2,89,0.5168539325842697,0.41091438124781976,3.1086215909106345,41.28447185828486,2.472203919832463,1.3916114109534257,12.944407839664926,-11.5527964287115,False
DOGE,100,2026-03,3,90,0.4777777777777778,0.37247268180749066,-0.7978425977751307,36.81344563508698,2.263441973151574,-1.6361531393371973,12.526883946303148,-14.163037085640346,False
DOGE,100,2026-03,4,89,0.5056179775280899,0.3996248807996255,-2.6103848295259042,42.129859112321206,2.349774072697466,0.4733692035092282,12.699548145394932,-12.226178941885703,False
DOGE,100,2026-03,5,90,0.4666666666666667,0.36149191496711797,-0.552087685617998,47.21791284818118,2.529323412720573,-3.147860856545411,13.058646825441146,-16.206507681986558,False
DOGE,500,2026-02,1,101,0.5247524752475248,0.4253707599005269,18.617471187003204,124.5960488974378,2.9412408025395442,6.168121232546431,13.88248160507909,-7.714360372532658,False
DOGE,500,2026-02,2,101,0.46534653465346537,0.36608208390818875,-5.716616223093727,123.82977521767383,3.1530314573520273,-8.582261648749665,14.306062914704054,-22.88832456345372,False
DOGE,500,2026-02,3,101,0.5346534653465347,0.43538901460125806,10.216603326347188,125.22615369146223,2.770597737971926,8.679040354853825,13.541195475943852,-4.8621551210900265,False
DOGE,500,2026-02,4,101,0.44554455445544555,0.3466327316479032,-5.815585472390228,98.27539360929552,2.5716754591423308,-10.703260690121294,13.14335091828466,-23.846611608405954,False
DOGE,500,2026-02,5,101,0.5445544554455446,0.44544657333202264,5.360546419630069,107.30034667654755,3.685656281931227,9.561417030583453,15.371312563862453,-5.8098955332790005,False
DOGE,500,2026-03,1,80,0.575,0.4644615451528292,16.314101772707165,110.49291448097173,2.4521060740072675,16.57393717214575,12.904212148014535,3.669725024131216,False
DOGE,500,2026-03,2,79,0.5189873417721519,0.40655970409330106,29.453421708064507,99.75530299236287,2.4326848038702744,3.78817606300112,12.865369607740549,-9.07719354473943,False
DOGE,500,2026-03,3,80,0.5125,0.4007315451480159,-15.808652380258314,91.03140461928645,2.3559340440952017,2.275785115482153,12.711868088190403,-10.43608297270825,False
DOGE,500,2026-03,4,79,0.620253164556962,0.5110467808204241,24.556360459842303,88.52100972294316,2.4031029271675175,21.289863097923035,12.806205854335035,8.483657243588,True
DOGE,500,2026-03,5,80,0.6125,0.5035633785175986,15.796226280997152,99.97160346750886,2.351646658021199,22.493610780189503,12.703293316042398,9.790317464147105,False
ENA,100,2026-02,1,145,0.503448275862069,0.42040477095404455,-1.801089219839404,51.74452233772019,2.2842436395461982,0.35685877474289857,12.568487279092396,-12.211628504349498,False
ENA,100,2026-02,2,145,0.5103448275862069,0.42731712393508664,0.9683991503118562,56.00536716467465,2.2848718033986417,1.1587317344415469,12.569743606797283,-11.411011872355736,False
ENA,100,2026-02,3,145,0.5241379310344828,0.44118927881864434,1.125926688324265,54.660110530911965,2.330539777588626,2.6387639566647207,12.661079555177253,-10.022315598512531,False
ENA,100,2026-02,4,145,0.4896551724137931,0.4066274687626728,2.7737046391548184,54.81544226833231,3.1817652155362524,-1.1341125986551535,14.363530431072505,-15.497643029727659,False
ENA,100,2026-02,5,145,0.5586206896551724,0.47614793724869964,5.4016994743435935,57.11744870988134,2.2937189062345817,6.696528469434364,12.587437812469163,-5.890909343034799,False
ENA,100,2026-03,1,113,0.48672566371681414,0.392686735231514,-5.057653094374905,46.34257151323315,1.7272536822691718,-1.2303337569884927,11.454507364538344,-12.684841121526837,False
ENA,100,2026-03,2,112,0.4732142857142857,0.3788588548178601,0.6204862158095942,47.94673459941163,1.7310652002361713,-2.5685750678256243,11.462130400472343,-14.030705468297967,False
ENA,100,2026-03,3,112,0.5357142857142857,0.44146452448004503,2.2371708711789857,54.87313921441195,1.8541034503916332,3.919509943886566,11.708206900783267,-7.788696956896701,False
ENA,100,2026-03,4,112,0.5267857142857143,0.4324302833892887,0.39474666668341335,48.05158349894007,1.9522040220942265,2.574191973157505,11.904408044188454,-9.330216071030948,False
ENA,100,2026-03,5,113,0.5398230088495575,0.4460497692820806,8.986533188064811,49.06390780377496,2.0278979463419096,3.9077448693272046,12.055795892683818,-8.148051023356613,False
ENA,500,2026-02,1,134,0.5373134328358209,0.4511674775977437,18.7840389729494,124.28496459145035,2.2372430091404296,9.274997357570921,12.47448601828086,-3.199488660709939,False
ENA,500,2026-02,2,134,0.5298507462686567,0.4436179940763324,21.428257859295016,125.11859764455617,2.605275451780152,7.469767023555586,13.210550903560303,-5.7407838800047175,False
ENA,500,2026-02,3,133,0.42857142857142855,0.34274979868769845,-25.251710609687482,116.44157703955128,2.359452591116534,-16.63451100565019,12.718905182233069,-29.35341618788326,False
ENA,500,2026-02,4,134,0.5970149253731343,0.5122698107330058,16.07461237585556,119.26263341771431,2.2162714968377544,23.140510961646047,12.432542993675508,10.70796796797054,True
ENA,500,2026-02,5,134,0.5671641791044776,0.4815602712139728,6.129512478124606,119.96139702554939,3.0812978492415404,16.114217510894687,14.16259569848308,1.9516218124116058,False
ENA,500,2026-03,1,103,0.4563106796116505,0.3581546233050218,-10.722931894183802,123.7170807246788,1.868590998326149,-10.81023035458358,11.737181996652298,-22.547412351235877,False
ENA,500,2026-03,2,102,0.43137254901960786,0.33329489411770763,-12.471650943458938,100.49865868978766,1.5753277447622187,-13.793933545657126,11.150655489524437,-24.944589035181565,False
ENA,500,2026-03,3,102,0.4803921568627451,0.38145356777196265,-4.23477943341642,100.59087877260329,2.2418752714537074,-3.9447403440236557,12.483750542907416,-16.428490886931073,False
ENA,500,2026-03,4,102,0.5294117647058824,0.4305684646568464,7.553287100273208,128.6750445193787,1.7748864821853179,7.569120265845807,11.549772964370636,-3.9806526985248283,False
ENA,500,2026-03,5,103,0.4854368932038835,0.3869457687857742,11.655459623209934,101.12502398982359,1.8735717250586523,-2.9453890482472875,11.747143450117305,-14.692532498364592,False
ETH,100,2026-02,1,464,0.5237068965517241,0.477335273330869,2.0215214245297157,26.232515114288844,0.5030836352115466,1.2437830442119684,9.006167270423093,-7.762384226211125,False
ETH,100,2026-02,2,464,0.5431034482758621,0.4968524377792841,2.3953577407783877,27.203670929453054,0.46542238199419095,2.345144045642506,8.930844763988382,-6.585700718345876,False
ETH,100,2026-02,3,463,0.5075593952483801,0.4610907657741462,-0.0972977536123852,24.024010184116513,0.571065160636986,0.3632139768656919,9.142130321273973,-8.77891634440828,False
ETH,100,2026-02,4,464,0.5107758620689655,0.4643628101742862,2.2869436103535197,26.57583912784086,0.5216552774251568,0.5727551536172604,9.043310554850313,-8.470555401233053,False
ETH,100,2026-02,5,464,0.5086206896551724,0.462203755718089,1.2858450499571776,25.739187492496033,0.57094196585436,0.4437790946982055,9.141883931708719,-8.698104837010513,False
ETH,100,2026-03,1,358,0.5195530726256983,0.46674185858982375,0.6812245174847887,21.70728681083429,0.29411409602436656,0.8488883110382104,8.588228192048733,-7.7393398810105225,False
ETH,100,2026-03,2,358,0.4720670391061452,0.41929793631966106,1.9214006231305212,20.84365006868636,0.33245150200229817,-1.164449724507619,8.664903004004596,-9.829352728512216,False
ETH,100,2026-03,3,358,0.49162011173184356,0.43877589274678397,-0.4567903960391625,22.50674755156783,0.3133523543759077,-0.377208059523484,8.626704708751815,-9.003912768275299,False
ETH,100,2026-03,4,358,0.5111731843575419,0.4583347397503595,1.7939927690206334,21.4663361942635,0.35099884733454606,0.4796946635589604,8.701997694669092,-8.222303031110131,False
ETH,100,2026-03,5,358,0.5139664804469274,0.46113546096725294,0.5311876875002957,19.615790371392162,0.33325033533126636,0.5479271053461503,8.666500670662533,-8.118573565316382,False
ETH,500,2026-02,1,453,0.5496688741721855,0.502917169601642,5.083419537982962,57.16441292344433,0.562595403535867,5.678584065242818,9.125190807071734,-3.4466067418289157,False
ETH,500,2026-02,2,452,0.5066371681415929,0.4596052689686412,1.6616421301015754,54.15435867858383,0.5024368577574857,0.7188631682997805,9.004873715514972,-8.286010547215191,False
ETH,500,2026-02,3,453,0.5055187637969095,0.45853752727683694,4.013873305190173,61.86042598994069,0.5158316415197239,0.6827861588293709,9.031663283039448,-8.348877124210077,False
ETH,500,2026-02,4,452,0.47345132743362833,0.42648163583286863,0.31728577086244963,58.217362912035235,0.5243558736884923,-3.0911874112585065,9.048711747376984,-12.13989915863549,False
ETH,500,2026-02,5,453,0.5077262693156733,0.4607477805309268,-5.308676292422055,62.98093556040093,0.5395894245604581,0.9732153397854498,9.079178849120916,-8.105963509335467,False
ETH,500,2026-03,1,348,0.5086206896551724,0.45502303104810804,-2.889360084514613,46.35259261809331,0.3049728176619334,0.7991826313464329,8.609945635323866,-7.810763003977433,False
ETH,500,2026-03,2,348,0.5402298850574713,0.48679805542572346,2.596225636073784,50.07677682007794,0.34428409218879125,4.0291659510407545,8.688568184377582,-4.659402233336827,False
ETH,500,2026-03,3,348,0.5344827586206896,0.4810047645045245,-0.4835882543372291,50.62276728176986,0.3236281267829458,3.4912253297772273,8.647256253565892,-5.156030923788665,False
ETH,500,2026-03,4,348,0.5114942528735632,0.4579027925237659,3.4214344574907405,52.58806268144053,0.31510785874236447,1.2089209811825394,8.63021571748473,-7.4212947363021895,False
ETH,500,2026-03,5,348,0.5545977011494253,0.5013126197767996,6.379239176992464,44.030534418354215,0.3366924524817361,4.8079319192455765,8.673384904963472,-3.865452985717895,False
FARTCOIN,100,2026-02,1,109,0.4036697247706422,0.3096815392795999,-18.6356788776513,80.9181401362766,6.7089918768633945,-15.589733420750536,21.417983753726787,-37.00771717447732,False
FARTCOIN,100,2026-02,2,108,0.4537037037037037,0.3578920340848246,-10.903291715496595,83.29991805954636,7.098568368204831,-7.7129553758839196,22.19713673640966,-29.91009211229358,False
FARTCOIN,100,2026-02,3,108,0.5092592592592593,0.4130507153024195,-8.349023251126,86.55433148777364,6.946701354766759,1.6028579905143336,21.893402709533518,-20.290544719019184,False
FARTCOIN,100,2026-02,4,108,0.5555555555555556,0.4599263371306811,14.411221479172527,74.84661649005751,7.20215494512082,8.316290721117506,22.40430989024164,-14.088019169124136,False
FARTCOIN,100,2026-02,5,108,0.4722222222222222,0.376145787553868,2.614503939491093,72.26274959447271,7.225277642072839,-4.01459719969293,22.45055528414568,-26.465152483838608,False
FARTCOIN,100,2026-03,1,111,0.5675675675675675,0.47352241379441296,4.138876623704985,69.76709166501846,6.769025697362034,9.427985360137626,21.538051394724068,-12.110066034586442,False
FARTCOIN,100,2026-03,2,110,0.5727272727272728,0.4783950274350171,-3.7411817293931247,78.51596587914331,6.340331435922397,11.420504127875395,20.680662871844795,-9.2601587439694,False
FARTCOIN,100,2026-03,3,110,0.5181818181818182,0.42289861895921305,5.681994663312236,90.7258622962465,6.591049865778083,3.2991222653180556,21.182099731556164,-17.88297746623811,False
FARTCOIN,100,2026-03,4,110,0.5,0.4046537410754408,0.21978386145997217,86.64363737427108,6.59511195983653,0.0,21.19022391967306,-21.19022391967306,False
FARTCOIN,100,2026-03,5,111,0.4774774774774775,0.3826580215389599,-1.0249831609904496,59.16994787922534,6.310072464038423,-2.665312967532672,20.620144928076847,-23.285457895609518,False
FARTCOIN,500,2026-02,1,97,0.5051546391752577,0.4036254184167296,-14.86992123916369,153.3427422955792,6.853603005624141,1.5808530133564809,21.70720601124828,-20.1263529978918,False
FARTCOIN,500,2026-02,2,97,0.5360824742268041,0.4348125877890259,-0.1623990106445361,156.24051280411317,7.072233485728439,11.275088552874141,22.14446697145688,-10.869378418582738,False
FARTCOIN,500,2026-02,3,97,0.44329896907216493,0.34241933413007,-6.735031872041502,177.68785813708712,6.897422683796139,-20.150169479463496,21.79484536759228,-41.94501484705577,False
FARTCOIN,500,2026-02,4,97,0.4845360824742268,0.3830500380819967,-28.085402348661205,146.9511622725279,7.1043662725585435,-4.5448813073977705,22.208732545117087,-26.753613852514857,False
FARTCOIN,500,2026-02,5,97,0.5670103092783505,0.46639168288474037,46.925157664435226,187.01206504191757,7.460839111458911,25.06347263448379,22.921678222917823,2.141794411565968,False
FARTCOIN,500,2026-03,1,101,0.49504950495049505,0.39555066320416127,-8.49784810036455,177.72425639789344,6.636491146871885,-1.7596461029494417,21.27298229374377,-23.032628396693212,False
FARTCOIN,500,2026-03,2,100,0.47,0.37018016229225775,7.551260844593692,198.22687101641358,6.550345752405775,-11.893612260984826,21.10069150481155,-32.994303765796374,False
FARTCOIN,500,2026-03,3,100,0.49,0.3900200020004001,15.15127544043956,151.83759765568584,7.0358925322550325,-3.0367519531137197,22.071785064510067,-25.108537017623785,False
FARTCOIN,500,2026-03,4,100,0.49,0.3900200020004001,18.638418826049755,161.32725099614652,6.300676644848353,-3.2265450199229333,20.601353289696704,-23.827898309619638,False
FARTCOIN,500,2026-03,5,101,0.5643564356435643,0.4656803982078721,29.64495981233508,125.4200948946763,6.012862403060138,16.143180530997924,20.025724806120277,-3.8825442751223527,False
HYPE,100,2026-02,1,347,0.4610951008645533,0.4075750425359621,-5.51520552705802,48.52027340221284,1.311771387423306,-3.7753526854747754,10.623542774846612,-14.398895460321388,False
HYPE,100,2026-02,2,346,0.47109826589595377,0.4174278210991097,-4.079197702515212,43.24069295267793,1.3420233792561314,-2.4994620203860065,10.684046758512263,-13.18350877889827,False
HYPE,100,2026-02,3,346,0.5375722543352601,0.48396392031573715,3.2211229585299237,44.72399314471648,1.3785737612618068,3.360762490643436,10.757147522523614,-7.396385031880177,False
HYPE,100,2026-02,4,346,0.4653179190751445,0.4116870728411242,-4.621902096983018,46.730389074403675,1.187927675195282,-3.2414142710569007,10.375855350390564,-13.617269621447464,False
HYPE,100,2026-02,5,347,0.5187319884726225,0.46508686223578055,0.015395673154004664,45.839639444786044,1.3528709219223813,1.7173351953378053,10.705741843844763,-8.988406648506958,False
HYPE,100,2026-03,1,246,0.4959349593495935,0.432179395212435,-2.6556613255549077,38.0408402698566,0.657816187781911,-0.3092751241451773,9.315632375563823,-9.624907499709,False
HYPE,100,2026-03,2,245,0.5265306122448979,0.46273295678111076,-0.5092065420008061,36.5718358403673,0.6686563277489137,1.9405463915296923,9.337312655497827,-7.396766263968135,False
HYPE,100,2026-03,3,245,0.5224489795918368,0.45862574879911533,-0.09662471553459066,38.1633191064792,0.646853591202222,1.7134551435562126,9.293707182404443,-7.58025203884823,False
HYPE,100,2026-03,4,245,0.5306122448979592,0.46684444028225164,2.6344779529606495,40.42437141771178,0.7088885171494407,2.474961515370112,9.417777034298881,-6.94281551892877,False
HYPE,100,2026-03,5,245,0.49795918367346936,0.4340720593510896,3.3115232349832495,40.32705340101386,0.6399424292212543,-0.16460021796332386,9.279884858442509,-9.444485076405833,False
HYPE,500,2026-02,1,336,0.5178571428571429,0.4633374737929528,-1.4341552804091908,94.88722869230257,1.2315015178277386,3.388829596153672,10.463003035655477,-7.074173439501806,False
HYPE,500,2026-02,2,335,0.5582089552238806,0.5039446251094574,14.145881565522266,94.74664954794054,1.2810007178192677,11.030206962297553,10.562001435638535,0.46820552665901793,False
HYPE,500,2026-02,3,335,0.4746268656716418,0.4200614232094316,-2.063807998819341,92.07907336301474,1.3189831916895434,-4.672669394541043,10.637966383379087,-15.31063577792013,False
HYPE,500,2026-02,4,335,0.5253731343283582,0.47080769186614796,13.53545063866989,102.5519238765946,1.278564215020983,5.204127480304797,10.557128430041967,-5.35300094973717,False
HYPE,500,2026-02,5,335,0.5223880597014925,0.46780702042819844,0.4204458504129295,102.81247015643469,1.5178122331558384,4.603543439840349,11.035624466311678,-6.432081026471328,False
HYPE,500,2026-03,1,236,0.4957627118644068,0.430670593907185,-4.474230009800636,87.09680937188526,0.7135514954498252,-0.7381085539990256,9.42710299089965,-10.165211544898675,False
HYPE,500,2026-03,2,235,0.43829787234042555,0.3735636730929718,-11.820448666417375,84.57421943031417,0.6512309625163805,-10.436818567996214,9.30246192503276,-19.739280493028975,False
HYPE,500,2026-03,3,235,0.4723404255319149,0.4072075076929533,0.7306210999624086,89.49245530530149,0.6828025995399306,-4.9506464636975265,9.36560519907986,-14.316251662777386,False
HYPE,500,2026-03,4,235,0.4595744680851064,0.39455522034645296,-5.552441632681847,79.97901206624505,0.600077760423736,-6.466388209611302,9.200155520847472,-15.666543730458773,False
HYPE,500,2026-03,5,235,0.5319148936170213,0.4668151090547848,3.1279919934722176,85.21145506450343,0.6989535020975634,5.43902904667043,9.397907004195126,-3.958877957524696,False
KBONK,100,2026-02,1,108,0.6018518518518519,0.5076443975045153,11.984052026003278,54.72344841050641,5.43837615723109,11.147369120658713,18.87675231446218,-7.729383193803468,False
KBONK,100,2026-02,2,108,0.5740740740740741,0.47891085530989974,12.441837357515498,64.95068522876092,5.299168278285077,9.62232373759421,18.598336556570153,-8.976012818975944,False
KBONK,100,2026-02,3,107,0.40186915887850466,0.3070756621141459,-10.123374011136717,59.043866300934425,5.484337904361977,-11.588048526351617,18.968675808723955,-30.55672433507557,False
KBONK,100,2026-02,4,108,0.5,0.40377495513506234,4.994145948684348,53.14985696351741,5.397946850191049,0.0,18.7958937003821,-18.7958937003821,False
KBONK,100,2026-02,5,108,0.39814814814814814,0.3039406938008116,-17.341503966303353,58.92688791492332,5.9331792622508805,-12.0036253160029,19.866358524501763,-31.869983840504663,False
KBONK,100,2026-03,1,92,0.44565217391304346,0.3420126829926205,-2.9867503421043704,51.046875558575415,5.425843790444375,-5.548573430279938,18.85168758088875,-24.400261011168688,False
KBONK,100,2026-03,2,91,0.4725274725274725,0.36785734491365313,-1.1594176884411396,50.82368904997844,5.460397120859733,-2.792510387361454,18.920794241719467,-21.71330462908092,False
KBONK,100,2026-03,3,91,0.4835164835164835,0.37874498045264177,-4.211859793560861,50.43446310222724,5.164199281677015,-1.6626746077657328,18.32839856335403,-19.991073171119762,False
KBONK,100,2026-03,4,91,0.5274725274725275,0.4228023998587081,7.137425277755688,50.2092378875394,5.3443177018762125,2.7587493344801883,18.688635403752425,-15.929886069272236,False
KBONK,100,2026-03,5,92,0.5217391304347826,0.417580511803736,9.572401341637988,55.97105737884386,5.193269108403082,2.4335242338627747,18.386538216806166,-15.953013982943391,False
KBONK,500,2026-02,1,97,0.5257731958762887,0.4243735593706423,-8.512416716445005,150.6687917958281,5.668055490704392,7.7664325667952685,19.336110981408783,-11.569678414613515,False
KBONK,500,2026-02,2,96,0.5,0.3979379273840342,3.417304780248126,134.10754412170346,5.171280857625935,0.0,18.34256171525187,-18.34256171525187,False
KBONK,500,2026-02,3,97,0.4948453608247423,0.3933161400662142,-6.472959456042119,127.53321322174838,5.33545474577878,-1.3147753940386384,18.67090949155756,-19.985684885596196,False
KBONK,500,2026-02,4,96,0.4166666666666667,0.31603210592924,-28.29676381004673,141.92813536219214,5.39595531091345,-23.65468922703202,18.7919106218269,-42.446599848858924,False
KBONK,500,2026-02,5,97,0.4845360824742268,0.3830500380819967,-4.7668442480050555,117.29574801165711,5.975151993493022,-3.627703546752282,19.950303986986043,-23.578007533738326,False
KBONK,500,2026-03,1,82,0.4268292682926829,0.3175866329944701,-28.88407120757983,107.9424940565709,5.2614728952586125,-15.796462544864035,18.522945790517227,-34.31940833538126,False
KBONK,500,2026-03,2,81,0.5185185185185185,0.4074836414548803,1.019327886005225,118.2483873547001,5.5362984103091,4.3795699020259224,19.0725968206182,-14.69302691859228,False
KBONK,500,2026-03,3,81,0.43209876543209874,0.32201699507413506,-1.134738054077566,120.62182863398154,5.347050725847296,-16.38074216017034,18.694101451694593,-35.074843611864935,False
KBONK,500,2026-03,4,81,0.49382716049382713,0.3827245172492917,0.11739943234429148,111.12687192106611,5.367539469513158,-1.3719366903835384,18.735078939026316,-20.107015629409855,False
KBONK,500,2026-03,5,82,0.43902439024390244,0.3294171145785788,6.582035794247919,118.8737193754372,5.160807770994358,-14.496795045785024,18.321615541988717,-32.81841058777374,False
KPEPE,100,2026-02,1,110,0.4818181818181818,0.38653498259557667,-2.3192795846657237,63.64562929803682,3.8707366875371814,-2.3143865199286124,15.741473375074364,-18.055859895002975,False
KPEPE,100,2026-02,2,109,0.46788990825688076,0.37230499869432215,-0.2705932758646567,50.12379957256488,3.982190287222032,-3.2189596055775582,15.964380574444064,-19.183340180021624,False
KPEPE,100,2026-02,3,110,0.5,0.4046537410754408,3.775889012848463,66.78557033732925,3.743776106264413,0.0,15.487552212528826,-15.487552212528826,False
KPEPE,100,2026-02,4,109,0.47706422018348627,0.381382417631465,-3.768526167761479,61.60943751273053,4.181413147240476,-2.826120986822498,16.362826294480953,-19.188947281303452,False
KPEPE,100,2026-02,5,110,0.4818181818181818,0.38653498259557667,-7.371490184378821,56.51547197989898,4.357658933321662,-2.0551080719963273,16.715317866643325,-18.77042593863965,False
KPEPE,100,2026-03,1,95,0.47368421052631576,0.3712285761279394,-2.019169320288403,55.45501859504794,4.046383634842224,-2.9186851892130523,16.092767269684447,-19.0114524588975,False
KPEPE,100,2026-03,2,95,0.5578947368421052,0.4559869974643031,-3.7437034395560134,50.00293052274309,3.5984519908255126,5.789813007896565,15.196903981651026,-9.40709097375446,False
KPEPE,100,2026-03,3,94,0.574468085106383,0.47247632400804757,5.719470455489281,52.48355807694629,3.6760414274309228,7.816700139119665,15.352082854861845,-7.5353827157421795,False
KPEPE,100,2026-03,4,95,0.5473684210526316,0.44523203490012514,3.3134835585339553,57.15411761775632,3.8973705340393305,5.414600616419024,15.794741068078661,-10.380140451659637,False
KPEPE,100,2026-03,5,95,0.49473684210526314,0.39214469114480377,-8.676137787676065,42.47919970174216,3.7615092547208477,-0.4471494705446557,15.523018509441695,-15.97016797998635,False
KPEPE,500,2026-02,1,99,0.4444444444444444,0.34456298333877894,18.630568727260098,126.18308527021931,3.9333877098986982,-14.020342807802152,15.866775419797396,-29.887118227599547,False
KPEPE,500,2026-02,2,98,0.46938775510204084,0.36856200311492376,-18.028922544294602,157.3512336556958,4.455084873403966,-9.633748999328308,16.91016974680793,-26.54391874613624,False
KPEPE,500,2026-02,3,98,0.5204081632653061,0.41947708820341834,3.698719203155521,132.20929920607256,3.6768892105738944,5.396297926778478,15.353778421147789,-9.95748049436931,False
KPEPE,500,2026-02,4,98,0.46938775510204084,0.36856200311492376,-5.099248801785464,140.31344809054866,4.011156076540359,-8.590619270849912,16.02231215308072,-24.612931423930632,False
KPEPE,500,2026-02,5,99,0.5555555555555556,0.4556740944498901,32.00719596710601,146.94638869443432,4.257200275790176,16.32737652160382,16.51440055158035,-0.18702402997653067,False
KPEPE,500,2026-03,1,85,0.5058823529411764,0.3974246305358132,-5.585082862606833,116.6520679471426,4.103337533897885,1.3723772699663785,16.20667506779577,-14.834297797829393,False
KPEPE,500,2026-03,2,85,0.49411764705882355,0.3856599246534603,-5.114498783180129,101.49012363784637,3.729411097514109,-1.194001454562894,15.458822195028219,-16.652823649591113,False
KPEPE,500,2026-03,3,84,0.5952380952380952,0.4881267368044717,22.78311274965485,116.35807626032056,3.9193729630592538,22.163443097203913,15.838745926118508,6.324697171085406,False
KPEPE,500,2026-03,4,85,0.6,0.49372621373518855,-6.448907737970955,126.4025097904829,3.6972051071655976,25.280501958096572,15.394410214331195,9.886091743765377,False
KPEPE,500,2026-03,5,85,0.4823529411764706,0.37395528951645507,-8.498180334487941,120.3587283786929,3.6364485915300064,-4.247955119247983,15.272897183060014,-19.520852302307997,False
LDO,100,2026-02,1,106,0.5094339622641509,0.41232266638659193,9.297176283377327,48.72147881988506,7.042535119814714,0.9192731852808499,22.085070239629427,-21.165797054348577,False
LDO,100,2026-02,2,105,0.4666666666666667,0.36929376755463716,-6.550519549775649,53.84625704027711,7.564235490531427,-3.5897504693518063,23.128470981062854,-26.71822145041466,False
LDO,100,2026-02,3,105,0.49523809523809526,0.3976525138942769,-8.54044757787579,50.249897872466455,6.966747746307482,-0.47857045592825026,21.933495492614966,-22.412065948543216,False
LDO,100,2026-02,4,105,0.49523809523809526,0.3976525138942769,-4.848194863500676,58.48369845924544,7.257954226560137,-0.5569876043737642,22.515908453120275,-23.072896057494038,False
LDO,100,2026-02,5,105,0.45714285714285713,0.3599120046405342,3.6720486310688156,65.79067865303455,8.068878859004117,-5.639201027402963,24.137757718008235,-29.7769587454112,False
LDO,100,2026-03,1,92,0.532608695652174,0.42857344389922997,-3.822547505083267,43.50187226246696,7.155000254227347,2.837078625813066,22.310000508454692,-19.472921882641625,False
LDO,100,2026-03,2,91,0.6263736263736264,0.5249486784148159,12.695815513015337,42.082063975592945,7.147921727242174,10.63612605976525,22.29584345448435,-11.659717394719099,False
LDO,100,2026-03,3,91,0.5054945054945055,0.4006723514714256,2.0025599335965056,46.263222734873686,7.250038030624185,0.5083870630205881,22.50007606124837,-21.991688998227783,False
LDO,100,2026-03,4,91,0.5164835164835165,0.4117120134196748,-0.6198879218772629,43.06225898639808,6.946516228062101,1.4196349116395015,21.893032456124203,-20.4733975444847,False
LDO,100,2026-03,5,91,0.5824175824175825,0.47902303410795805,12.896219957658309,55.14156808123598,7.041675242879358,9.089269463940001,22.083350485758714,-12.994081021818713,False
LDO,500,2026-02,1,94,0.5425531914893617,0.43978527988721416,-4.132044966180014,123.23093657695158,7.039309137384741,10.487739283144803,22.078618274769482,-11.59087899162468,False
LDO,500,2026-02,2,94,0.48936170212765956,0.3862429260305742,0.1030222613813994,136.77811701678885,6.907458967771299,-2.9101727024848736,21.814917935542596,-24.72509063802747,False
LDO,500,2026-02,3,94,0.44680851063829785,0.3442516939080074,-6.430952534115811,125.16194561032268,7.19548040890545,-13.315100596842843,22.3909608178109,-35.706061414653746,False
LDO,500,2026-02,4,94,0.39361702127659576,0.2928365220995216,-29.633931325202987,130.78495439627812,7.399327797415931,-27.8265860417613,22.798655594831864,-50.62524163659316,False
LDO,500,2026-02,5,94,0.5106382978723404,0.407519521775255,7.291998128948987,119.00902576003998,8.499963682498539,2.532106931064671,24.999927364997077,-22.467820433932406,False
LDO,500,2026-03,1,82,0.47560975609756095,0.36530969617179176,-5.732371307492124,101.79702733982653,7.328185886095899,-4.96570865072325,22.656371772191797,-27.622080422915047,False
LDO,500,2026-03,2,81,0.4691358024691358,0.35823658199501923,3.1900350532614947,77.2166044043844,7.236038973135593,-4.7664570619990405,22.472077946271185,-27.238535008270226,False
LDO,500,2026-03,3,81,0.4444444444444444,0.3340213344444548,-14.965402669874106,93.63363968908348,7.276831857047307,-10.403737743231503,22.553663714094615,-32.957401457326114,False
LDO,500,2026-03,4,81,0.4691358024691358,0.35823658199501923,2.9057910828275992,95.1920121507202,6.848466250249873,-5.876050132760511,21.69693250049975,-27.57298263326026,False
LDO,500,2026-03,5,81,0.4444444444444444,0.3340213344444548,-15.028877549209803,103.35171778282484,6.746003439913824,-11.483524198091654,21.49200687982765,-32.9755310779193,False
LINK,100,2026-02,1,118,0.4915254237288136,0.39948118573590213,-1.049705631339208,49.92969713220526,3.5414880990087174,-0.8462660530882226,15.082976198017434,-15.929242251105656,False
LINK,100,2026-02,2,118,0.4830508474576271,0.39104629225940024,6.913726047368076,50.05263440934724,3.5963894701512094,-1.6966994715032975,15.192778940302418,-16.889478411805715,False
LINK,100,2026-02,3,117,0.46153846153846156,0.36936235545918805,-7.702902221209197,46.91400315619568,3.852068081204596,-3.6087694735535116,15.704136162409192,-19.312905635962704,False
LINK,100,2026-02,4,118,0.5254237288135594,0.4334853496687757,2.8799450386213796,49.314063812098816,3.795444785070814,2.5074947701067236,15.590889570141627,-13.083394800034903,False
LINK,100,2026-02,5,118,0.4661016949152542,0.3742560423489244,-2.617285530778451,49.15050644083331,4.584483964436087,-3.3322377248022605,17.168967928872174,-20.501205653674436,False
LINK,100,2026-03,1,97,0.4639175257731959,0.36264763933541766,-7.178447281382847,37.27065235505086,3.47031847074636,-2.6896347060345973,14.94063694149272,-17.630271647527316,False
LINK,100,2026-03,2,96,0.4479166666666667,0.3464098265053404,-3.4901381576448127,36.02575053397082,3.4823549120444994,-3.752682347288626,14.964709824088999,-18.717392171377625,False
LINK,100,2026-03,3,97,0.41237113402061853,0.31240801054224127,-9.372065335842073,42.06800129241434,3.4675495847102535,-7.372742494546844,14.935099169420507,-22.307841663967352,False
LINK,100,2026-03,4,96,0.53125,0.4293874624187086,3.663363639532097,38.49610027894329,3.5673927737777844,2.4060062674339555,15.13478554755557,-12.728779280121614,False
LINK,100,2026-03,5,97,0.4742268041237113,0.37282716761806495,-2.1738028363664124,37.475646528135435,3.9230562325396727,-1.9317343571203847,15.846112465079345,-17.77784682219973,False
LINK,500,2026-02,1,107,0.5514018691588785,0.45524043016475996,8.541448165756105,108.03873903868137,3.588202862984157,11.106786256313027,15.176405725968314,-4.0696194696552865,False
LINK,500,2026-02,2,106,0.5094339622641509,0.41232266638659193,-15.568690852377284,104.71541849193817,3.6281248010412654,1.9757626130554367,15.25624960208253,-13.280486989027093,False
LINK,500,2026-02,3,107,0.4953271028037383,0.39865767591681367,5.424726760516037,108.87969305602022,3.5749263522182204,-1.0175672248226189,15.14985270443644,-16.16741992925906,False
LINK,500,2026-02,4,106,0.5566037735849056,0.46009959187553984,21.611697220433648,119.42766150543255,4.040729604453985,13.520112623256512,16.081459208907972,-2.56134658565146,False
LINK,500,2026-02,5,107,0.5233644859813084,0.4267964428945755,-3.922404501783089,97.36239425248175,4.777559281919205,4.549644591237454,17.555118563838413,-13.005473972600958,False
LINK,500,2026-03,1,87,0.4482758620689655,0.3416398146917147,-19.043306850384965,87.36039055206818,3.426425793467291,-9.037281781248431,14.852851586934582,-23.890133368183015,False
LINK,500,2026-03,2,86,0.4883720930232558,0.38056848351830974,8.605673049194264,87.12013901005285,3.40769412503083,-2.0260497444198373,14.815388250061659,-16.841437994481495,False
LINK,500,2026-03,3,87,0.45977011494252873,0.3529064556790331,1.0643914994431745,88.65531047792466,3.5055208717198276,-7.133185900522675,15.011041743439655,-22.14422764396233,False
LINK,500,2026-03,4,86,0.4883720930232558,0.38056848351830974,12.609181427340012,85.11699244924412,3.627238604023974,-1.9794649406800995,15.254477208047948,-17.233942148728048,False
LINK,500,2026-03,5,87,0.4827586206896552,0.3756111265058853,5.605247924708141,64.33041540087028,3.937879460652496,-2.2182901862369033,15.875758921304993,-18.094049107541895,False
LTC,100,2026-02,1,106,0.5283018867924528,0.43132902476414214,-1.6411796812741706,45.490142979274665,4.075872925070511,2.574913753543848,16.151745850141022,-13.576832096597174,False
LTC,100,2026-02,2,106,0.5,0.4028714137642736,-0.1254075063947205,43.69577995911966,4.040286346346616,0.0,16.08057269269323,-16.08057269269323,False
LTC,100,2026-02,3,106,0.44339622641509435,0.34689204470572854,-4.569609026612592,41.03373338342111,4.009488673765833,-4.645328307557105,16.018977347531667,-20.66430565508877,False
LTC,100,2026-02,4,106,0.46226415094339623,0.3654125808475177,0.30820838078334806,44.3850933962474,4.107490761023506,-3.349818369528105,16.21498152204701,-19.564799891575117,False
LTC,100,2026-02,5,106,0.5094339622641509,0.41232266638659193,-5.804199217290514,48.27893640011558,4.351975357050574,0.9109233283040674,16.703950714101147,-15.79302738579708,False
LTC,100,2026-03,1,93,0.45161290322580644,0.3484044412767862,-4.7193819139671,33.35999521838046,3.4924903237816807,-3.22838663403682,14.984980647563361,-18.21336728160018,False
LTC,100,2026-03,2,93,0.45161290322580644,0.3484044412767862,-7.052015167690661,32.69742049905236,3.5797669440361783,-3.164266499908294,15.159533888072357,-18.32380038798065,False
LTC,100,2026-03,3,93,0.45161290322580644,0.3484044412767862,-0.5924406022745218,26.210197825925373,3.4897137308718116,-2.5364707573476175,14.979427461743622,-17.51589821909124,False
LTC,100,2026-03,4,93,0.5053763440860215,0.4016871694197175,0.2703574422398017,29.051401870282945,3.4759767804537742,0.3123806652718593,14.951953560907548,-14.639572895635688,False
LTC,100,2026-03,5,93,0.46236559139784944,0.35896457618077754,-0.9129717389392539,29.974013044314567,3.330117333086573,-2.2561085087118506,14.660234666173146,-16.916343174884997,False
LTC,500,2026-02,1,95,0.4631578947368421,0.36083895904430363,-3.344712603931569,94.29243298481374,4.126542471346584,-6.94786348309154,16.253084942693167,-23.20094842578471,False
LTC,500,2026-02,2,95,0.5368421052631579,0.4345231695706194,-2.091635768476224,97.72233685660252,4.182566291218403,7.20059324206545,16.365132582436807,-9.164539340371357,False
LTC,500,2026-02,3,94,0.46808510638297873,0.36515330918151134,-17.194628544794178,101.37178989241222,4.033061855525369,-6.470539780366736,16.066123711050736,-22.53666349141747,False
LTC,500,2026-02,4,95,0.5263157894736842,0.42386015507530783,16.527803547644154,95.75491316882948,4.065823696239272,5.039732272043651,16.131647392478545,-11.091915120434894,False
LTC,500,2026-02,5,95,0.42105263157894735,0.31974178880299203,-34.68742011735002,107.7324318625152,4.152368700969535,-17.010383978291877,16.30473740193907,-33.31512138023095,False
LTC,500,2026-03,1,83,0.4939759036144578,0.38421961054620707,-1.6829008677901756,51.151273062889615,3.4670974267924746,-0.6162803983480696,14.934194853584948,-15.550475251933017,False
LTC,500,2026-03,2,83,0.5180722891566265,0.4083797522907166,-4.726547264349524,73.18327321451912,3.601956313224933,2.6451785499223783,15.203912626449867,-12.55873407652749,False
LTC,500,2026-03,3,83,0.5421686746987951,0.4327954763179519,-6.699951471922746,65.9513310240002,3.4156384911141973,5.5621604478072415,14.831276982228395,-9.269116534421155,False
LTC,500,2026-03,4,83,0.5662650602409639,0.457469033162708,2.5153947274955932,65.84573445416692,3.4755273648211715,8.726543120431765,14.951054729642344,-6.2245116092105786,False
LTC,500,2026-03,5,83,0.43373493975903615,0.32493891268078023,2.581720921858408,56.391255809311325,3.4478279387633477,-7.473539926535235,14.895655877526696,-22.36919580406193,False
PENGU,100,2026-02,1,107,0.40186915887850466,0.3070756621141459,-6.876845684154896,60.509501512501785,4.690156482981799,-11.87569655852839,17.380312965963597,-29.256009524491986,False
PENGU,100,2026-02,2,107,0.5046728971962616,0.408003470309337,-4.518350107101857,65.51084735165031,5.2024220001551225,0.6122509098285004,18.404844000310245,-17.792593090481745,False
PENGU,100,2026-02,3,107,0.5420560747663551,0.44572500882968435,11.226724871397709,68.31653962771585,5.248224301092463,5.746250996723757,18.496448602184927,-12.750197605461171,False
PENGU,100,2026-02,4,107,0.4953271028037383,0.39865767591681367,3.6574392244257647,75.64255724807661,6.068679720888463,-0.706939787365202,20.137359441776926,-20.844299229142127,False
PENGU,100,2026-02,5,107,0.4953271028037383,0.39865767591681367,13.170356722303733,75.66175631301317,7.911946709462378,-0.7071192178786279,23.823893418924754,-24.531012636803382,False
PENGU,100,2026-03,1,91,0.5714285714285714,0.46767528011391957,7.501358610809987,51.27922796708561,4.689728844565645,7.325603995297941,17.37945768913129,-10.053853693833348,False
PENGU,100,2026-03,2,91,0.46153846153846156,0.3570205814635758,-6.389821597162664,55.53634599162053,4.584126345958833,-4.272026614740038,17.168252691917665,-21.440279306657704,False
PENGU,100,2026-03,3,91,0.5604395604395604,0.45637975947245746,5.584500236231892,52.08247309233369,4.652458250970292,6.295683560611766,17.304916501940582,-11.009232941328815,False
PENGU,100,2026-03,4,91,0.45054945054945056,0.3462349128463026,-16.838944152318827,60.51001257239461,4.895610516104965,-5.984506737929136,17.79122103220993,-23.775727770139063,False
PENGU,100,2026-03,5,91,0.4835164835164835,0.37874498045264177,-3.144098661653357,59.39350001466628,4.975563091388856,-1.958027473010976,17.951126182777713,-19.90915365578869,False
PENGU,500,2026-02,1,96,0.5,0.3979379273840342,2.9494509266207856,159.03187909259506,5.357058448143879,0.0,18.714116896287756,-18.714116896287756,False
PENGU,500,2026-02,2,96,0.5833333333333334,0.4826987725959067,47.071827125553455,139.77699997459027,6.981806673136918,23.296166662431723,21.96361334627384,1.3325533161578846,False
PENGU,500,2026-02,3,95,0.6,0.49947506200999303,36.165894959259475,117.93510114971687,5.072861002446962,23.58702022994337,18.145722004893926,5.441298225049444,False
PENGU,500,2026-02,4,96,0.4895833333333333,0.3875434120084838,-31.87772866706348,178.5371045041843,6.445985939413028,-3.7195230105038464,20.891971878826055,-24.6114948893299,False
PENGU,500,2026-02,5,96,0.4791666666666667,0.3771932280861916,2.5184693528364117,177.7768528951517,5.3531303711328535,-7.4073688706313146,18.706260742265705,-26.11362961289702,False
PENGU,500,2026-03,1,81,0.4444444444444444,0.3340213344444548,-27.60461513490679,139.74124462273957,4.7245289169201,-15.526804958082181,17.4490578338402,-32.97586279192238,False
PENGU,500,2026-03,2,81,0.5802469135802469,0.4705761531341197,4.76349183170694,137.052346404676,4.903037766482314,21.996055595812205,17.806075532964627,4.189980062847578,False
PENGU,500,2026-03,3,81,0.5308641975308642,0.4199649770567477,2.6968904610296045,106.86011948205265,4.908768242795752,6.5963036717316506,17.817536485591503,-11.221232813859853,False
PENGU,500,2026-03,4,81,0.654320987654321,0.5486345114718342,35.27091216935199,132.6361410645651,4.667603612928324,40.93708057548306,17.33520722585665,23.60187334962641,True
PENGU,500,2026-03,5,81,0.5308641975308642,0.4199649770567477,0.8737266551084049,130.56587466435064,4.618031823636704,8.059621892861157,17.236063647273408,-9.17644175441225,False
PUMP,100,2026-02,1,123,0.3983739837398374,0.3100891246084988,-10.416978189616437,66.18464995171507,3.3832987098601226,-13.452164624332331,14.766597419720245,-28.218762044052575,False
PUMP,100,2026-02,2,122,0.4918032786885246,0.40127969897624205,-2.9014841410963377,70.77571568385407,3.2462741981563155,-1.1602576341615434,14.492548396312632,-15.652806030474174,False
PUMP,100,2026-02,3,123,0.43902439024390244,0.3495304244183629,2.193890898384294,73.7537458414547,3.0314788216724033,-8.99435924895789,14.062957643344806,-23.057316892302694,False
PUMP,100,2026-02,4,122,0.45901639344262296,0.3687852977896312,-9.69549615655373,67.28724766352599,3.206478278200206,-5.515348169141473,14.412956556400413,-19.928304725541885,False
PUMP,100,2026-02,5,123,0.5447154471544715,0.4549097800354534,-1.0489764906927816,83.42992786865383,3.787083450492775,7.461213061424321,15.57416690098555,-8.112953839561229,False
PUMP,100,2026-03,1,98,0.40816326530612246,0.3088665518021784,-19.18041131180591,56.6910905399709,2.923583593127366,-10.412649282851797,13.847167186254733,-24.259816469106532,False
PUMP,100,2026-03,2,98,0.5306122448979592,0.42978649291084214,0.7863715875699437,51.69473859848696,3.1027982812504966,3.1649839958257355,14.205596562500993,-11.040612566675257,False
PUMP,100,2026-03,3,97,0.44329896907216493,0.34241933413007,-5.700492064834234,60.82071877990165,2.809864416613456,-6.897194913184725,13.619728833226912,-20.516923746411635,False
PUMP,100,2026-03,4,98,0.5204081632653061,0.41947708820341834,3.9370775957835082,57.233950445021954,3.266075137667175,2.3360796100008985,14.532150275334349,-12.196070665333451,False
PUMP,100,2026-03,5,98,0.5918367346938775,0.4925400211899335,8.304240871772537,64.63638058615899,3.1898729386849363,11.871988270927162,14.379745877369873,-2.507757606442711,False
PUMP,500,2026-02,1,112,0.5714285714285714,0.4779066184702889,20.97974659298989,132.83012533666536,3.1781839097249764,18.975732190952186,14.356367819449954,4.619364371502233,False
PUMP,500,2026-02,2,111,0.4594594594594595,0.36485616930988995,-14.379801096285274,172.68762026808506,3.396974583618577,-14.001698940655537,14.793949167237155,-28.795648107892692,False
PUMP,500,2026-02,3,111,0.6036036036036037,0.5107477542008826,28.501005723487832,154.86602058877116,3.339211918770421,32.08935561749314,14.67842383754084,17.4109317799523,True
PUMP,500,2026-02,4,111,0.5135135135135135,0.4186323863776215,-14.782902709721373,158.12412271058017,3.273999564294991,4.273624938123779,14.547999128589982,-10.274374190466203,False
PUMP,500,2026-02,5,112,0.5,0.4055088817476932,7.9908472248287366,162.1996284448729,3.573241571401699,0.0,15.146483142803397,-15.146483142803397,False
PUMP,500,2026-03,1,88,0.5681818181818182,0.4625772298540245,9.731387375623116,131.26425485141277,3.008369687801161,17.899671116101754,14.016739375602322,3.8829317404994317,False
PUMP,500,2026-03,2,88,0.6022727272727273,0.4979262133578349,49.958412356960665,145.83095844758688,3.01988692091664,29.829059682460958,14.03977384183328,15.789285840627677,False
PUMP,500,2026-03,3,87,0.42528735632183906,0.31927976152243354,-29.692104963606308,111.8904680812074,3.054593773337945,-16.71926534546778,14.10918754667589,-30.82845289214367,False
PUMP,500,2026-03,4,88,0.45454545454545453,0.34838650761433776,-24.29712607695711,153.7808555240007,3.053562652250619,-13.98007777490916,14.107125304501238,-28.0872030794104,False
PUMP,500,2026-03,5,88,0.4659090909090909,0.3595568011279208,-15.799317481121962,125.27945636164044,3.1076749171240334,-8.5417811155664,14.215349834248066,-22.757130949814467,False
SOL,100,2026-02,1,308,0.5032467532467533,0.446267666334376,-0.7579488422148883,34.24692508103953,0.8791792451293219,0.22238263039636255,9.758358490258644,-9.535975859862281,False
SOL,100,2026-02,2,308,0.4642857142857143,0.40745096981397616,-0.3853719823165304,36.767198584268726,0.9089384912594713,-2.6262284703049077,9.817876982518943,-12.44410545282385,False
SOL,100,2026-02,3,308,0.4935064935064935,0.43653101069841865,-1.8543857909492452,33.18044456610832,0.8499914788209365,-0.4309148644949134,9.699982957641874,-10.130897822136786,False
SOL,100,2026-02,4,308,0.4902597402597403,0.43329026479885674,2.2411985615969248,34.22401537531552,0.8538251695294595,-0.6667015982204305,9.707650339058919,-10.37435193727935,False
SOL,100,2026-02,5,308,0.5324675324675324,0.4756075016176212,1.725353961880466,39.23152726297036,1.1205094481450921,2.547501770322747,10.241018896290184,-7.693517125967437,False
SOL,100,2026-03,1,237,0.4810126582278481,0.41610253134960984,-3.36166664578917,29.877800188418153,0.6987077667285038,-1.1346000071551192,9.397415533457007,-10.532015540612127,False
SOL,100,2026-03,2,236,0.5084745762711864,0.44338947141725027,2.7153152209897895,30.679037958440365,0.6698521722475026,0.5199836942108522,9.339704344495004,-8.819720650284152,False
SOL,100,2026-03,3,236,0.5127118644067796,0.4476384497379138,-0.6281422640517231,28.80329621429794,0.6676844922516127,0.7322871918889288,9.335368984503226,-8.603081792614297,False
SOL,100,2026-03,4,236,0.4533898305084746,0.38857882860450677,-3.067126140002898,25.68953794806354,0.7145257216188713,-2.394787435836431,9.429051443237743,-11.823838879074174,False
SOL,100,2026-03,5,236,0.4915254237288136,0.42644031887487743,-1.506736134144256,28.89563867764132,0.7021167439171587,-0.4897565877566312,9.404233487834318,-9.89399007559095,False
SOL,500,2026-02,1,297,0.5084175084175084,0.450399846465789,-0.045262696025565825,75.72364420834772,0.8658171187215126,1.2748088250563616,9.731634237443025,-8.456825412386664,False
SOL,500,2026-02,2,297,0.468013468013468,0.4101064414315242,-0.8981721676634887,72.8571115136235,0.8491045841159599,-4.6608926557536945,9.69820916823192,-14.359101823985615,False
SOL,500,2026-02,3,296,0.4966216216216216,0.43849912905035976,-8.118783431030312,71.81643683118655,0.8740237971552873,-0.48524619480531755,9.748047594310574,-10.23329378911589,False
SOL,500,2026-02,4,297,0.4882154882154882,0.43020572179266087,1.110808955397067,78.64717390748504,0.88263156322356,-1.8536370954626107,9.76526312644712,-11.618900221909731,False
SOL,500,2026-02,5,297,0.4478114478114478,0.3901025119372102,-7.713485842708567,80.96435520406233,1.14881592302747,-8.450824953959366,10.29763184605494,-18.748456800014306,False
SOL,500,2026-03,1,227,0.4801762114537445,0.41385606715185597,2.181967577313169,64.95038767152838,0.6850933403674913,-2.5751255023953967,9.370186680734982,-11.945312183130378,False
SOL,500,2026-03,2,226,0.5,0.43348098947622604,8.832372559572768,67.49139415036687,0.6702841357901097,0.0,9.340568271580219,-9.340568271580219,False
SOL,500,2026-03,3,226,0.49557522123893805,0.42905881547328645,1.5931868965216711,61.819210538634294,0.6813698416728,-0.5470726596339327,9.3627396833456,-9.909812342979533,False
SOL,500,2026-03,4,226,0.4469026548672566,0.38075978564178414,-2.9669082889202802,65.06809173237455,0.7014611573600379,-6.909885847685797,9.402922314720076,-16.312808162405872,False
SOL,500,2026-03,5,226,0.5,0.43348098947622604,9.006057326452598,63.13157925586727,0.7190584652821005,0.0,9.4381169305642,-9.4381169305642,False
SUI,100,2026-02,1,121,0.4628099173553719,0.372152648360641,-3.7538794686723813,55.36539886487006,3.2449689745125165,-4.118087518874631,14.489937949025034,-18.608025467899665,False
SUI,100,2026-02,2,120,0.5083333333333333,0.4170589200593028,-2.439424729827786,51.74654801027295,3.2247545781337834,0.8624424668378795,14.449509156267567,-13.587066689429687,False
SUI,100,2026-02,3,120,0.5,0.4087129070824723,3.6184573159445574,47.148972681201705,3.2027912667437723,0.0,14.405582533487545,-14.405582533487545,False
SUI,100,2026-02,4,120,0.5,0.4087129070824723,2.3401818382648334,55.98645665392501,8.518896937987893,0.0,25.037793875975787,-25.037793875975787,False
SUI,100,2026-02,5,120,0.55,0.4591704893770753,-0.17299612204628972,67.25787575332289,3.911415223913314,6.725787575332295,15.822830447826629,-9.097042872494335,False
SUI,100,2026-03,1,92,0.45652173913043476,0.3526594471841403,-2.5140018639198236,49.13845386118199,3.3755630853196688,-4.272909031407132,14.751126170639338,-19.02403520204647,False
SUI,100,2026-03,2,92,0.4673913043478261,0.36335605259488213,-2.9800971642949543,41.48669849799749,3.462697287321413,-2.7056542498693994,14.925394574642826,-17.631048824512227,False
SUI,100,2026-03,3,92,0.4673913043478261,0.36335605259488213,-4.381361734366378,46.15845349809623,3.515322968098717,-3.0103339237888824,15.030645936197434,-18.040979859986315,False
SUI,100,2026-03,4,92,0.44565217391304346,0.3420126829926205,-5.724371483680755,50.3000336331761,3.537796891241274,-5.467394960127839,15.075593782482548,-20.542988742610387,False
SUI,100,2026-03,5,92,0.6413043478260869,0.5412971565008705,10.427403334189057,39.02658632991637,3.65014379310874,11.029252658454624,15.300287586217479,-4.271034927762855,False
SUI,500,2026-02,1,109,0.44954128440366975,0.3542476449227573,-26.330525279090534,115.70456257252141,3.221846475390515,-11.67660723208931,14.443692950781031,-26.12030018287034,False
SUI,500,2026-02,2,109,0.5779816513761468,0.48337112922946446,3.1715431385183392,128.89180407420002,3.3591643177793427,20.102391461113758,14.718328635558684,5.384062825555073,False
SUI,500,2026-02,3,109,0.41284403669724773,0.3185277937149095,-25.433095929059995,136.60200407991346,3.4500860448071493,-23.811358509342707,14.900172089614298,-38.711530598957005,False
SUI,500,2026-02,4,109,0.5321100917431193,0.4365251821805607,25.154058846438122,106.12982452344029,3.330993764497368,6.81567680425764,14.661987528994736,-7.846310724737096,False
SUI,500,2026-02,5,109,0.5779816513761468,0.48337112922946446,30.691550174705892,134.9601539250879,9.371940657465437,21.048831346114618,26.743881314930874,-5.695049968816257,False
SUI,500,2026-03,1,82,0.45121951219512196,0.34131479425792627,-11.683131616699816,109.26155081314036,3.55867526738409,-10.65966349396491,15.11735053476818,-25.777014028733092,False
SUI,500,2026-03,2,82,0.5487804878048781,0.4388757698676824,22.43255884532495,104.23104338003233,3.5176555796853766,10.168882280978773,15.035311159370753,-4.8664288783919805,False
SUI,500,2026-03,3,82,0.4146341463414634,0.30582402507865625,-13.637974108273477,109.33625595424849,3.5205277193244737,-18.667165650725355,15.041055438648947,-33.708221089374305,False
SUI,500,2026-03,4,82,0.47560975609756095,0.36530969617179176,-19.97828766271645,99.63249371163116,3.514692465061974,-4.8601216444698165,15.029384930123948,-19.889506574593764,False
SUI,500,2026-03,5,82,0.5853658536585366,0.4765557323957294,36.265186208502385,103.42898916717795,3.455890772511598,17.65860790659135,14.911781545023196,2.7468263615681536,False
UNI,100,2026-02,1,110,0.5818181818181818,0.48775712135521987,19.65063820807693,61.95673707547527,4.607188212504861,10.13837515780504,17.21437642500972,-7.076001267204681,False
UNI,100,2026-02,2,109,0.45871559633027525,0.3632600304123019,0.9377776097955537,61.14262087517493,4.45037766610538,-5.0484732832713215,16.90075533221076,-21.94922861548208,False
UNI,100,2026-02,3,109,0.47706422018348627,0.381382417631465,2.7407300395769,60.719458425084675,4.5464389732387875,-2.785296258031404,17.092877946477575,-19.87817420450898,False
UNI,100,2026-02,4,109,0.5229357798165137,0.4272539772644925,0.8848802416305308,54.79765395798653,4.56152651240618,2.513653851283783,17.12305302481236,-14.609399173528578,False
UNI,100,2026-02,5,110,0.6,0.5065801267006173,1.8207690860351549,68.71390939254093,4.83419362588408,13.742781878508183,17.66838725176816,-3.9256053732599767,False
UNI,100,2026-03,1,93,0.46236559139784944,0.35896457618077754,-2.3244258366222006,48.34981385326802,4.5827608997306335,-3.639233300783616,17.165521799461267,-20.804755100244883,False
UNI,100,2026-03,2,93,0.46236559139784944,0.35896457618077754,-2.5216498245083483,37.71463878952224,4.451773906136271,-2.838736252974794,16.903547812272542,-19.742284065247336,False
UNI,100,2026-03,3,93,0.4946236559139785,0.3909344812476745,1.5719919763561907,42.69147103426084,4.384764657905774,-0.45904807563721295,16.769529315811546,-17.22857739144876,False
UNI,100,2026-03,4,93,0.5591397849462365,0.4561725209477506,1.4737592631207344,38.617919152520344,4.282945639715656,4.567710867502402,16.565891279431312,-11.99818041192891,False
UNI,100,2026-03,5,93,0.6236559139784946,0.5231819372614387,5.16112500957137,31.46317524164793,4.1200834439017635,7.781215382343037,16.240166887803525,-8.458951505460488,False
UNI,500,2026-02,1,99,0.46464646464646464,0.36439423173589147,-3.5786374643684136,125.35855490622222,4.544666054532718,-8.863736205490461,17.089332109065438,-25.9530683145559,False
UNI,500,2026-02,2,98,0.5612244897959183,0.46096939437872064,55.53533430800783,134.46481866854558,4.587902331129797,16.46507983696475,17.175804662259594,-0.710724825294843,False
UNI,500,2026-02,3,98,0.5204081632653061,0.41947708820341834,-15.362919153439831,130.01110668712994,4.732175614331073,5.306575783148166,17.464351228662146,-12.15777544551398,False
UNI,500,2026-02,4,98,0.4387755102040816,0.33852041478688394,42.54103738825562,189.71461834703697,4.450907179798716,-23.23036143024943,16.90181435959743,-40.13217578984686,False
UNI,500,2026-02,5,98,0.5612244897959183,0.46096939437872064,24.952172737043014,181.45388608426896,4.853152159375819,22.2188431939921,17.706304318751638,4.5125388752404625,False
UNI,500,2026-03,1,83,0.40963855421686746,0.30168166654428336,-28.45935939762722,98.09936342635308,4.609854468970317,-17.72880061922044,17.219708937940634,-34.948509557161074,False
UNI,500,2026-03,2,83,0.5060240963855421,0.3962678033172914,15.686944506374237,90.4630216571453,4.555513441472583,1.0899159235800573,17.11102688294517,-16.02111095936511,False
UNI,500,2026-03,3,83,0.5301204819277109,0.42055556876629085,-9.260444484898006,86.31009587369518,4.392723062365281,5.199403365885258,16.785446124730562,-11.586042758845304,False
UNI,500,2026-03,4,83,0.5180722891566265,0.4083797522907166,2.4353072508500277,71.74219602095839,4.264572803309213,2.5930914224442794,16.529145606618428,-13.936054184174148,False
UNI,500,2026-03,5,83,0.5301204819277109,0.42055556876629085,3.4453692324045875,73.20451943920077,4.0555160198230595,4.409910809590413,16.11103203964612,-11.701121230055705,False
WLFI,100,2026-02,1,114,0.5614035087719298,0.46845386967964603,3.053247227550708,61.01972358237639,7.999644559551554,7.49365026450236,23.99928911910311,-16.50563885460075,False
WLFI,100,2026-02,2,114,0.5,0.4063414188418306,1.4783749572737008,73.58575961315012,8.244211703203545,0.0,24.48842340640709,-24.48842340640709,False
WLFI,100,2026-02,3,114,0.6140350877192983,0.5228449068903909,14.871700928308856,65.88594748891092,8.979038621196704,15.02661960273407,25.958077242393408,-10.931457639659337,False
WLFI,100,2026-02,4,114,0.47368421052631576,0.3801554403538275,12.803224792725556,69.41017245129858,8.36158976400894,-3.6531669711209815,24.72317952801788,-28.37634649913886,False
WLFI,100,2026-02,5,114,0.5877192982456141,0.49551332654052005,3.347166449809244,73.79857657357644,8.368202335451503,12.94711869711868,24.736404670903006,-11.789285973784326,False
WLFI,100,2026-03,1,94,0.5,0.39685787537412065,0.7698192218051587,42.38154820094156,7.753764462109333,0.0,23.50752892421867,-23.50752892421867,False
WLFI,100,2026-03,2,93,0.5913978494623656,0.4894498481448787,12.733799994357254,48.605666282431464,7.544368392892712,8.884906739799304,23.08873678578542,-14.203830045986118,False
WLFI,100,2026-03,3,93,0.5913978494623656,0.4894498481448787,15.947849618632835,50.95273621630237,8.066039718273954,9.313941028786457,24.132079436547908,-14.81813840776145,False
WLFI,100,2026-03,4,93,0.5161290322580645,0.4124878285287098,-4.567960708940697,42.27922467617817,7.919659676074828,1.3638459572960686,23.83931935214966,-22.47547339485359,False
WLFI,100,2026-03,5,93,0.6451612903225806,0.5459323923915992,19.16773665930459,41.13022389324744,7.962195097867538,11.941032743200868,23.92439019573508,-11.98335745253421,False
WLFI,500,2026-02,1,103,0.5533980582524272,0.4554286460703796,55.05140927740146,148.24791099911278,7.569239699632572,15.832301174662522,23.138479399265144,-7.306178224602622,False
WLFI,500,2026-02,2,103,0.3300970873786408,0.23742730087100905,-52.24474247061427,157.44400464215684,9.04281990724932,-53.5003899269465,26.08563981449864,-79.58602974144515,False
WLFI,500,2026-02,3,102,0.5196078431372549,0.4206692540464725,20.425746812183746,147.3864419928274,9.215957116940631,5.779860470306969,26.431914233881262,-20.652053763574294,False
WLFI,500,2026-02,4,103,0.5339805825242718,0.43567546606144797,25.18387995087058,136.56885100816515,7.883597328173469,9.28137822385588,23.767194656346938,-14.485816432491058,False
WLFI,500,2026-02,5,103,0.39805825242718446,0.3015949931400189,-48.00558437853239,186.78069530460954,8.755582285396137,-38.08150098443496,25.511164570792275,-63.592665555227235,False
WLFI,500,2026-03,1,84,0.5357142857142857,0.4268840356749921,2.6526704312522327,79.64082398411863,7.495815642410745,5.688630284579899,22.99163128482149,-17.303001000241593,False
WLFI,500,2026-03,2,83,0.5542168674698795,0.44509981276239435,17.24902224389959,110.31888370922553,7.612211761490781,11.962288594976265,23.22442352298156,-11.262134928005295,False
WLFI,500,2026-03,3,83,0.4578313253012048,0.34845812692036154,-7.916093288137677,104.54182413824618,8.09895209708496,-8.81678034900872,24.19790419416992,-33.01468454317864,False
WLFI,500,2026-03,4,83,0.5662650602409639,0.457469033162708,3.691935862470267,108.12638541492726,7.779316317349291,14.33000288631567,23.558632634698583,-9.228629748382913,False
WLFI,500,2026-03,5,83,0.5421686746987951,0.4327954763179519,7.787268497703867,125.06662680878595,8.455901531465473,10.547787803150616,24.911803062930947,-14.36401525978033,False
XPL,100,2026-02,1,106,0.44339622641509435,0.34689204470572854,-12.684613363987712,74.08356266922674,14.431726251450648,-8.386818415384157,36.863452502901296,-45.25027091828545,False
XPL,100,2026-02,2,106,0.5283018867924528,0.43132902476414214,-15.35199405002195,75.57942698457616,15.25117036219463,4.278080772711857,38.502340724389256,-34.224259951677396,False
XPL,100,2026-02,3,106,0.4716981132075472,0.3747252511792365,-7.314866173678571,67.86048993301354,13.854320031645829,-3.8411598075290674,35.708640063291654,-39.54979987082072,False
XPL,100,2026-02,4,106,0.49056603773584906,0.39345474185829005,-2.4621732882225995,73.17203097594559,14.179464466688046,-1.380604358036709,36.35892893337609,-37.7395332914128,False
XPL,100,2026-02,5,106,0.44339622641509435,0.34689204470572854,-2.5334825175308295,99.17109390475805,14.162197229102707,-11.226916291104683,36.32439445820542,-47.551310749310105,False
XPL,100,2026-03,1,92,0.5,0.39574279297146264,3.4033964798058096,77.15462388106339,13.74889051598161,0.0,35.49778103196322,-35.49778103196322,False
XPL,100,2026-03,2,92,0.532608695652174,0.42857344389922997,10.120762934725981,73.30886836153579,13.330596151863585,4.781013154013208,34.66119230372717,-29.88017914971396,False
XPL,100,2026-03,3,91,0.4835164835164835,0.37874498045264177,7.992641001512612,71.69341624830834,13.263905239221211,-2.3635192169771977,34.52781047844242,-36.891329695419614,False
XPL,100,2026-03,4,92,0.5434782608695652,0.4396159689232707,17.586893531109162,81.52778863997976,13.676154283455237,7.089372925215627,35.35230856691047,-28.262935641694845,False
XPL,100,2026-03,5,92,0.5,0.39574279297146264,-0.18596363825836604,98.24130278581798,14.1354122221287,0.0,36.2708244442574,-36.2708244442574,False
XPL,500,2026-02,1,95,0.47368421052631576,0.3712285761279394,-14.213873399727975,163.27473137981082,15.32426241917423,-8.593406914726893,38.648524838348465,-47.241931753075356,False
XPL,500,2026-02,2,95,0.4631578947368421,0.36083895904430363,1.585031665040698,187.60488416515517,14.538547531033325,-13.823517780590382,37.07709506206665,-50.900612842657026,False
XPL,500,2026-02,3,94,0.3723404255319149,0.27261675774498595,-90.64083003396907,194.5972814970215,15.473353794241115,-49.68441229711188,38.94670758848223,-88.6311198855941,False
XPL,500,2026-02,4,95,0.5473684210526316,0.44523203490012514,18.661869177249894,158.61611764385606,13.865874484380612,15.02679009257585,35.731748968761224,-20.704958876185373,False
XPL,500,2026-02,5,95,0.5157894736842106,0.41324280805117447,-7.540368528632746,173.57561031607682,13.612556899532638,5.4813350626129695,35.22511379906528,-29.743778736452306,False
XPL,500,2026-03,1,82,0.5121951219512195,0.4017964477367087,-23.470226690888715,190.21984995427928,13.724243231454835,4.63950853547023,35.44848646290967,-30.80897792743944,False
XPL,500,2026-03,2,82,0.45121951219512196,0.34131479425792627,-5.439774576211297,146.5699091417396,13.94167279140464,-14.299503330901421,35.883345582809284,-50.18284891371071,False
XPL,500,2026-03,3,81,0.6419753086419753,0.5354376524611928,39.162997014095964,140.54879253689916,13.841948114709417,39.90891639936642,35.683896229418835,4.225020169947584,True
XPL,500,2026-03,4,82,0.4878048780487805,0.37740620383426965,8.846792227746963,172.47861376168507,13.354567658609733,-4.2067954576020785,34.70913531721946,-38.91593077482154,False
XPL,500,2026-03,5,82,0.5121951219512195,0.4017964477367087,-3.488478987271051,198.76656005912915,13.635847910734158,4.847964879490959,35.27169582146831,-30.423730941977354,False
XRP,100,2026-02,1,307,0.5342019543973942,0.47726262142546183,4.525564242697289,29.667024834729713,1.6795936264574212,2.0293404610075707,11.359187252914843,-9.329846791907272,False
XRP,100,2026-02,2,306,0.49019607843137253,0.4330408737127316,-0.21383264819150374,31.926714095294813,1.7175851229443087,-0.6260140018685271,11.435170245888617,-12.061184247757144,False
XRP,100,2026-02,3,306,0.4444444444444444,0.3876322230483429,-2.560277511713005,31.75134670812532,1.7175288235015824,-3.5279274120139257,11.435057647003164,-14.96298505901709,False
XRP,100,2026-02,4,306,0.48366013071895425,0.4265244695825973,-3.4105943514232204,37.21383968431335,1.7741141864276309,-1.216138551774946,11.548228372855261,-12.764366924630208,False
XRP,100,2026-02,5,307,0.5276872964169381,0.47070185183646523,4.331996478198609,35.3469875079967,2.1974453189205203,1.9573250411594274,12.39489063784104,-10.437565596681614,False
XRP,100,2026-03,1,149,0.3959731543624161,0.3158426541932488,-0.42125323880033394,27.323651130728866,0.9223409022022457,-5.684786476863054,9.844681804404491,-15.529468281267544,False
XRP,100,2026-03,2,148,0.4797297297297297,0.3975978127445938,0.7237920116543646,27.02381437643414,0.9911557279604555,-1.0955600422878713,9.982311455920911,-11.077871498208783,False
XRP,100,2026-03,3,148,0.5067567567567568,0.42456476887897876,-2.3510406088193774,36.17892521673516,0.9882878328801658,0.48890439482074843,9.97657566576033,-9.487671270939583,False
XRP,100,2026-03,4,148,0.5,0.41780050634732135,4.1549276122355945,26.19122752826815,0.9528863049504168,0.0,9.905772609900833,-9.905772609900833,False
XRP,100,2026-03,5,149,0.5033557046979866,0.421434357700688,-3.3062674282154227,35.14566562977591,0.9028917170782759,0.23587695053541238,9.805783434156552,-9.56990648362114,False
XRP,500,2026-02,1,296,0.4864864864864865,0.428383899560718,0.7193779075106534,65.34022598650824,1.6421254303797523,-1.7659520536894084,11.284250860759505,-13.050202914448914,False
XRP,500,2026-02,2,295,0.4542372881355932,0.3962594110920273,-3.154131485433653,70.00455668936037,1.7479058376217347,-6.407196713941458,11.49581167524347,-17.903008389184926,False
XRP,500,2026-02,3,295,0.5423728813559322,0.48436007868645753,7.775888576600664,67.08615528032985,1.6860132822690244,5.685267396638123,11.372026564538048,-5.686759167899925,False
XRP,500,2026-02,4,295,0.5288135593220339,0.47068806343723735,6.214796188488229,82.01226666437157,2.0460632966642267,4.726130621336665,12.092126593328453,-7.365995971991788,False
XRP,500,2026-02,5,295,0.5220338983050847,0.463868207756827,5.493831626688455,83.83459905955753,2.0172938009149597,3.6944060602516853,12.03458760182992,-8.340181541578234,False
XRP,500,2026-03,1,139,0.49640287769784175,0.4115861797505603,-17.411681313205325,81.01299620110173,1.0293383438375645,-0.5828273107992894,10.05867668767513,-10.64150399847442,False
XRP,500,2026-03,2,138,0.4492753623188406,0.3645888969060057,-15.669344271559828,63.266075352852475,1.0564038297378044,-6.418297499564744,10.112807659475608,-16.53110515904035,False
XRP,500,2026-03,3,138,0.4492753623188406,0.3645888969060057,-12.646576998144807,64.30907039178527,0.9963096076082878,-6.52410859047097,9.992619215216575,-16.516727805687545,False
XRP,500,2026-03,4,138,0.5144927536231884,0.4294028676300167,-4.389621522148308,58.35624226382342,0.8290408451469503,1.691485283009369,9.658081690293901,-7.966596407284532,False
XRP,500,2026-03,5,139,0.4748201438848921,0.3901088738191887,-2.1980148373849913,64.2524761975298,0.878981031396629,-3.2357362113863943,9.757962062793258,-12.993698274179652,False
