symbol,size_usd,horizon,n_windows,n_fillable_with_edge,fillable_frac,slip_median_bps,slip_p90_bps,edge_median_bps,edge_p75_bps,edge_p90_bps,headroom_median_bps,headroom_p75_bps,headroom_p90_bps,frac_positive_headroom,headroom_55_median_bps,headroom_55_p75_bps,headroom_55_p90_bps,frac_pos_acc_55,headroom_575_median_bps,headroom_575_p75_bps,headroom_575_p90_bps,frac_pos_acc_575,headroom_60_median_bps,headroom_60_p75_bps,headroom_60_p90_bps,frac_pos_acc_60
2Z,1000,10,4611,4602,1,10.9224,13.7363,12.6823,24.2033,38.9166,-20.8593,-11.9344,4.42776,0.131465,-32.2563,-28.7011,-25.9958,0.000217297,-31.461,-27.8953,-24.8403,0.000434594,-30.7337,-27.0428,-23.3464,0.00130378
2Z,1000,50,4611,4574,1,10.9224,13.7363,26.3043,50.3402,85.3252,-7.20615,15.7637,51.3176,0.419545,-30.433,-26.575,-22.8326,0.00109314,-28.9281,-24.4703,-19.6958,0.00699606,-27.5702,-22.3026,-15.9538,0.0183647
2Z,1000,100,4611,4537,1,10.9224,13.7363,37.9096,71.8566,117.635,3.94204,37.6895,83.8121,0.546176,-29.1267,-24.8995,-20.3142,0.0044082,-27.3031,-21.834,-15.1963,0.0189553,-25.5524,-18.5223,-9.38716,0.0394534
2Z,1000,500,4611,4203,1,10.9224,13.7363,83.4986,157.882,265.061,50.0528,123.839,229.298,0.777302,-24.5149,-17.409,-8.05727,0.0516298,-20.5781,-10.1645,4.77246,0.128718,-16.7279,-2.4161,17.9098,0.224126
2Z,10000,10,4611,4580,0.995229,19.7808,29.4394,12.6823,24.2033,38.9166,-38.748,-27.8299,-14.3999,0.0467249,-49.7811,-43.8857,-40.2066,0,-48.9202,-43.1064,-39.2905,0.000218341,-48.1068,-42.3197,-38.3048,0.000218341
2Z,10000,50,4611,4552,0.995229,19.7808,29.4394,26.3043,50.3402,85.3252,-25.1961,-2.0369,31.0589,0.233304,-47.7999,-41.9506,-37.8633,0.000219684,-46.2091,-40.2027,-35.2928,0.000439367,-44.6727,-38.3347,-32.5327,0.00285589
2Z,10000,100,4611,4515,0.995229,19.7808,29.4394,37.9096,71.8566,117.635,-14.7014,17.6458,63.1695,0.35969,-46.4071,-40.5461,-36.0753,0.000442968,-44.2586,-38.1027,-31.8038,0.00310078,-42.646,-35.3845,-27.179,0.00819491
2Z,10000,500,4611,4182,0.995229,19.7808,29.4394,83.4986,157.882,265.061,30.2344,105.404,206.657,0.659971,-41.6459,-33.9367,-25.1359,0.0126734,-38.0707,-27.1314,-14.3858,0.0461502,-34.2755,-20.2001,-2.26769,0.0894309
2Z,100000,10,4611,0,0,48.252,79.1026,12.6823,24.2033,38.9166,,,,,,,,,,,,,,,,
2Z,100000,50,4611,0,0,48.252,79.1026,26.3043,50.3402,85.3252,,,,,,,,,,,,,,,,
2Z,100000,100,4611,0,0,48.252,79.1026,37.9096,71.8566,117.635,,,,,,,,,,,,,,,,
2Z,100000,500,4611,0,0,48.252,79.1026,83.4986,157.882,265.061,,,,,,,,,,,,,,,,
AAVE,1000,10,5195,5184,1,2.85474,4.06886,8.46218,16.1894,27.4255,-9.0407,-1.50844,9.17218,0.218557,-16.6683,-15.3754,-13.9442,0.000192901,-16.1699,-14.6647,-12.9436,0.000578704,-15.7071,-13.98,-11.8845,0.00231481
AAVE,1000,50,5195,5153,1,2.85474,4.06886,18.3055,35.9439,61.72,0.745844,18.0894,43.0153,0.516786,-15.5952,-13.639,-11.256,0.00388123,-14.6581,-12.007,-8.56666,0.0174656,-13.743,-10.3025,-5.73887,0.0393945
AAVE,1000,100,5195,5107,1,2.85474,4.06886,26.8457,50.3356,85.7155,9.13055,32.652,67.1426,0.641277,-14.7975,-12.3672,-9.0613,0.0135109,-13.5121,-10.0136,-5.09001,0.0469943,-12.2192,-7.62643,-0.938997,0.0879185
AAVE,1000,500,5195,4773,1,2.85474,4.06886,57.5298,110.68,193.977,39.8886,93.1255,175.628,0.822753,-11.7759,-6.54587,1.00425,0.115022,-8.9898,-1.0421,10.8783,0.227739,-6.16486,4.67936,20.4695,0.332076
AAVE,10000,10,5195,5180,0.99923,3.89034,5.15495,8.46218,16.1894,27.4255,-11.1835,-3.84306,6.92554,0.181274,-18.6253,-17.4868,-16.4138,0,-18.1677,-16.859,-15.4905,0.0003861,-17.7312,-16.2234,-14.3909,0.000772201
AAVE,10000,50,5195,5149,0.99923,3.89034,5.15495,18.3055,35.9439,61.72,-1.38072,15.5159,40.5486,0.469994,-17.5398,-15.9324,-13.9213,0.00233055,-16.7306,-14.389,-11.195,0.0110701,-15.893,-12.7524,-8.30461,0.027384
AAVE,10000,100,5195,5103,0.99923,3.89034,5.15495,26.8457,50.3356,85.7155,6.91395,30.1716,64.835,0.612189,-16.8384,-14.6917,-11.6531,0.00783853,-15.6166,-12.3641,-7.58291,0.0313541,-14.313,-9.9185,-3.31893,0.0652557
AAVE,10000,500,5195,4770,0.99923,3.89034,5.15495,57.5298,110.68,193.977,37.8077,91.0192,173.18,0.803354,-13.9837,-8.94783,-1.4156,0.0886792,-11.1542,-3.41218,8.41531,0.188889,-8.27332,2.12056,18.1394,0.286164
AAVE,100000,10,5195,3518,0.678152,6.89493,9.8932,8.46218,16.1894,27.4255,-15.1734,-8.79547,0.404808,0.102615,-23.4065,-19.5916,-18.5001,0,-22.436,-19.199,-17.9677,0,-21.5695,-18.7859,-17.3003,0
AAVE,100000,50,5195,3500,0.678152,6.89493,9.8932,18.3055,35.9439,61.72,-6.69566,8.61289,31.6994,0.365714,-21.2268,-18.6708,-17.1437,0.000571429,-20.0559,-17.7179,-15.3225,0.00371429,-19.1822,-16.4058,-13.1579,0.0108571
AAVE,100000,100,5195,3471,0.678152,6.89493,9.8932,26.8457,50.3356,85.7155,1.11418,22.5076,55.2302,0.523768,-20.2395,-17.9109,-15.5642,0.00288101,-19.0492,-16.2232,-12.5317,0.0121003,-18.0334,-14.2594,-9.1434,0.0348603
AAVE,100000,500,5195,3283,0.678152,6.89493,9.8932,57.5298,110.68,193.977,30.3538,78.7484,161.634,0.747792,-17.6098,-13.1477,-6.68993,0.0459945,-15.2285,-8.41099,2.35725,0.120926,-12.6712,-3.60705,11.327,0.194944
ASTER,1000,10,5204,5195,0.999808,5.5189,8.48128,12.0231,22.6266,37.4839,-11.0696,-0.734915,12.8918,0.239076,-21.4699,-19.0656,-17.2126,0,-20.7188,-18.3317,-16.1771,0.000769971,-20.0812,-17.5182,-14.876,0.00192493
ASTER,1000,50,5204,5166,0.999808,5.5189,8.48128,25.9436,48.3253,79.0741,2.70925,24.5321,54.7113,0.545683,-19.864,-17.2452,-14.398,0.00309717,-18.6386,-15.2843,-11.1392,0.0149051,-17.5179,-13.1817,-7.61181,0.0340689
ASTER,1000,100,5204,5132,0.999808,5.5189,8.48128,37.1192,70.3547,116.047,13.8784,46.3925,92.1721,0.672642,-18.7714,-15.2692,-11.3036,0.0130553,-17.1163,-12.1659,-6.06732,0.0422837,-15.3357,-8.85558,-0.505294,0.0954793
ASTER,1000,500,5204,4798,0.999808,5.5189,8.48128,79.5215,153.17,253.276,56.0859,128.837,228.367,0.837224,-15.0002,-8.12579,1.4597,0.113797,-11.2393,-0.570261,13.7559,0.240725,-7.31018,6.86633,26.1874,0.349937
ASTER,10000,10,5204,5098,0.980976,8.4954,12.968,12.0231,22.6266,37.4839,-17.23,-7.2083,6.29811,0.148293,-27.4237,-24.9122,-23.2344,0,-26.7844,-24.1726,-22.1854,0,-26.107,-23.4565,-21.074,0.000392311
ASTER,10000,50,5204,5069,0.980976,8.4954,12.968,25.9436,48.3253,79.0741,-3.5334,17.8496,47.6493,0.441902,-25.9555,-23.1273,-20.5214,0.000591833,-24.7,-21.3378,-17.3899,0.00512922,-23.5809,-19.4035,-13.9341,0.016374
ASTER,10000,100,5204,5035,0.980976,8.4954,12.968,37.1192,70.3547,116.047,7.30975,40.0553,84.4743,0.585501,-24.8581,-21.4848,-17.4824,0.00377358,-23.235,-18.5731,-12.247,0.0182721,-21.5487,-15.4387,-6.84886,0.0476663
ASTER,10000,500,5204,4705,0.980976,8.4954,12.968,79.5215,153.17,253.276,49.1124,122.383,219.74,0.793836,-21.1716,-14.4017,-5.60667,0.0575983,-17.5907,-7.13294,6.3982,0.152179,-13.8028,0.378794,18.5224,0.255473
ASTER,100000,10,5204,0,0,12.6833,18.4069,12.0231,22.6266,37.4839,,,,,,,,,,,,,,,,
ASTER,100000,50,5204,0,0,12.6833,18.4069,25.9436,48.3253,79.0741,,,,,,,,,,,,,,,,
ASTER,100000,100,5204,0,0,12.6833,18.4069,37.1192,70.3547,116.047,,,,,,,,,,,,,,,,
ASTER,100000,500,5204,0,0,12.6833,18.4069,79.5215,153.17,253.276,,,,,,,,,,,,,,,,
AVAX,1000,10,4745,4735,1,3.45372,4.80611,6.7789,13.663,22.9909,-11.8447,-5.44242,3.47847,0.138965,-17.8931,-16.5998,-15.5092,0,-17.4575,-16.1158,-14.808,0.00063358,-17.067,-15.5719,-13.9812,0.00168955
AVAX,1000,50,4745,4703,1,3.45372,4.80611,15.5863,31.3603,53.6681,-3.29357,11.9433,33.8732,0.430789,-16.8596,-15.2633,-13.2492,0.00233893,-16.1281,-13.9688,-10.9279,0.00871784,-15.4371,-12.5361,-8.43421,0.0214757
AVAX,1000,100,4745,4670,1,3.45372,4.80611,22.1223,44.2804,76.6458,3.43564,25.0542,56.5757,0.561884,-16.2037,-14.1169,-11.3616,0.00728051,-15.1596,-12.1007,-7.81662,0.0265525,-14.1324,-9.96442,-4.17721,0.0573876
AVAX,1000,500,4745,4336,1,3.45372,4.80611,50.176,100.165,172.78,31.7678,80.6973,153.266,0.7869,-13.6098,-9.07066,-2.04358,0.0786439,-11.1429,-4.11942,6.55623,0.169972,-8.66219,0.891115,14.8512,0.266375
AVAX,10000,10,4745,4735,1,3.96268,5.40151,6.7789,13.663,22.9909,-12.7545,-6.40879,2.07867,0.124182,-18.8563,-17.3239,-16.2371,0,-18.3785,-16.8143,-15.6344,0.00063358,-17.9642,-16.3008,-14.8033,0.00147835
AVAX,10000,50,4745,4703,1,3.96268,5.40151,15.5863,31.3603,53.6681,-4.27911,11.0058,32.6001,0.412715,-17.7339,-16.0249,-14.3307,0.00233893,-16.9891,-14.79,-12.1543,0.00722943,-16.2553,-13.5231,-9.71247,0.0174357
AVAX,10000,100,4745,4670,1,3.96268,5.40151,22.1223,44.2804,76.6458,2.33188,24.1737,55.3058,0.541542,-16.9869,-15.0137,-12.4818,0.00428266,-15.9993,-13.0954,-9.04333,0.0211991,-15.0102,-11.0163,-5.26783,0.0464668
AVAX,10000,500,4745,4336,1,3.96268,5.40151,50.176,100.165,172.78,30.5276,79.8099,152.665,0.778367,-14.5274,-9.91528,-3.07055,0.0689576,-12.1096,-5.09313,5.34333,0.151983,-9.6763,-0.117104,14.0708,0.247694
AVAX,100000,10,4745,4202,0.88725,7.17326,10.743,6.7789,13.663,22.9909,-16.6531,-10.8128,-3.32747,0.0702047,-24.7497,-19.3185,-18.0367,0,-24.0976,-19.0617,-17.6514,0,-23.4151,-18.7763,-17.2423,0.000713946
AVAX,100000,50,4745,4173,0.88725,7.17326,10.743,15.5863,31.3603,53.6681,-9.06458,5.23822,25.3903,0.320633,-22.9713,-18.5216,-16.9902,0.000718907,-21.4446,-17.7595,-15.6242,0.00263599,-20.1256,-16.8631,-13.8071,0.00766834
AVAX,100000,100,4745,4147,0.88725,7.17326,10.743,22.1223,44.2804,76.6458,-2.73732,18.0294,48.3783,0.45334,-21.7239,-17.8954,-15.843,0.00144683,-19.8358,-16.662,-13.282,0.00747528,-18.5914,-15.129,-10.2907,0.0229081
AVAX,100000,500,4745,3861,0.88725,7.17326,10.743,50.176,100.165,172.78,24.7841,72.098,140.872,0.719503,-18.1489,-14.0137,-8.20143,0.038332,-16.2878,-10.0875,-0.436565,0.0966071,-14.1267,-5.43146,7.65959,0.16317
BNB,1000,10,5903,5889,0.999153,0.610687,1.76386,4.76109,9.43425,15.9958,-8.59592,-3.93286,2.38704,0.139752,-12.5755,-11.7972,-11.1876,0,-12.305,-11.4915,-10.583,0.000339616,-12.0911,-11.147,-9.90405,0.00101885
BNB,1000,50,5903,5862,0.999153,0.610687,1.76386,10.8425,20.9783,34.6285,-2.52293,7.46037,21.3097,0.424087,-11.9774,-10.9058,-9.58165,0.0017059,-11.5584,-9.99912,-7.90348,0.00580007,-11.0609,-9.01766,-6.26962,0.0150119
BNB,1000,100,5903,5818,0.999153,0.610687,1.76386,15.9518,30.0388,49.5457,2.40957,16.7187,35.7751,0.557236,-11.6371,-10.1468,-8.19948,0.00464077,-10.93,-8.75183,-5.8007,0.0235476,-10.1859,-7.28947,-3.3678,0.051736
BNB,1000,500,5903,5484,0.999153,0.610687,1.76386,35.2597,69.3605,113.849,21.7369,55.3838,99.9606,0.783735,-9.88944,-6.57739,-2.02991,0.0700219,-8.13209,-3.24286,3.63315,0.159373,-6.3732,0.173723,9.15153,0.2531
BNB,10000,10,5903,5770,0.978824,1.34176,2.32564,4.76109,9.43425,15.9958,-9.89004,-5.31639,1.00065,0.115771,-14.0844,-13.1118,-12.1866,0,-13.8007,-12.7078,-11.671,0.00017331,-13.5407,-12.3453,-11.0032,0.000866551
BNB,10000,50,5903,5743,0.978824,1.34176,2.32564,10.8425,20.9783,34.6285,-3.79842,6.0404,19.6961,0.386906,-13.4543,-12.1562,-10.7419,0.001393,-12.8949,-11.3049,-9.19185,0.00330838,-12.3558,-10.36,-7.58291,0.0121888
BNB,10000,100,5903,5701,0.978824,1.34176,2.32564,15.9518,30.0388,49.5457,1.18131,15.2763,34.3078,0.528153,-12.974,-11.4125,-9.41691,0.00280653,-12.1861,-10.0999,-7.1169,0.01719,-11.4512,-8.61359,-4.79319,0.0412208
BNB,10000,500,5903,5375,0.978824,1.34176,2.32564,35.2597,69.3605,113.849,20.3849,53.8649,98.2035,0.765023,-11.1522,-7.94916,-3.53149,0.0554419,-9.43834,-4.57887,2.02264,0.133395,-7.6634,-1.16837,7.80097,0.220279
BNB,100000,10,5903,1993,0.337964,2.89229,4.4134,4.76109,9.43425,15.9958,-12.9712,-9.00285,-3.55965,0.0607125,-16.5759,-15.8955,-15.3242,0,-16.35,-15.6065,-14.9289,0,-16.121,-15.2886,-14.3496,0.000501756
BNB,100000,50,5903,1990,0.337964,2.89229,4.4134,10.8425,20.9783,34.6285,-7.69848,0.832165,13.1195,0.263317,-16.0544,-15.1119,-14.1207,0,-15.613,-14.4192,-12.8607,0.00100503,-15.1987,-13.5794,-11.4721,0.00552764
BNB,100000,100,5903,1981,0.337964,2.89229,4.4134,15.9518,30.0388,49.5457,-3.61409,8.7541,25.679,0.416961,-15.6923,-14.5657,-12.9956,0.00100959,-15.0806,-13.4376,-10.9323,0.00706714,-14.4323,-12.2565,-8.85184,0.017163
BNB,100000,500,5903,1934,0.337964,2.89229,4.4134,35.2597,69.3605,113.849,13.9208,42.8298,85.5929,0.693899,-14.1546,-11.4702,-7.22998,0.0305067,-12.6906,-8.57692,-2.21111,0.0713547,-11.2236,-5.51904,2.80251,0.137022
BTC,1000,10,16910,16887,0.998995,0.0709597,0.664028,2.42907,5.01508,8.46193,-10.0068,-7.42642,-4.05414,0.0370699,-12.0123,-11.7597,-11.4359,5.92171e-05,-11.9293,-11.5501,-11.0552,5.92171e-05,-11.8361,-11.3357,-10.6591,5.92171e-05
BTC,1000,50,16910,16854,0.998995,0.0709597,0.664028,6.18027,11.9063,20.0072,-6.21776,-0.577324,7.42429,0.233179,-11.6991,-11.1569,-10.4118,0.000118666,-11.4146,-10.6042,-9.46739,0.000652664,-11.1293,-10.0311,-8.50648,0.00249199
BTC,1000,100,16910,16814,0.998995,0.0709597,0.664028,8.87735,17.101,28.1839,-3.55251,4.62275,15.6702,0.370941,-11.4543,-10.669,-9.61602,0.000475794,-11.0367,-9.83463,-8.22359,0.00309266,-10.604,-9.00138,-6.82377,0.00945641
BTC,1000,500,16910,16478,0.998995,0.0709597,0.664028,19.3689,37.5626,63.5863,6.97689,25.0804,50.9868,0.649775,-10.4485,-8.70417,-6.14104,0.014929,-9.4993,-6.85807,-2.99608,0.0526763,-8.53999,-4.99917,0.179831,0.103593
BTC,10000,10,16910,16585,0.981135,0.200156,1.03227,2.42907,5.01508,8.46193,-10.2884,-7.7128,-4.36169,0.0343684,-12.1051,-11.8741,-11.5547,6.02954e-05,-12.0752,-11.7002,-11.2252,6.02954e-05,-12.0166,-11.5062,-10.8673,6.02954e-05
BTC,10000,50,16910,16552,0.981135,0.200156,1.03227,6.18027,11.9063,20.0072,-6.48184,-0.891541,7.03962,0.224807,-11.8838,-11.3456,-10.6064,0.000120831,-11.6349,-10.829,-9.69362,0.000664572,-11.366,-10.2923,-8.76923,0.00217496
BTC,10000,100,16910,16512,0.981135,0.200156,1.03227,8.87735,17.101,28.1839,-3.82786,4.34357,15.3731,0.362766,-11.6762,-10.8893,-9.82636,0.000484496,-11.2905,-10.108,-8.49242,0.00290698,-10.8681,-9.29357,-7.10869,0.00896318
BTC,10000,500,16910,16186,0.981135,0.200156,1.03227,19.3689,37.5626,63.5863,6.65804,24.894,50.7062,0.642839,-10.729,-8.9675,-6.43046,0.013592,-9.7851,-7.13756,-3.31578,0.0488076,-8.83558,-5.28415,-0.125763,0.0979859
BTC,100000,10,16910,11997,0.709698,0.694261,1.41084,2.42907,5.01508,8.46193,-10.85,-8.38302,-5.15258,0.0260899,-12.9457,-12.4081,-12.0405,0,-12.7975,-12.2303,-11.8004,0,-12.6642,-12.0703,-11.4899,0
BTC,100000,50,16910,11982,0.709698,0.694261,1.41084,6.18027,11.9063,20.0072,-7.0846,-1.6125,6.11176,0.206226,-12.5296,-11.9123,-11.2371,0,-12.2324,-11.4343,-10.3802,0.000166917,-11.9589,-10.9053,-9.46678,0.00116842
BTC,100000,100,16910,11950,0.709698,0.694261,1.41084,8.87735,17.101,28.1839,-4.37601,3.62252,14.5332,0.341506,-12.2664,-11.501,-10.4737,0.000167364,-11.8692,-10.7398,-9.18221,0.001841,-11.4707,-9.9152,-7.83103,0.00661088
BTC,100000,500,16910,11720,0.709698,0.694261,1.41084,19.3689,37.5626,63.5863,5.78578,23.4935,49.3038,0.62773,-11.3443,-9.65916,-7.19751,0.0106655,-10.4298,-7.85875,-4.07829,0.0395904,-9.49038,-6.03231,-0.957528,0.0843857
CRV,1000,10,4615,4609,1,17.0701,27.3926,7.41748,22.3464,38.2348,-35.7326,-24.3723,-11.9776,0.04578,-44.735,-39.8869,-34.0887,0,-44.1583,-39.247,-33.4206,0.000216967,-43.5935,-38.438,-32.4861,0.000216967
CRV,1000,50,4615,4574,1,17.0701,27.3926,22.7359,43.5749,73.3308,-24.1298,-4.49863,22.6233,0.212505,-43.3435,-38.0906,-32.2585,0,-42.1263,-36.3957,-30.3613,0.000218627,-40.9544,-34.7457,-28.0911,0.00109314
CRV,1000,100,4615,4544,1,17.0701,27.3926,33.4596,61.6723,99.0208,-14.7928,13.5572,49.4466,0.351232,-42.2414,-36.7752,-30.6849,0,-40.6109,-34.3451,-27.6426,0.00154049,-39.0524,-31.7785,-24.1445,0.00528169
CRV,1000,500,4615,4210,1,17.0701,27.3926,70.0019,131.673,217.121,20.821,83.0754,168.615,0.63658,-38.5828,-31.2991,-22.8694,0.00831354,-35.3303,-25.6234,-13.8939,0.0344418,-32.1191,-19.7495,-4.58221,0.0788599
CRV,10000,10,4615,4609,1,21.94,35.4923,7.41748,22.3464,38.2348,-43.8255,-32.6379,-22.5021,0.0219136,-54.3227,-45.2762,-41.3894,0,-53.5963,-44.7269,-40.795,0.000216967,-52.8436,-44.3097,-40.0362,0.000216967
CRV,10000,50,4615,4574,1,21.94,35.4923,22.7359,43.5749,73.3308,-32.6101,-13.4904,12.2916,0.149978,-52.4323,-43.9745,-39.9576,0,-50.8382,-42.8489,-38.361,0,-49.387,-41.5925,-36.4302,0.000437254
CRV,10000,100,4615,4544,1,21.94,35.4923,33.4596,61.6723,99.0208,-24.4518,3.19706,37.2394,0.268706,-51.0035,-42.9254,-38.5568,0,-48.896,-41.2817,-35.8359,0.000440141,-46.9556,-39.4373,-32.92,0.0022007
CRV,10000,500,4615,4210,1,21.94,35.4923,70.0019,131.673,217.121,11.5127,72.302,154.927,0.576722,-45.8946,-38.5969,-31.7726,0.00261283,-42.7437,-33.8853,-23.764,0.0159145,-39.6254,-28.7403,-14.827,0.04038
CRV,100000,10,4615,1540,0.333694,37.3375,61.0951,7.41748,22.3464,38.2348,-51.346,-40.5119,-34.0771,0.00909091,-55.3538,-53.442,-51.8147,0,-55.0014,-52.9361,-50.9799,0,-54.6729,-52.4166,-50.0143,0
CRV,100000,50,4615,1534,0.333694,37.3375,61.0951,22.7359,43.5749,73.3308,-39.5886,-25.2594,-8.08457,0.0691004,-54.4134,-52.2128,-49.9505,0,-53.6762,-51.136,-47.8783,0,-52.9444,-49.9378,-45.6685,0
CRV,100000,100,4615,1531,0.333694,37.3375,61.0951,33.4596,61.6723,99.0208,-33.8684,-13.6638,11.7939,0.15676,-53.6953,-51.2369,-48.586,0,-52.6408,-49.4724,-45.899,0,-51.6119,-47.5619,-42.8802,0
CRV,100000,500,4615,1491,0.333694,37.3375,61.0951,70.0019,131.673,217.121,-4.07288,36.8125,95.9737,0.462777,-51.1653,-46.7882,-41.0377,0.000670691,-48.7162,-42.3059,-33.5149,0.00469484,-46.1588,-37.6787,-26.2531,0.017438
DOGE,1000,10,4738,4731,1,2.77217,4.11117,6.85754,13.8839,24.1222,-10.4779,-3.87833,6.72222,0.176495,-16.6937,-15.3745,-13.948,0.000211372,-16.2935,-14.7882,-13.0768,0.00105686,-15.9465,-14.2032,-12.1361,0.00232509
DOGE,1000,50,4738,4696,1,2.77217,4.11117,14.857,31.5379,55.6188,-2.58079,13.4466,37.0792,0.445273,-15.7207,-13.9346,-11.7116,0.00425894,-15.006,-12.5688,-9.24902,0.0132027,-14.289,-11.1636,-6.75954,0.0325809
DOGE,1000,100,4738,4647,1,2.77217,4.11117,21.5374,44.1882,77.7387,4.10211,26.0137,58.8948,0.582096,-15.0695,-12.8483,-9.79516,0.0114052,-14.0197,-10.8832,-6.1119,0.0374435,-12.988,-8.84243,-2.38731,0.0733807
DOGE,1000,500,4738,4313,1,2.77217,4.11117,45.939,96.1859,179.633,28.4936,78.4912,161.668,0.780663,-12.6965,-8.11662,-0.051949,0.099003,-10.4372,-3.3954,8.55221,0.188732,-8.19497,1.39018,17.6979,0.275446
DOGE,10000,10,4738,4731,1,3.64271,4.9797,6.85754,13.8839,24.1222,-12.1232,-5.76246,3.9628,0.149228,-18.2359,-16.9598,-15.9343,0,-17.772,-16.4412,-15.1987,0.000422744,-17.3852,-15.9498,-14.297,0.00126823
DOGE,10000,50,4738,4696,1,3.64271,4.9797,14.857,31.5379,55.6188,-4.18311,11.7085,35.2947,0.414608,-17.2377,-15.6841,-13.8442,0.00234242,-16.5275,-14.4255,-11.3739,0.00915673,-15.8508,-13.0613,-8.80383,0.0206559
DOGE,10000,100,4738,4647,1,3.64271,4.9797,21.5374,44.1882,77.7387,2.43967,24.4191,56.9162,0.548096,-16.588,-14.695,-11.9761,0.00753174,-15.6033,-12.6705,-8.39355,0.027975,-14.6107,-10.6955,-4.59586,0.0589628
DOGE,10000,500,4738,4313,1,3.64271,4.9797,45.939,96.1859,179.633,26.9281,76.6681,159.233,0.763506,-14.2252,-9.71073,-2.28208,0.0783677,-12.0535,-5.14462,6.49406,0.160677,-9.84347,-0.380024,15.4961,0.243914
DOGE,100000,10,4738,4252,0.898902,5.12349,7.53361,6.85754,13.8839,24.1222,-14.3817,-8.37203,0.80353,0.110301,-20.6546,-18.1616,-17.0951,0,-20.0508,-17.7606,-16.6239,0,-19.4987,-17.3681,-16.0498,0.000235183
DOGE,100000,50,4738,4225,0.898902,5.12349,7.53361,14.857,31.5379,55.6188,-6.70757,8.09402,31.0152,0.35929,-19.2854,-17.2082,-15.6734,0.000946746,-18.3161,-16.2316,-13.6818,0.00615385,-17.6895,-15.0545,-11.3494,0.0125444
DOGE,100000,100,4738,4182,0.898902,5.12349,7.53361,21.5374,44.1882,77.7387,-0.295385,20.4484,51.9011,0.494261,-18.4031,-16.376,-13.9365,0.00382592,-17.3965,-14.7516,-10.8125,0.0141081,-16.5643,-12.9057,-7.36886,0.0396939
DOGE,100000,500,4738,3889,0.898902,5.12349,7.53361,45.939,96.1859,179.633,23.3538,71.3822,149.699,0.73515,-16.0699,-12.1055,-5.52075,0.0570841,-14.0513,-7.66779,2.67701,0.122139,-12.0622,-3.28477,10.7741,0.192852
ENA,1000,10,5518,5511,1,2.42894,4.49597,9.73494,18.9897,33.1976,-7.25862,1.89819,15.8924,0.283615,-15.5808,-13.6891,-12.154,0,-15.0373,-13.0031,-11.0595,0.00108873,-14.4863,-12.32,-9.79439,0.0052622
ENA,1000,50,5518,5480,1,2.42894,4.49597,22.6566,44.1393,73.0466,5.5275,26.8114,54.7131,0.606204,-14.1861,-11.8378,-9.10043,0.00675182,-13.0897,-9.97082,-5.79036,0.0319343,-12.0926,-7.99993,-2.41638,0.070438
ENA,1000,100,5518,5442,1,2.42894,4.49597,31.4678,61.7081,103.071,14.4365,44.6898,85.7578,0.705072,-13.2693,-10.3197,-6.38067,0.0259096,-11.8953,-7.4999,-1.54559,0.0801176,-10.4633,-4.61751,3.57651,0.14774
ENA,1000,500,5518,5108,1,2.42894,4.49597,70.8516,135.61,224.798,54.0426,117.958,207.447,0.869225,-9.6132,-3.50853,5.35939,0.173258,-6.21958,3.04128,16.3065,0.318716,-2.72379,9.70816,27.2932,0.433046
ENA,10000,10,5518,5505,0.998913,3.96901,6.21442,9.73494,18.9897,33.1976,-10.4406,-1.4792,12.2999,0.224342,-18.6897,-16.98,-15.4809,0,-18.151,-16.2666,-14.3925,0.000181653,-17.6683,-15.5921,-13.1138,0.00181653
ENA,10000,50,5518,5474,0.998913,3.96901,6.21442,22.6566,44.1393,73.0466,2.42513,23.5621,51.0385,0.543478,-17.3042,-15.1393,-12.583,0.00347095,-16.2051,-13.3188,-9.31565,0.0157106,-15.1611,-11.3289,-5.9299,0.0403727
ENA,10000,100,5518,5436,0.998913,3.96901,6.21442,31.4678,61.7081,103.071,11.1723,41.0907,81.615,0.654893,-16.4459,-13.6564,-10.0434,0.0123252,-15.029,-10.9858,-5.10789,0.0474614,-13.5167,-8.14505,-0.194294,0.09805
ENA,10000,500,5518,5102,0.998913,3.96901,6.21442,70.8516,135.61,224.798,50.7402,115.085,202.484,0.847707,-12.7069,-6.75367,1.73588,0.117013,-9.23594,-0.176906,12.6119,0.24657,-5.82482,6.3278,23.7544,0.362603
ENA,100000,10,5518,2990,0.54295,8.06022,11.6816,9.73494,18.9897,33.1976,-15.8767,-7.81808,4.68653,0.142475,-24.674,-21.7908,-20.2894,0,-23.8816,-21.19,-19.6114,0,-23.2151,-20.5771,-18.5979,0.000334448
ENA,100000,50,5518,2976,0.54295,8.06022,11.6816,22.6566,44.1393,73.0466,-3.61508,15.7096,41.9589,0.432124,-22.7793,-20.2695,-18.1573,0.00134409,-21.5673,-18.749,-15.6307,0.00504032,-20.588,-17.0322,-12.4842,0.0171371
ENA,100000,100,5518,2962,0.54295,8.06022,11.6816,31.4678,61.7081,103.071,3.77749,30.8225,71.9327,0.554693,-21.8649,-19.0176,-16.0157,0.00236327,-20.4933,-16.712,-11.4969,0.0182309,-19.1476,-14.297,-6.8994,0.0479406
ENA,100000,500,5518,2814,0.54295,8.06022,11.6816,70.8516,135.61,224.798,40.8227,99.928,184.682,0.797086,-18.4733,-13.1493,-5.66634,0.0518834,-15.1623,-7.04727,4.81465,0.138237,-12.0049,-1.02488,14.9458,0.238095
ETH,1000,10,15808,15801,1,0.230473,0.914986,3.49778,7.25742,12.4793,-9.20933,-5.50134,-0.471387,0.0932219,-12.1637,-11.8112,-11.3415,0.000126574,-12.0334,-11.5005,-10.7723,0.000189861,-11.8947,-11.1751,-10.2032,0.000379723
ETH,1000,50,15808,15770,1,0.230473,0.914986,8.54671,16.9617,29.1672,-4.18394,4.12855,16.2894,0.351871,-11.7444,-10.9446,-9.77205,0.000760938,-11.3577,-10.1418,-8.34566,0.0043754,-10.9531,-9.31424,-6.93624,0.01078
ETH,1000,100,15808,15725,1,0.230473,0.914986,12.1915,23.9758,40.6597,-0.557317,11.2197,27.8791,0.482607,-11.4115,-10.2854,-8.68448,0.00286169,-10.8307,-9.1206,-6.69213,0.0134181,-10.2449,-7.94599,-4.68228,0.0337043
ETH,1000,500,15808,15389,1,0.230473,0.914986,26.7715,53.7333,91.6687,14.0559,40.9323,78.8771,0.726168,-10.0198,-7.36919,-3.64459,0.0436026,-8.69474,-4.69382,0.896856,0.115667,-7.36228,-2.02677,5.4517,0.194814
ETH,10000,10,15808,15781,0.998735,0.289838,1.30599,3.49778,7.25742,12.4793,-9.51068,-5.80757,-0.72925,0.0885242,-12.298,-11.948,-11.4846,0.000126735,-12.2105,-11.6696,-10.9556,0.000190102,-12.0988,-11.3656,-10.393,0.000316837
ETH,10000,50,15808,15750,0.998735,0.289838,1.30599,8.54671,16.9617,29.1672,-4.51481,3.81096,15.9113,0.343429,-11.9556,-11.1415,-9.96288,0.000634921,-11.6022,-10.374,-8.58038,0.00406349,-11.2188,-9.58095,-7.18211,0.00952381
ETH,10000,100,15808,15705,0.998735,0.289838,1.30599,12.1915,23.9758,40.6597,-0.896377,10.8679,27.6237,0.472588,-11.6581,-10.5217,-8.90878,0.00267431,-11.1174,-9.38983,-6.95818,0.0120344,-10.5336,-8.2322,-4.97564,0.0312639
ETH,10000,500,15808,15371,0.998735,0.289838,1.30599,26.7715,53.7333,91.6687,13.6751,40.6032,78.7351,0.718366,-10.3244,-7.64501,-3.94474,0.0413116,-9.00808,-4.97282,0.612183,0.111379,-7.6968,-2.29489,5.24178,0.186975
ETH,100000,10,15808,14524,0.919218,1.33338,2.29346,3.49778,7.25742,12.4793,-11.0018,-7.40504,-2.6717,0.0650647,-14.1292,-13.293,-12.6226,0,-13.9196,-13.0273,-12.2526,0.000137703,-13.7218,-12.747,-11.8206,0.000137703
ETH,100000,50,15808,14494,0.919218,1.33338,2.29346,8.54671,16.9617,29.1672,-5.98097,2.1848,14.0291,0.299986,-13.563,-12.5216,-11.4976,0.000206982,-13.1201,-11.8287,-10.2941,0.00144888,-12.7149,-11.088,-8.95766,0.00607148
ETH,100000,100,15808,14451,0.919218,1.33338,2.29346,12.1915,23.9758,40.6597,-2.42891,9.18694,25.742,0.430212,-13.1773,-12.0005,-10.518,0.000830392,-12.6004,-10.9269,-8.68535,0.00588195,-12.0222,-9.7981,-6.73233,0.0188914
ETH,100000,500,15808,14142,0.919218,1.33338,2.29346,26.7715,53.7333,91.6687,12.292,39.2324,76.6891,0.692123,-11.8228,-9.22688,-5.58437,0.0265168,-10.5172,-6.56975,-1.08395,0.0841465,-9.19771,-3.87846,3.41377,0.150969
FARTCOIN,1000,10,5089,5080,1,7.37282,10.7708,14.0845,27.731,49.4264,-12.0085,1.24374,21.4246,0.264961,-24.8388,-21.6719,-19.1167,0,-23.9865,-20.6061,-17.4661,0.00295276,-23.2154,-19.5026,-15.6418,0.00708661
FARTCOIN,1000,50,5089,5048,1,7.37282,10.7708,31.4092,61.2671,109.892,4.4987,35.2811,82.3507,0.557647,-22.8397,-18.8785,-14.4839,0.00673534,-21.356,-16.3579,-9.46716,0.0285261,-19.9595,-13.7285,-4.66155,0.0671553
FARTCOIN,1000,100,5089,5007,1,7.37282,10.7708,44.2969,89.1872,154.547,17.383,62.3244,125.816,0.65688,-21.5907,-16.7842,-10.7883,0.0269623,-19.6485,-12.7525,-3.60876,0.0720991,-17.7001,-8.65967,3.81584,0.132015
FARTCOIN,1000,500,5089,4673,1,7.37282,10.7708,100.235,193.184,334.597,72.7548,164.679,306.277,0.834368,-16.7898,-7.32255,6.69375,0.151081,-12.0581,1.96668,23.0583,0.278836,-7.30788,11.3769,39.6064,0.38134
FARTCOIN,10000,10,5089,5080,1,9.75601,12.7567,14.0845,27.731,49.4264,-17.3812,-4.42929,15.401,0.202559,-29.5945,-27.1679,-24.7905,0,-28.8353,-26.0787,-23.127,0.000393701,-28.0234,-25.0638,-21.3752,0.00314961
FARTCOIN,10000,50,5089,5048,1,9.75601,12.7567,31.4092,61.2671,109.892,-0.396566,29.2534,76.637,0.497029,-27.7104,-24.4381,-20.5296,0.00297147,-26.1711,-21.7944,-15.588,0.0128764,-24.7073,-19.0178,-10.4129,0.0354596
FARTCOIN,10000,100,5089,5007,1,9.75601,12.7567,44.2969,89.1872,154.547,12.3465,56.63,120.405,0.613142,-26.5057,-22.2789,-16.819,0.0131815,-24.4729,-18.2922,-9.73792,0.0441382,-22.4118,-14.0286,-2.16943,0.0864789
FARTCOIN,10000,500,5089,4673,1,9.75601,12.7567,100.235,193.184,334.597,68.2108,159.923,300.997,0.816606,-21.4749,-12.7271,0.866622,0.105286,-16.7852,-3.18531,17.1238,0.213995,-11.9076,6.09586,34.0117,0.309437
FARTCOIN,100000,10,5089,2911,0.573394,22.0814,35.8949,14.0845,27.731,49.4264,-39.2238,-29.8762,-16.1417,0.0401924,-47.8538,-43.3241,-40.8059,0,-47.1824,-42.6136,-40.0737,0,-46.5232,-41.9143,-39.1663,0
FARTCOIN,100000,50,5089,2900,0.573394,22.0814,35.8949,31.4092,61.2671,109.892,-27.5705,-4.65089,25.1671,0.214483,-46.3143,-41.6401,-38.8476,0.000344828,-45.1134,-40.3144,-36.3583,0.00137931,-43.9934,-38.9022,-33.6794,0.00241379
FARTCOIN,100000,100,5089,2876,0.573394,22.0814,35.8949,44.2969,89.1872,154.547,-16.2158,17.5079,62.6627,0.348748,-45.2486,-40.7306,-36.8908,0.00173853,-43.6092,-38.6727,-33.2663,0.00347705,-42.1921,-36.3041,-28.3555,0.00764951
FARTCOIN,100000,500,5089,2708,0.573394,22.0814,35.8949,100.235,193.184,334.597,27.6731,98.471,204.208,0.651034,-41.4746,-35.1381,-26.6984,0.0114476,-38.3758,-29.0318,-15.6597,0.0409897,-35.0219,-22.4431,-4.45529,0.08161
HYPE,1000,10,11066,11056,0.999729,1.14198,2.57007,8.05205,15.2818,24.5209,-6.37883,0.74778,9.7105,0.268723,-13.3082,-12.0774,-11.1636,9.04486e-05,-12.8572,-11.5684,-10.2034,0.000361795,-12.4374,-10.9614,-9.14858,0.00117583
HYPE,1000,50,11066,11019,0.999729,1.14198,2.57007,19.6309,36.2255,56.5511,5.03189,21.7086,41.618,0.607405,-12.2004,-10.4674,-8.40569,0.00254107,-11.3604,-8.83982,-5.80995,0.0157909,-10.4671,-7.13122,-3.11085,0.0490063
HYPE,1000,100,11066,10979,0.999729,1.14198,2.57007,28.086,51.0757,80.2541,13.6479,36.4744,65.6997,0.716185,-11.4524,-9.08826,-6.29475,0.0113854,-10.141,-6.70049,-2.47762,0.0602969,-8.77843,-4.24874,1.49311,0.126696
HYPE,1000,500,11066,10644,0.999729,1.14198,2.57007,62.3136,112.311,173.687,47.9155,97.6305,158.98,0.875705,-8.16831,-3.28391,2.8975,0.155862,-5.07576,2.30018,11.4792,0.311537,-2.00445,7.9045,20.1646,0.43696
HYPE,10000,10,11066,10732,0.97036,2.24967,3.56344,8.05205,15.2818,24.5209,-8.42181,-1.47375,7.628,0.214592,-15.5038,-14.2437,-13.0879,0,-15.0601,-13.6471,-12.2655,0.000186359,-14.6263,-13.0324,-11.3397,0.000745434
HYPE,10000,50,11066,10698,0.97036,2.24967,3.56344,19.6309,36.2255,56.5511,2.8409,19.2777,39.2644,0.55917,-14.3286,-12.5441,-10.5867,0.000841279,-13.4247,-10.9527,-8.02307,0.00775846,-12.5123,-9.26202,-5.36568,0.0290709
HYPE,10000,100,11066,10661,0.97036,2.24967,3.56344,28.086,51.0757,80.2541,11.1697,33.5814,62.9335,0.678173,-13.5618,-11.294,-8.40569,0.00562799,-12.2403,-8.9016,-4.58562,0.0350811,-10.8883,-6.47795,-0.690701,0.0888284
HYPE,10000,500,11066,10345,0.97036,2.24967,3.56344,62.3136,112.311,173.687,45.5549,94.9141,156.686,0.855969,-10.2693,-5.48629,0.721346,0.111261,-7.15761,0.00101343,9.25595,0.250072,-4.06737,5.55137,17.9226,0.377864
HYPE,100000,10,11066,2366,0.213808,4.80976,6.66536,8.05205,15.2818,24.5209,-11.4461,-5.45386,2.92049,0.135672,-17.6927,-16.0018,-14.8914,0,-17.2922,-15.6292,-14.2637,0,-16.9084,-15.1373,-13.5187,0.000422654
HYPE,100000,50,11066,2360,0.213808,4.80976,6.66536,19.6309,36.2255,56.5511,-0.240832,13.9743,30.4301,0.495763,-16.4263,-14.6994,-13.1087,0,-15.6175,-13.3172,-11.0606,0.00127119,-14.8075,-11.9615,-8.85719,0.00762712
HYPE,100000,100,11066,2356,0.213808,4.80976,6.66536,28.086,51.0757,80.2541,7.36811,27.7752,53.3329,0.631154,-15.8093,-13.5795,-11.0922,0.00127334,-14.6212,-11.5608,-7.80775,0.0127334,-13.3667,-9.31674,-4.43229,0.0437182
HYPE,100000,500,11066,2310,0.213808,4.80976,6.66536,62.3136,112.311,173.687,41.2358,85.869,138.471,0.840693,-12.7631,-8.37479,-3.22675,0.0558442,-9.91745,-3.27396,4.45012,0.172727,-6.96947,1.90552,12.4217,0.291342
KBONK,1000,10,4620,4611,1,4.2308,5.87328,9.23219,18.6605,32.0856,-11.1687,-2.06919,11.0004,0.216222,-19.2438,-17.8358,-16.306,0,-18.7024,-17.1615,-15.0785,0.000216873,-18.2212,-16.3799,-13.8284,0.00433745
KBONK,1000,50,4620,4579,1,4.2308,5.87328,21.9901,42.0138,73.528,1.40932,21.1405,51.6652,0.530465,-17.9503,-15.8605,-13.1509,0.00349421,-16.9054,-13.9885,-9.92671,0.0152872,-15.8686,-12.0503,-6.40906,0.0401834
KBONK,1000,100,4620,4536,1,4.2308,5.87328,30.2186,58.8549,103.084,9.91098,37.768,81.6945,0.635141,-17.1146,-14.4467,-10.5119,0.0163139,-15.6488,-11.8159,-5.79338,0.047619,-14.1685,-8.91844,-0.917425,0.0917108
KBONK,1000,500,4620,4202,1,4.2308,5.87328,67.4212,133.324,227.801,47.129,112.678,205.574,0.829843,-13.5725,-7.32143,1.27052,0.116373,-10.2154,-0.554688,12.5553,0.23941,-6.99975,6.05104,23.6297,0.341742
KBONK,10000,10,4620,4611,1,4.75308,6.91812,9.23219,18.6605,32.0856,-12.0061,-3.42059,9.39029,0.192583,-20.119,-18.5482,-17.3411,0,-19.5987,-17.9053,-16.3629,0,-19.128,-17.2239,-15.1708,0.0023856
KBONK,10000,50,4620,4579,1,4.75308,6.91812,21.9901,42.0138,73.528,0.267703,19.8613,50.1234,0.505569,-18.7737,-16.8209,-14.5088,0.00262066,-17.7601,-15.059,-11.418,0.0113562,-16.8289,-13.1851,-7.88464,0.0340686
KBONK,10000,100,4620,4536,1,4.75308,6.91812,30.2186,58.8549,103.084,8.77082,36.4571,79.9659,0.618827,-18.0449,-15.4666,-11.77,0.0123457,-16.6643,-12.8711,-7.08793,0.0416667,-15.2095,-10.0844,-2.07388,0.0789242
KBONK,10000,500,4620,4202,1,4.75308,6.91812,67.4212,133.324,227.801,46.131,111.432,204.548,0.820562,-14.4851,-8.48734,-0.107223,0.0982865,-11.1246,-1.99307,10.8395,0.221085,-7.79426,4.73722,22.2505,0.324369
KBONK,100000,10,4620,3835,0.831602,7.97613,13.2528,9.23219,18.6605,32.0856,-16.3311,-8.5301,3.25221,0.122555,-25.4333,-20.6331,-19.3106,0,-24.5377,-20.1923,-18.7061,0,-23.5142,-19.7691,-18.0454,0.000260756
KBONK,100000,50,4620,3809,0.831602,7.97613,13.2528,21.9901,42.0138,73.528,-4.73072,13.2923,39.4749,0.41507,-23.1109,-19.471,-17.6726,0.00157522,-21.4385,-18.2989,-15.3505,0.00498819,-20.3963,-16.9418,-12.7124,0.0136519
KBONK,100000,100,4620,3779,0.831602,7.97613,13.2528,30.2186,58.8549,103.084,3.30204,29.6815,70.7091,0.548293,-21.6857,-18.5459,-16.0289,0.00423392,-20.1269,-16.6252,-12.2196,0.0177296,-18.9579,-14.1816,-7.79958,0.0444562
KBONK,100000,500,4620,3529,0.831602,7.97613,13.2528,67.4212,133.324,227.801,38.8444,100.621,188.691,0.784358,-18.2114,-13.0156,-5.65768,0.0575234,-15.3622,-7.11121,4.79405,0.141116,-12.4196,-1.13556,15.4399,0.234911
KPEPE,1000,10,4852,4845,1,3.51741,5.07904,8.63558,17.1674,30.9598,-10.4115,-1.99928,10.9426,0.212384,-17.8081,-16.4249,-14.7344,0.000619195,-17.375,-15.7547,-13.6556,0.00103199,-16.9633,-14.9947,-12.5905,0.00350877
KPEPE,1000,50,4852,4810,1,3.51741,5.07904,19.422,39.0008,67.5921,0.520562,19.3222,48.0122,0.510187,-16.7756,-14.6633,-12.0742,0.00561331,-15.8358,-12.9911,-9.12188,0.0193347,-14.9212,-11.1843,-6.04219,0.04158
KPEPE,1000,100,4852,4777,1,3.51741,5.07904,27.2805,54.1029,97.4062,8.07977,34.5892,78.2205,0.623194,-16.0121,-13.2164,-9.42911,0.0157002,-14.7217,-10.7423,-4.81967,0.0544275,-13.4321,-8.19761,-0.0343426,0.0992255
KPEPE,1000,500,4852,4443,1,3.51741,5.07904,58.6655,120.701,214.44,39.6542,101.531,195.348,0.816115,-12.9034,-7.07798,1.83242,0.124691,-10.0766,-1.16522,12.3068,0.2316,-7.20395,4.81015,23.05,0.32208
KPEPE,10000,10,4852,4843,0.999588,4.24349,5.93264,8.63558,17.1674,30.9598,-11.9951,-3.53637,9.21664,0.188726,-19.1041,-17.477,-16.2196,0.000412967,-18.5875,-16.9153,-15.3202,0.000619451,-18.1143,-16.2183,-14.2315,0.0024778
KPEPE,10000,50,4852,4808,0.999588,4.24349,5.93264,19.422,39.0008,67.5921,-0.82858,17.7368,45.9781,0.485649,-17.8476,-16.0069,-13.657,0.00374376,-16.9344,-14.3675,-10.9194,0.0141431,-16.0618,-12.6776,-7.73144,0.0301581
KPEPE,10000,100,4852,4775,0.999588,4.24349,5.93264,27.2805,54.1029,97.4062,6.7602,33.062,75.6404,0.605026,-17.1373,-14.6301,-11.0895,0.0110995,-15.8595,-12.2331,-6.58346,0.0406283,-14.6502,-9.64627,-1.94648,0.0835602
KPEPE,10000,500,4852,4442,0.999588,4.24349,5.93264,58.6655,120.701,214.44,38.3524,99.3638,191.937,0.805943,-14.0824,-8.49329,0.229979,0.103782,-11.2753,-2.76087,10.6877,0.206664,-8.41674,3.2118,21.0918,0.298514
KPEPE,100000,10,4852,4707,0.971558,7.74668,13.7361,8.63558,17.1674,30.9598,-17.0255,-9.39545,1.54819,0.107924,-25.8522,-19.9501,-18.5233,0,-25.266,-19.5343,-18.0272,0.000424899,-24.6363,-19.1391,-17.4208,0.000637349
KPEPE,100000,50,4852,4673,0.971558,7.74668,13.7361,19.422,39.0008,67.5921,-7.64712,9.77685,35.6973,0.369356,-24.314,-19.0266,-17.199,0.00149797,-22.7484,-18.1392,-15.5059,0.00385192,-21.1814,-17.122,-13.3353,0.0132677
KPEPE,100000,100,4852,4641,0.971558,7.74668,13.7361,27.2805,54.1029,97.4062,0.167026,24.9844,64.384,0.501616,-22.8818,-18.2372,-15.8494,0.00344753,-20.711,-16.6997,-12.5992,0.014652,-19.2578,-14.8271,-8.69123,0.0377074
KPEPE,100000,500,4852,4322,0.971558,7.74668,13.7361,58.6655,120.701,214.44,30.8278,88.9741,179.187,0.743637,-18.5471,-13.9933,-6.91054,0.0485886,-16.2322,-9.11709,2.73255,0.121934,-13.7077,-3.80286,12.7651,0.20199
LDO,1000,10,4572,4566,1,6.67408,8.44281,8.77578,16.9648,29.0715,-16.2602,-7.8271,3.58085,0.130311,-24.2031,-22.1641,-20.2244,0.00021901,-23.6967,-21.4443,-19.2745,0.00065703,-23.2222,-20.7023,-18.2012,0.00087604
LDO,1000,50,4572,4532,1,6.67408,8.44281,21.2726,40.9531,68.9634,-4.16077,15.8314,43.3205,0.437996,-22.8415,-20.1748,-17.1376,0.000882613,-21.7403,-18.3268,-14.1335,0.00661959,-20.7216,-16.4363,-10.9773,0.0178729
LDO,1000,100,4572,4495,1,6.67408,8.44281,28.4226,56.1016,93.8176,3.17017,30.4387,68.942,0.543938,-22.0901,-18.9593,-14.9459,0.00667408,-20.7748,-16.3501,-10.6057,0.0213571,-19.2593,-13.612,-6.1562,0.0482759
LDO,1000,500,4572,4161,1,6.67408,8.44281,64.1208,123.331,212.274,38.4417,98.173,185.978,0.775775,-18.6849,-12.4753,-3.49358,0.0711367,-15.5495,-6.36375,6.771,0.155011,-12.4748,-0.314821,17.1674,0.245374
LDO,10000,10,4572,4566,1,7.941,10.1659,8.77578,16.9648,29.0715,-18.8382,-10.9604,0.1375,0.101183,-26.678,-24.8946,-23.4671,0,-26.1461,-24.2385,-22.5595,0.00021901,-25.6839,-23.6072,-21.5144,0.00065703
LDO,10000,50,4572,4532,1,7.941,10.1659,21.2726,40.9531,68.9634,-6.77041,12.8288,40.051,0.392983,-25.3216,-23.1016,-20.6197,0.000661959,-24.2747,-21.3064,-17.6564,0.00441306,-23.2982,-19.5539,-14.5341,0.011474
LDO,10000,100,4572,4495,1,7.941,10.1659,28.4226,56.1016,93.8176,0.210879,27.4339,65.3438,0.503003,-24.5717,-21.8517,-18.3666,0.00378198,-23.2569,-19.3599,-14.1991,0.0149055,-21.9555,-16.7651,-9.72288,0.0331479
LDO,10000,500,4572,4161,1,7.941,10.1659,64.1208,123.331,212.274,35.9032,94.1058,182.055,0.751983,-21.2468,-15.7304,-7.05113,0.0497477,-18.1894,-9.97986,3.49146,0.125931,-15.047,-3.92005,13.9727,0.203557
LDO,100000,10,4572,1047,0.22944,18.3051,33.7431,8.77578,16.9648,29.0715,-36.4179,-30.6751,-23.4723,0.0114613,-41.7866,-39.3825,-37.7838,0,-41.3983,-38.992,-37.2179,0,-40.9671,-38.6011,-36.6973,0
LDO,100000,50,4572,1042,0.22944,18.3051,33.7431,21.2726,40.9531,68.9634,-28.6205,-15.7899,5.51739,0.1238,-40.7927,-38.1659,-36.2909,0,-39.9426,-37.2213,-34.5262,0,-39.2787,-36.2935,-32.7921,0
LDO,100000,100,4572,1033,0.22944,18.3051,33.7431,28.4226,56.1016,93.8176,-24.1532,-3.18288,24.3504,0.230397,-40.2451,-37.5301,-34.7655,0,-39.2168,-36.0142,-32.2594,0,-38.4272,-34.5092,-29.159,0.00290416
LDO,100000,500,4572,991,0.22944,18.3051,33.7431,64.1208,123.331,212.274,1.73114,46.245,124.498,0.523713,-37.9318,-33.6659,-27.2265,0.00504541,-36.1201,-29.9425,-19.6685,0.0232089,-34.1707,-25.7893,-11.7857,0.0524723
LINK,1000,10,4864,4855,1,3.1273,4.36906,7.87768,14.9787,26.1463,-10.2668,-3.34721,6.84252,0.178373,-17.1842,-16.1026,-14.9468,0,-16.7196,-15.4441,-14.0622,0.000205973,-16.3106,-14.8057,-13.0834,0.00205973
LINK,1000,50,4864,4832,1,3.1273,4.36906,17.9322,34.7573,58.4736,-0.269382,16.3316,39.6886,0.491929,-16.1524,-14.3987,-12.3019,0.00186258,-15.2853,-12.8737,-9.63295,0.00910596,-14.444,-11.2647,-6.78488,0.0233858
LINK,1000,100,4864,4790,1,3.1273,4.36906,25.506,48.6761,78.7634,7.11683,29.6547,59.5036,0.617328,-15.4175,-13.256,-10.6819,0.0085595,-14.2766,-11.0423,-7.07407,0.0275574,-13.0588,-8.71078,-3.1761,0.0617954
LINK,1000,500,4864,4456,1,3.1273,4.36906,52.2965,102.86,170.384,34.0734,83.8247,152.036,0.802962,-12.871,-8.15441,-1.59236,0.0814632,-10.2601,-3.16452,6.86388,0.186939,-7.61494,1.91638,15.6314,0.285009
LINK,10000,10,4864,4850,0.998972,4.01374,5.51657,7.87768,14.9787,26.1463,-11.9978,-5.15217,4.95108,0.155258,-18.8727,-17.4243,-16.3165,0,-18.3569,-16.8351,-15.5911,0,-17.9051,-16.216,-14.6121,0.000618557
LINK,10000,50,4864,4827,0.998972,4.01374,5.51657,17.9322,34.7573,58.4736,-1.83121,14.1374,37.1189,0.45577,-17.6774,-15.9677,-14.112,0.000828672,-16.8329,-14.5537,-11.5575,0.00642221,-16.0169,-13.0188,-8.76759,0.0174021
LINK,10000,100,4864,4785,0.998972,4.01374,5.51657,25.506,48.6761,78.7634,5.33126,27.9945,57.6091,0.588297,-16.9614,-14.8682,-12.3699,0.00564263,-15.7528,-12.719,-8.83787,0.0202717,-14.5636,-10.4324,-5.13576,0.046604
LINK,10000,500,4864,4451,0.998972,4.01374,5.51657,52.2965,102.86,170.384,31.9932,82.3873,150.135,0.789036,-14.3719,-9.96618,-3.14503,0.0640306,-11.8547,-4.96327,5.07415,0.154347,-9.29224,0.0727552,13.3917,0.25118
LINK,100000,10,4864,2953,0.608553,6.95576,9.50202,7.87768,14.9787,26.1463,-14.6859,-8.15744,0.130682,0.101592,-21.1417,-18.7324,-17.7891,0,-20.5924,-18.3675,-17.2815,0,-20.0374,-17.9831,-16.611,0
LINK,100000,50,4864,2945,0.608553,6.95576,9.50202,17.9322,34.7573,58.4736,-5.55779,8.73208,29.1873,0.378947,-19.7324,-17.8545,-16.283,0,-18.94,-16.8355,-14.469,0.00237691,-18.2144,-15.6788,-12.2449,0.00950764
LINK,100000,100,4864,2927,0.608553,6.95576,9.50202,25.506,48.6761,78.7634,1.17655,22.0792,48.8996,0.518961,-19.1741,-17.0848,-14.9438,0.000683293,-18.232,-15.4592,-11.9858,0.0109327,-17.2272,-13.6263,-8.73542,0.0252819
LINK,100000,500,4864,2784,0.608553,6.95576,9.50202,52.2965,102.86,170.384,26.8384,73.112,137.145,0.75,-16.8903,-12.818,-7.44087,0.0334052,-14.6029,-8.33134,0.414172,0.104885,-12.3527,-3.81759,8.23132,0.181753
LTC,1000,10,5034,5028,1,3.6954,4.91181,6.5007,12.8098,21.8775,-12.6039,-6.5472,2.22141,0.125895,-18.5667,-17.3116,-15.9661,0.000198886,-18.1758,-16.7806,-15.12,0.000198886,-17.8138,-16.1823,-14.2957,0.000795545
LTC,1000,50,5034,4996,1,3.6954,4.91181,13.9788,27.8685,48.5907,-5.39257,8.39233,29.2233,0.3751,-17.7402,-16.0164,-13.9568,0.00140112,-17.0564,-14.7371,-11.8428,0.0060048,-16.3954,-13.5142,-9.67643,0.0182146
LTC,1000,100,5034,4963,1,3.6954,4.91181,19.9925,38.5869,66.0111,0.671625,19.4149,46.0027,0.51219,-17.1548,-15.0243,-12.3972,0.00503728,-16.1698,-13.1915,-9.4412,0.0185372,-15.2391,-11.3897,-6.30233,0.0435221
LTC,1000,500,5034,4629,1,3.6954,4.91181,42.5639,84.3582,146.864,23.1152,64.5652,126.433,0.742493,-14.9236,-10.8677,-4.87191,0.0533593,-12.8615,-6.71161,2.17733,0.124001,-10.7857,-2.60181,9.66455,0.206092
LTC,10000,10,5034,5028,1,4.51664,5.76739,6.5007,12.8098,21.8775,-14.1877,-8.09924,0.323442,0.103421,-20.0309,-18.8107,-17.7242,0.000198886,-19.6216,-18.2557,-16.9686,0.000198886,-19.2762,-17.7707,-16.16,0.000198886
LTC,10000,50,5034,4996,1,4.51664,5.76739,13.9788,27.8685,48.5907,-6.98283,6.48248,27.2181,0.343275,-19.1824,-17.6201,-15.8649,0.0010008,-18.4721,-16.498,-13.6773,0.0040032,-17.8001,-15.2445,-11.486,0.0116093
LTC,10000,100,5034,4963,1,4.51664,5.76739,19.9925,38.5869,66.0111,-1.04815,17.4463,44.3754,0.482571,-18.6213,-16.7506,-14.2747,0.00342535,-17.6697,-14.9349,-11.312,0.0153133,-16.7672,-13.1099,-8.19596,0.0324401
LTC,10000,500,5034,4629,1,4.51664,5.76739,42.5639,84.3582,146.864,21.5971,62.8467,124.398,0.721106,-16.4645,-12.6228,-6.78635,0.0436379,-14.3929,-8.55785,0.452568,0.103694,-12.2915,-4.39699,7.65207,0.180169
LTC,100000,10,5034,4405,0.875844,7.68878,11.0959,6.5007,12.8098,21.8775,-18.6658,-12.7933,-4.79391,0.0631101,-25.87,-21.2653,-19.8593,0.000227015,-25.3524,-20.9269,-19.4367,0.000227015,-24.8068,-20.5744,-18.8816,0.000227015
LTC,100000,50,5034,4382,0.875844,7.68878,11.0959,13.9788,27.8685,48.5907,-11.9463,0.790923,21.5061,0.259927,-24.5657,-20.4812,-18.8999,0.000228206,-23.2811,-19.6818,-17.5784,0.00182565,-22.2,-18.8395,-15.8905,0.00456413
LTC,100000,100,5034,4353,0.875844,7.68878,11.0959,19.9925,38.5869,66.0111,-6.31975,11.8048,37.588,0.389387,-23.4993,-19.9024,-17.9532,0.00160809,-21.9822,-18.7144,-15.7155,0.00597289,-20.7391,-17.3201,-12.9588,0.0181484
LTC,100000,500,5034,4083,0.875844,7.68878,11.0959,42.5639,84.3582,146.864,16.2041,54.787,115.393,0.661034,-20.4385,-16.8888,-11.9197,0.0271859,-18.6914,-13.4251,-5.34498,0.0614744,-16.8002,-9.56964,1.46837,0.110948
PENGU,1000,10,4856,4849,1,5.60265,7.75494,10.7009,20.9987,36.3529,-12.5526,-2.23564,13.0722,0.215096,-21.8573,-19.6369,-17.7315,0.000206228,-21.2839,-18.8071,-16.4707,0.000824912,-20.7397,-17.9318,-15.036,0.00185605
PENGU,1000,50,4856,4818,1,5.60265,7.75494,25.4592,47.9433,81.7109,1.97091,24.5823,58.1408,0.530511,-20.3696,-17.4157,-14.2416,0.0041511,-19.1567,-15.3212,-10.6714,0.0141137,-17.9085,-13.0941,-6.88674,0.0394355
PENGU,1000,100,4856,4771,1,5.60265,7.75494,35.9551,69.6098,115.843,12.4989,45.7751,91.2409,0.648711,-19.297,-15.6817,-11.1081,0.0121568,-17.6645,-12.5526,-5.64687,0.0459023,-15.8887,-9.20569,-0.196538,0.0974638
PENGU,1000,500,4856,4437,1,5.60265,7.75494,81.6483,154.249,257.117,58.0418,130.806,232.662,0.826685,-15.1373,-7.78438,2.37019,0.120802,-11.2454,-0.220605,15.362,0.247915,-7.24867,7.56546,28.1956,0.356096
PENGU,10000,10,4856,4846,0.999382,8.63015,12.1689,10.7009,20.9987,36.3529,-18.6158,-9.45058,4.68059,0.135163,-27.6865,-25.4491,-23.7905,0.000206356,-27.0751,-24.7153,-22.8186,0.000206356,-26.4165,-23.969,-21.6545,0.000619067
PENGU,10000,50,4856,4815,0.999382,8.63015,12.1689,25.4592,47.9433,81.7109,-4.36232,17.6397,50.351,0.434683,-26.0476,-23.4863,-21.0249,0.000623053,-24.9029,-21.5357,-17.7025,0.00353063,-23.7867,-19.5862,-14.1937,0.0134995
PENGU,10000,100,4856,4768,0.999382,8.63015,12.1689,35.9551,69.6098,115.843,6.40383,38.9012,83.7014,0.572567,-25.0082,-21.9161,-18.1686,0.00440436,-23.3861,-19.0246,-13.0933,0.0174077,-21.8132,-15.8967,-7.72245,0.045302
PENGU,10000,500,4856,4434,0.999382,8.63015,12.1689,81.6483,154.249,257.117,51.1084,122.774,224.81,0.788904,-21.0208,-14.2826,-5.07773,0.063825,-17.319,-7.02654,7.46576,0.156518,-13.3481,0.460821,19.9378,0.256428
PENGU,100000,10,4856,0,0,16.7554,31.5647,10.7009,20.9987,36.3529,,,,,,,,,,,,,,,,
PENGU,100000,50,4856,0,0,16.7554,31.5647,25.4592,47.9433,81.7109,,,,,,,,,,,,,,,,
PENGU,100000,100,4856,0,0,16.7554,31.5647,35.9551,69.6098,115.843,,,,,,,,,,,,,,,,
PENGU,100000,500,4856,0,0,16.7554,31.5647,81.6483,154.249,257.117,,,,,,,,,,,,,,,,
PUMP,1000,10,5356,5346,1,3.27181,6.58964,13.3981,26.1952,40.5397,-6.25618,6.79525,21.6803,0.356715,-16.8817,-14.8553,-13.2091,0.000935279,-16.2966,-13.9412,-11.7433,0.00243172,-15.758,-12.9308,-9.94089,0.00748223
PUMP,1000,50,5356,5309,1,3.27181,6.58964,30.7063,57.8036,95.7365,10.9358,38.365,75.6284,0.660953,-15.354,-12.4232,-8.6,0.0122434,-14.0256,-9.75966,-4.14919,0.0470898,-12.6931,-7.01125,0.311114,0.103033
PUMP,1000,100,5356,5271,1,3.27181,6.58964,44.8431,84.4427,134.323,25.3249,64.887,115.426,0.752988,-14.1999,-10.1445,-5.06406,0.0381332,-12.2425,-6.18048,1.23549,0.118384,-10.0319,-2.05768,7.81874,0.207171
PUMP,1000,500,5356,4937,1,3.27181,6.58964,100.503,188.463,289.785,80.8181,169.17,270.658,0.886571,-9.25851,-0.29861,10.3166,0.243063,-4.43126,8.9732,24.9546,0.402471,0.506125,18.3253,39.3015,0.510634
PUMP,10000,10,5356,5346,1,5.53302,8.43416,13.3981,26.1952,40.5397,-9.99062,2.4293,17.1373,0.286382,-21.4407,-19.1733,-17.4346,0.000374111,-20.7378,-18.2726,-15.8627,0.00112233,-20.0887,-17.2537,-14.1515,0.00430228
PUMP,10000,50,5356,5309,1,5.53302,8.43416,30.7063,57.8036,95.7365,6.91164,34.1431,71.1523,0.600866,-19.6975,-16.6611,-12.9595,0.00489734,-18.3389,-14.0828,-8.48145,0.0226031,-16.9035,-11.4021,-3.90042,0.0597099
PUMP,10000,100,5356,5271,1,5.53302,8.43416,44.8431,84.4427,134.323,21.1957,60.6549,110.853,0.708404,-18.4742,-14.4837,-9.49191,0.0195409,-16.3744,-10.5281,-3.1614,0.0690571,-14.2082,-6.42721,3.18525,0.135268
PUMP,10000,500,5356,4937,1,5.53302,8.43416,100.503,188.463,289.785,76.8798,163.629,266.607,0.863885,-13.482,-4.64682,6.13199,0.171764,-8.53865,4.51868,20.2645,0.324489,-3.47878,13.871,34.7901,0.431639
PUMP,100000,10,5356,4252,0.79537,16.0791,22.3591,13.3981,26.1952,40.5397,-29.9216,-18.3513,-4.83856,0.0731421,-41.5337,-37.7697,-35.1863,0.000235183,-40.707,-36.9367,-34.121,0.000235183,-39.8672,-36.0332,-32.9593,0.000235183
PUMP,100000,50,5356,4220,0.79537,16.0791,22.3591,30.7063,57.8036,95.7365,-13.2761,12.5614,48.7419,0.350948,-39.3682,-35.3495,-32.0903,0.000236967,-37.8048,-33.2295,-28.4714,0.000947867,-36.381,-30.9366,-24.2973,0.0049763
PUMP,100000,100,5356,4190,0.79537,16.0791,22.3591,44.8431,84.4427,134.323,-0.25548,37.0834,84.8957,0.497136,-37.8902,-33.4776,-29.1709,0.000954654,-35.9133,-30.1373,-23.7011,0.0052506,-34.1119,-26.5817,-17.7353,0.0183771
PUMP,100000,500,5356,3929,0.79537,16.0791,22.3591,100.503,188.463,289.785,54.2476,139.476,243.589,0.747518,-33.1673,-24.8379,-14.1308,0.0272334,-28.6111,-15.8793,-0.418855,0.0984983,-23.8493,-7.16605,13.8335,0.186561
SOL,1000,10,10187,10183,1,0.58483,1.65974,5.64302,10.6895,17.3426,-7.92852,-2.87659,3.76334,0.163704,-12.6322,-12.1146,-11.4921,9.82029e-05,-12.4366,-11.6789,-10.7206,9.82029e-05,-12.2161,-11.2318,-9.90936,0.000785623
SOL,1000,50,10187,10146,1,0.58483,1.65974,12.9761,24.7051,40.1357,-0.626384,10.9647,26.3311,0.48216,-12.074,-10.9415,-9.38562,0.00137985,-11.4927,-9.78791,-7.49562,0.00689927,-10.8785,-8.59856,-5.53807,0.0203036
SOL,1000,100,10187,10096,1,0.58483,1.65974,18.1574,34.5847,56.8361,4.54008,20.8823,42.9723,0.608063,-11.5985,-10.0082,-7.88312,0.0054477,-10.746,-8.34605,-5.17423,0.026248,-9.88616,-6.65804,-2.33198,0.062599
SOL,1000,500,10187,9762,1,0.58483,1.65974,39.9168,76.0102,127.034,26.1927,62.1956,112.975,0.803217,-9.50522,-6.00864,-1.0475,0.0817455,-7.53081,-2.24566,5.26224,0.190023,-5.58487,1.53568,11.6463,0.289797
SOL,10000,10,10187,10183,1,0.822436,2.1894,5.64302,10.6895,17.3426,-8.45094,-3.4168,3.2688,0.15192,-13.0298,-12.3261,-11.6778,0,-12.7871,-11.9592,-10.9873,0,-12.5671,-11.5453,-10.2468,0.000392812
SOL,10000,50,10187,10146,1,0.822436,2.1894,12.9761,24.7051,40.1357,-1.15759,10.3512,25.7494,0.466982,-12.4487,-11.2642,-9.72974,0.00128129,-11.9363,-10.1952,-7.84791,0.00551942,-11.3232,-9.06642,-5.90133,0.0180367
SOL,10000,100,10187,10096,1,0.822436,2.1894,18.1574,34.5847,56.8361,4.02091,20.3547,42.0457,0.593007,-11.9999,-10.4119,-8.25835,0.00515055,-11.1788,-8.82829,-5.55455,0.0235737,-10.3109,-7.16128,-2.83005,0.0567552
SOL,10000,500,10187,9762,1,0.822436,2.1894,39.9168,76.0102,127.034,25.7117,61.8205,112.438,0.796046,-9.99884,-6.48313,-1.5087,0.0749846,-7.98138,-2.74145,4.71153,0.177935,-6.04774,0.983177,11.053,0.273919
SOL,100000,10,10187,9988,0.980858,2.77377,4.034,5.64302,10.6895,17.3426,-11.6385,-6.79159,-0.735234,0.092511,-16.7521,-15.4753,-14.2001,0,-16.4081,-15.037,-13.6668,0,-16.0717,-14.5749,-13.0815,0
SOL,100000,50,10187,9951,0.980858,2.77377,4.034,12.9761,24.7051,40.1357,-4.38589,6.91187,21.8641,0.381972,-15.8839,-14.2807,-12.7828,0.00040197,-15.1543,-13.2284,-11.2499,0.00160788,-14.5199,-12.1844,-9.44952,0.00562758
SOL,100000,100,10187,9901,0.980858,2.77377,4.034,18.1574,34.5847,56.8361,0.691459,16.8889,38.0228,0.516917,-15.304,-13.4746,-11.5815,0.001313,-14.3389,-12.0435,-9.1603,0.00807999,-13.4454,-10.4911,-6.59675,0.027573
SOL,100000,500,10187,9568,0.980858,2.77377,4.034,39.9168,76.0102,127.034,22.3888,58.1097,107.966,0.756375,-13.1053,-9.78066,-5.14975,0.0348035,-11.2328,-6.18717,0.875453,0.112354,-9.28854,-2.54009,7.10672,0.197952
SUI,1000,10,5207,5197,0.999424,2.90849,4.16238,8.35929,17.125,29.2626,-9.32669,-1.03049,11.0505,0.22994,-16.7568,-15.5991,-14.2007,0,-16.3297,-14.908,-12.9936,0.00115451,-15.8847,-14.1879,-11.748,0.00500289
SUI,1000,50,5207,5164,0.999424,2.90849,4.16238,19.2718,37.97,65.7755,1.34315,19.7246,47.3486,0.525562,-15.7018,-13.7871,-11.2569,0.00503486,-14.7718,-12.0952,-8.25841,0.0178156,-13.8542,-10.3035,-5.03987,0.045701
SUI,1000,100,5207,5124,0.999424,2.90849,4.16238,27.0768,52.9541,89.0389,9.08908,34.2096,70.3543,0.646175,-14.9087,-12.453,-8.97815,0.0161983,-13.605,-9.95546,-4.73147,0.049961,-12.3201,-7.42533,-0.273847,0.0954333
SUI,1000,500,5207,4790,0.999424,2.90849,4.16238,58.6808,115.499,201.511,40.9859,96.9482,182.659,0.826096,-11.7949,-6.34751,1.99472,0.125887,-8.95691,-0.712792,12.1268,0.237578,-6.04626,4.97706,21.9625,0.33215
SUI,10000,10,5207,5194,0.998848,3.8495,5.16519,8.35929,17.125,29.2626,-10.8396,-3.04009,8.90579,0.195803,-18.3961,-16.9317,-15.77,0,-17.819,-16.3003,-14.9007,0.00057759,-17.3607,-15.6364,-13.7746,0.00173277
SUI,10000,50,5207,5161,0.998848,3.8495,5.16519,19.2718,37.97,65.7755,-0.256046,17.9481,45.2977,0.494672,-17.1308,-15.3731,-13.2082,0.00329394,-16.1958,-13.74,-10.2214,0.0106568,-15.3322,-12.0243,-7.09205,0.0302267
SUI,10000,100,5207,5121,0.998848,3.8495,5.16519,27.0768,52.9541,89.0389,7.62929,32.9122,68.2433,0.621754,-16.357,-14.1235,-11.0169,0.00995899,-15.0841,-11.706,-6.86484,0.0357352,-13.7813,-9.12172,-2.50596,0.0759617
SUI,10000,500,5207,4787,0.998848,3.8495,5.16519,58.6808,115.499,201.511,39.1527,95.1141,180.93,0.809484,-13.3392,-8.18522,-0.0269257,0.100063,-10.498,-2.45439,9.75971,0.206601,-7.57874,3.21076,19.9948,0.297055
SUI,100000,10,5207,2504,0.481467,7.13835,9.43894,8.35929,17.125,29.2626,-15.052,-8.83636,1.09233,0.108227,-20.7428,-19.4886,-18.6852,0,-20.4137,-19.1413,-18.099,0,-20.1244,-18.6786,-17.4033,0
SUI,100000,50,5207,2494,0.481467,7.13835,9.43894,19.2718,37.97,65.7755,-6.51311,9.21233,31.3435,0.372895,-20.1086,-18.5688,-16.9718,0.000801925,-19.4132,-17.5489,-15.097,0.00240577,-18.7403,-16.2346,-12.8569,0.00882117
SUI,100000,100,5207,2486,0.481467,7.13835,9.43894,27.0768,52.9541,89.0389,1.07835,22.3085,51.401,0.522526,-19.4258,-17.5246,-15.3555,0.00402253,-18.4331,-15.81,-12.022,0.00965406,-17.3555,-13.8423,-8.56992,0.0265487
SUI,100000,500,5207,2386,0.481467,7.13835,9.43894,58.6808,115.499,201.511,29.433,78.0216,148.258,0.762364,-16.9047,-12.9348,-6.83046,0.0465214,-14.3807,-8.09155,1.15145,0.112741,-11.9325,-3.12025,9.79951,0.197821
UNI,1000,10,4640,4633,1,4.19065,5.62114,8.67428,17.5173,29.9671,-11.7543,-2.78698,9.46074,0.201166,-19.3335,-17.8751,-16.3946,0.000215843,-18.8429,-17.1988,-15.1436,0.00107921,-18.3271,-16.4861,-13.919,0.00323764
UNI,1000,50,4640,4600,1,4.19065,5.62114,18.8682,37.852,66.0873,-1.4979,17.3736,45.3853,0.472391,-18.2125,-16.217,-13.2693,0.00456522,-17.3151,-14.5205,-10.2495,0.0208696,-16.4248,-12.6691,-7.11716,0.0423913
UNI,1000,100,4640,4561,1,4.19065,5.62114,27.2196,53.6448,92.7069,6.53569,32.9657,71.9003,0.606665,-17.4462,-14.7174,-10.8784,0.014909,-16.1601,-12.1643,-6.54731,0.0425345,-14.7535,-9.61457,-2.09249,0.0813418
UNI,1000,500,4640,4227,1,4.19065,5.62114,57.9858,114.098,214.508,37.5914,93.4644,194.385,0.789449,-14.5271,-8.82747,0.749074,0.106695,-11.6216,-3.41201,11.4919,0.200615,-8.7779,2.30457,22.153,0.289567
UNI,10000,10,4640,4633,1,5.18611,7.05251,8.67428,17.5173,29.9671,-13.5439,-5.05719,6.79469,0.166415,-21.0781,-19.3711,-17.982,0.000215843,-20.5056,-18.6894,-17.1362,0.000647529,-20.022,-18.043,-16.0842,0.00237427
UNI,10000,50,4640,4600,1,5.18611,7.05251,18.8682,37.852,66.0873,-3.44846,15.0784,42.7744,0.436087,-19.8509,-17.8178,-15.4071,0.0026087,-18.9459,-16.4405,-12.5653,0.0128261,-18.0521,-14.7003,-9.64161,0.0317391
UNI,10000,100,4640,4561,1,5.18611,7.05251,27.2196,53.6448,92.7069,4.89695,30.6444,69.2794,0.577943,-19.0499,-16.5581,-13.2351,0.0109625,-17.7783,-14.2808,-8.85086,0.0295988,-16.5411,-11.7935,-4.46472,0.063144
UNI,10000,500,4640,4227,1,5.18611,7.05251,57.9858,114.098,214.508,35.4546,91.6493,190.829,0.775727,-16.142,-11.0066,-2.07758,0.0854034,-13.3083,-5.54574,8.51741,0.172936,-10.6073,0.187845,19.1892,0.252661
UNI,100000,10,4640,3601,0.776724,10.6172,17.7037,8.67428,17.5173,29.9671,-20.0478,-13.2602,-4.15358,0.0710914,-29.8604,-23.0004,-21.5804,0,-28.8982,-22.6791,-21.1159,0,-27.8217,-22.3094,-20.6263,0
UNI,100000,50,4640,3576,0.776724,10.6172,17.7037,18.8682,37.852,66.0873,-12.0145,3.48829,26.8102,0.289709,-27.4445,-22.044,-20.4334,0.000559284,-25.5389,-21.2049,-18.9252,0.00111857,-24.2107,-20.2496,-16.9519,0.00615213
UNI,100000,100,4640,3544,0.776724,10.6172,17.7037,27.2196,53.6448,92.7069,-4.353,18.0187,52.3246,0.429458,-25.8077,-21.4997,-19.4078,0.00225734,-23.6036,-20.1435,-16.8496,0.00733634,-22.4801,-18.4577,-13.7773,0.0174944
UNI,100000,500,4640,3316,0.776724,10.6172,17.7037,57.9858,114.098,214.508,23.2851,74.0727,160.321,0.691496,-21.856,-17.7039,-11.7895,0.0346803,-19.8084,-13.4823,-3.21808,0.0808203,-17.4974,-9.05598,6.00148,0.140531
WLFI,1000,10,4835,4823,1,7.55487,11.46,8.7604,19.4427,33.2691,-17.5819,-7.8571,6.00486,0.146175,-25.7634,-22.8853,-20.3885,0.00041468,-25.1712,-22.1134,-19.4373,0.00145138,-24.5836,-21.3478,-18.3507,0.0031101
WLFI,1000,50,4835,4791,1,7.55487,11.46,21.9058,41.8265,73.35,-5.06279,14.3024,45.5673,0.413484,-24.3346,-20.9772,-17.5035,0.00292215,-23.1816,-19.3226,-14.8029,0.0114799,-22.124,-17.5036,-11.8654,0.0225423
WLFI,1000,100,4835,4754,1,7.55487,11.46,31.4862,60.2843,102.17,4.26666,32.744,74.4686,0.547539,-23.3868,-19.429,-15.1488,0.00799327,-21.8459,-17.0107,-10.574,0.0290282,-20.3675,-14.4358,-5.77881,0.0576357
WLFI,1000,500,4835,4420,1,7.55487,11.46,68.9766,133.72,236.518,41.3415,106.1,209.083,0.76086,-19.8964,-13.0644,-3.46218,0.0719457,-16.6749,-6.99616,8.27431,0.160181,-13.4899,-0.648196,20.2915,0.242986
WLFI,10000,10,4835,4823,1,12.2603,15.4032,8.7604,19.4427,33.2691,-26.2782,-17.2604,-3.93495,0.0758864,-35.0446,-32.274,-29.7751,0,-34.4216,-31.4917,-28.7803,0.00041468,-33.9116,-30.6055,-27.7008,0.000622019
WLFI,10000,50,4835,4791,1,12.2603,15.4032,21.9058,41.8265,73.35,-14.0701,5.39393,35.8159,0.302442,-33.6018,-30.3068,-27.0689,0.000208725,-32.3758,-28.5244,-24.3032,0.00354832,-31.2552,-26.7903,-21.2668,0.0100188
WLFI,10000,100,4835,4754,1,12.2603,15.4032,31.4862,60.2843,102.17,-4.5371,23.2424,64.3442,0.447413,-32.6612,-28.8185,-24.7233,0.00336559,-30.975,-26.4011,-20.239,0.00967606,-29.3854,-23.7696,-15.6926,0.0241902
WLFI,10000,500,4835,4420,1,12.2603,15.4032,68.9766,133.72,236.518,32.8372,96.0041,198.567,0.704072,-29.0057,-22.3596,-12.8923,0.0319005,-25.5776,-15.9984,-1.48533,0.0925339,-22.3452,-9.57819,10.1257,0.154525
WLFI,100000,10,4835,2312,0.479421,38.4209,52.2532,8.7604,19.4427,33.2691,-66.229,-55.4095,-46.0846,0.00432526,-73.3981,-65.524,-58.6249,0,-73.0107,-64.9896,-58.2861,0,-72.5178,-64.3995,-57.8177,0
WLFI,100000,50,4835,2304,0.479421,38.4209,52.2532,21.9058,41.8265,73.35,-55.0393,-39.1462,-20.2349,0.046441,-71.9038,-64.1314,-57.1775,0,-70.9298,-62.9554,-56.122,0,-69.7794,-61.5376,-54.8164,0
WLFI,100000,100,4835,2291,0.479421,38.4209,52.2532,31.4862,60.2843,102.17,-48.0575,-26.3268,2.70374,0.10694,-71.0682,-62.6837,-56.1286,0,-69.377,-61.0125,-54.1566,0,-67.8607,-59.2511,-52.3966,0.00174596
WLFI,100000,500,4835,2172,0.479421,38.4209,52.2532,68.9766,133.72,236.518,-17.7947,31.2846,98.2961,0.390884,-67.0986,-58.3392,-50.5448,0.00138122,-64.5314,-54.1106,-44.4397,0.00552486,-61.6396,-49.8248,-36.8908,0.0138122
XPL,1000,10,4692,4685,1,10.0993,15.326,14.9365,28.8323,47.4684,-17.1908,-4.34594,13.1057,0.191462,-30.234,-26.8338,-23.9991,0,-29.2994,-25.6804,-22.6189,0.000426894,-28.3892,-24.5946,-21.1331,0.00170758
XPL,1000,50,4692,4646,1,10.0993,15.326,32.4062,62.3967,103.576,0.107788,28.7874,68.9732,0.500646,-28.1638,-24.1532,-20.3655,0.00215239,-26.4599,-21.8235,-16.0662,0.0109772,-24.8546,-19.3132,-11.9076,0.0286268
XPL,1000,100,4692,4602,1,10.0993,15.326,46.6074,87.3888,147.799,13.7795,53.2412,113.593,0.629944,-26.8106,-22.0594,-17.3147,0.00890917,-24.5931,-18.427,-10.8845,0.031508,-22.3676,-14.5536,-4.07268,0.0706215
XPL,1000,500,4692,4268,1,10.0993,15.326,100.796,193.714,327.883,68.8096,158.616,293.289,0.815136,-21.2782,-13.082,-1.33559,0.0911434,-16.4953,-4.09171,14.9217,0.202905,-11.4866,5.55407,31.076,0.310918
XPL,10000,10,4692,4685,1,11.6686,17.5114,14.9365,28.8323,47.4684,-20.1309,-8.26951,9.10046,0.160939,-33.2846,-29.2648,-26.7361,0,-32.3301,-28.2911,-25.5159,0.000426894,-31.4688,-27.4184,-24.1914,0.000853789
XPL,10000,50,4692,4646,1,11.6686,17.5114,32.4062,62.3967,103.576,-3.48863,24.8762,64.0778,0.46427,-31.2214,-27.0902,-23.5817,0.00129143,-29.3836,-24.8685,-19.7444,0.00688765,-27.8571,-22.4393,-15.3995,0.0195867
XPL,10000,100,4692,4602,1,11.6686,17.5114,46.6074,87.3888,147.799,9.95138,49.6327,108.836,0.598653,-29.6451,-25.2243,-20.8883,0.00543242,-27.336,-21.8755,-14.7965,0.0210778,-25.4076,-18.1773,-8.14723,0.0501956
XPL,10000,500,4692,4268,1,11.6686,17.5114,100.796,193.714,327.883,64.598,155.126,289.112,0.800375,-24.6346,-16.5043,-4.909,0.0702905,-19.9241,-7.68653,10.7335,0.165886,-14.9725,1.61944,26.5924,0.269447
XPL,100000,10,4692,4119,0.879156,27.56,52.4856,14.9365,28.8323,47.4684,-45.4007,-32.7613,-20.2662,0.0288905,-62.6937,-45.2962,-42.3913,0,-61.6859,-44.7344,-41.5803,0,-60.7165,-44.142,-40.6742,0
XPL,100000,50,4692,4084,0.879156,27.56,52.4856,32.4062,62.3967,103.576,-32.6075,-6.85327,26.896,0.201518,-60.1492,-43.9124,-40.3806,0.000244858,-57.9537,-42.7656,-38.4295,0.000244858,-55.753,-41.5573,-35.9838,0.00195886
XPL,100000,100,4692,4045,0.879156,27.56,52.4856,46.6074,87.3888,147.799,-20.9437,14.0081,62.676,0.332015,-58.0126,-43.1082,-39.0399,0.000247219,-54.7617,-41.2687,-35.7395,0.00148331,-51.3159,-39.1718,-32.0238,0.00444994
XPL,100000,500,4692,3747,0.879156,27.56,52.4856,100.796,193.714,327.883,31.0716,112.494,231.183,0.63384,-48.5178,-37.6686,-29.4101,0.00827329,-43.9005,-32.1761,-18.7527,0.0389645,-40.8803,-25.4219,-6.44103,0.0771284
XRP,1000,10,7396,7386,1,1.49585,2.73293,5.59839,11.0063,19.1279,-9.32175,-4.13456,3.58177,0.147306,-14.2716,-13.0889,-12.2097,0,-13.917,-12.6391,-11.6428,0,-13.6172,-12.2873,-10.9315,0.000812348
XRP,1000,50,7396,7351,1,1.49585,2.73293,12.7607,24.9966,42.1373,-2.13247,9.79199,26.6763,0.437628,-13.4709,-12.041,-10.471,0.00122432,-12.8078,-11.0019,-8.67833,0.0072099,-12.2092,-9.8932,-6.69538,0.0209495
XRP,1000,100,7396,7307,1,1.49585,2.73293,18.7333,36.0617,59.9367,3.54886,20.7417,44.6977,0.576981,-12.8616,-11.172,-8.91298,0.00697961,-12.0158,-9.54344,-6.12058,0.0236759,-11.1886,-7.85582,-3.25849,0.0574791
XRP,1000,500,7396,6973,1,1.49585,2.73293,40.5406,79.0151,134.545,25.6096,63.6192,119.476,0.787896,-10.896,-7.20651,-1.81047,0.0732827,-8.86966,-3.34191,4.77837,0.166499,-6.81954,0.646227,11.5434,0.263445
XRP,10000,10,7396,7385,0.999865,2.33886,3.56491,5.59839,11.0063,19.1279,-11.0844,-5.88528,1.7089,0.120379,-15.9484,-14.8911,-13.939,0,-15.6139,-14.504,-13.3245,0,-15.3099,-14.0455,-12.7016,0.000541638
XRP,10000,50,7396,7350,0.999865,2.33886,3.56491,12.7607,24.9966,42.1373,-3.8847,7.97271,25.0558,0.401088,-15.1398,-13.7899,-12.2327,0.000544218,-14.4938,-12.7283,-10.4333,0.00312925,-13.8821,-11.5688,-8.50406,0.0134694
XRP,10000,100,7396,7306,0.999865,2.33886,3.56491,18.7333,36.0617,59.9367,1.81523,18.9756,42.8818,0.539009,-14.5535,-12.8645,-10.7626,0.00451684,-13.6781,-11.2725,-7.99001,0.0165617,-12.8058,-9.54906,-4.95835,0.0405146
XRP,10000,500,7396,6972,0.999865,2.33886,3.56491,40.5406,79.0151,134.545,23.9225,62.0666,117.292,0.764056,-12.549,-8.87696,-3.81012,0.052926,-10.5394,-4.97283,2.66828,0.136259,-8.53697,-1.12176,9.28331,0.225904
XRP,100000,10,7396,5744,0.777853,4.47198,6.15443,5.59839,11.0063,19.1279,-14.2945,-9.205,-2.2866,0.0781685,-19.7992,-17.1413,-15.7691,0,-19.4151,-16.7701,-15.3738,0,-19.031,-16.3977,-14.9109,0.000174095
XRP,100000,50,7396,5716,0.777853,4.47198,6.15443,12.7607,24.9966,42.1373,-7.05245,4.36626,19.7384,0.326627,-18.6985,-16.1987,-14.7146,0.000524843,-17.7927,-15.3626,-13.3768,0.000874738,-16.9513,-14.4201,-11.7539,0.00437369
XRP,100000,100,7396,5681,0.777853,4.47198,6.15443,18.7333,36.0617,59.9367,-1.29437,14.9554,37.0055,0.47298,-17.9602,-15.4823,-13.4989,0.00105615,-16.804,-14.1769,-11.1548,0.00844922,-15.8098,-12.7297,-8.69543,0.0197148
XRP,100000,500,7396,5429,0.777853,4.47198,6.15443,40.5406,79.0151,134.545,20.1261,57.1863,111.979,0.724995,-15.5018,-11.9605,-7.12135,0.0327869,-13.6996,-8.39334,-0.966859,0.091177,-11.7922,-4.55585,5.5325,0.16154
