symbol,horizon,offset_bps,n_windows,fill_rate_bid,fill_rate_ask,fill_rate_either,mean_pnl_bid_filled,median_pnl_bid_filled,q25_pnl_bid_filled,q75_pnl_bid_filled,mean_pnl_ask_filled,median_pnl_ask_filled,q25_pnl_ask_filled,q75_pnl_ask_filled,mean_pnl_either_filled,median_pnl_either_filled,unconditional_maker_pnl_bps,model_accuracy_breakeven
2Z,10,1,4602,0.336375,0.327901,0.612125,-16.1574,-14.0223,-26.258,1.0001,-14.5087,-12.6227,-26.1713,0.9999,-15.3436,-13.2565,-8.09618,0.402239
2Z,10,2,4602,0.335941,0.326814,0.610821,-15.1526,-13.0235,-25.253,2.0004,-13.5696,-11.6309,-25.1781,1.9996,-14.372,-12.2704,-7.76256,0.39563
2Z,10,5,4602,0.269665,0.255541,0.498696,-15.745,-12.0418,-26.3611,-2.83227,-14.0904,-11.9864,-27.0815,0.625224,-14.94,-12.008,-6.92329,0.399598
2Z,50,1,4574,0.661565,0.616528,0.958898,-19.6255,-17.0686,-43.0475,1.0001,-14.0528,-12.0878,-37.9193,12.5491,-16.9373,-15.1536,-13.8237,0.411438
2Z,50,2,4574,0.660909,0.615654,0.958242,-18.6464,-16.0701,-42.1002,2.0004,-13.0998,-11.124,-36.9536,13.2982,-15.9714,-14.1849,-13.1942,0.406082
2Z,50,5,4574,0.601006,0.549847,0.914954,-19.1749,-18.7248,-42.6817,5.0025,-13.8805,-11.5414,-36.3725,13.0841,-16.6454,-14.3308,-12.5782,0.409885
2Z,100,1,4537,0.75292,0.710822,0.990522,-19.7526,-20.6424,-54.2995,13.2151,-15.5115,-12.3976,-46.9953,24.3803,-17.6931,-15.8083,-15.9491,0.415221
2Z,100,2,4537,0.7527,0.70994,0.990522,-18.7582,-19.6489,-53.3066,14.2203,-14.5803,-11.4145,-45.9908,25.305,-16.7303,-14.8279,-15.2352,0.410342
2Z,100,5,4537,0.7095,0.663434,0.979943,-19.4651,-20.0225,-53.2629,13.1368,-15.2671,-11.5963,-46.5841,22.3199,-17.4366,-16.5713,-14.9696,0.413974
2Z,500,1,4203,0.886272,0.858672,0.996907,-23.1538,-26.6575,-105.932,45.2244,-13.5642,-5.34867,-84.3806,74.3871,-18.4349,-16.3972,-19.0839,0.418632
2Z,500,2,4203,0.886272,0.858197,0.996907,-22.1559,-25.66,-104.943,46.2291,-12.6364,-4.35641,-83.3764,75.2854,-17.4727,-15.4109,-18.2403,0.414152
2Z,500,5,4203,0.865334,0.833452,0.996907,-22.9701,-27.4945,-103.984,44.9161,-13.6391,-3.94258,-84.0118,73.9815,-18.3922,-16.7308,-18.6222,0.418444
AAVE,10,1,5184,0.546682,0.54186,0.893133,-5.42507,-4.74618,-13.2124,3.18374,-5.66795,-4.6929,-13.392,2.88215,-5.54597,-4.72791,-6.01851,0.229533
AAVE,10,2,5184,0.499614,0.493248,0.846065,-5.23094,-4.45729,-13.2005,3.71374,-5.60603,-4.54574,-13.3901,3.13335,-5.41728,-4.46962,-5.68931,0.223109
AAVE,10,5,5184,0.372878,0.368441,0.683256,-5.00243,-4.10123,-13.776,3.98304,-5.78263,-4.72396,-13.7649,3.62573,-5.39019,-4.47807,-4.99793,0.221717
AAVE,50,1,5153,0.777411,0.783427,0.995537,-6.94629,-6.4864,-23.2834,10.4356,-6.61637,-5.11463,-22.7812,12.5453,-6.78069,-5.81938,-8.29178,0.278784
AAVE,50,2,5153,0.752765,0.75587,0.993402,-6.7892,-6.28832,-23.1955,10.5273,-6.64106,-5.09747,-22.4867,12.3719,-6.71497,-5.66822,-8.06522,0.276619
AAVE,50,5,5153,0.67223,0.674364,0.972637,-6.78689,-6.10626,-23.3394,10.3349,-6.64345,-4.64669,-22.2093,11.9055,-6.71505,-5.33673,-7.52123,0.276621
AAVE,100,1,5107,0.84531,0.843156,0.997259,-7.4031,-6.82732,-32.0535,18.3909,-6.91951,-5.24133,-30.8072,19.6813,-7.16161,-6.13206,-9.04607,0.29055
AAVE,100,2,5107,0.826904,0.82475,0.997259,-7.23283,-6.82415,-31.864,18.1499,-6.77946,-5.25089,-30.2272,19.3956,-7.00644,-6.03334,-8.78611,0.285911
AAVE,100,5,5107,0.766007,0.762483,0.992559,-7.05011,-6.7848,-31.1526,18.2267,-7.07088,-5.2409,-30.0705,18.9791,-7.06047,-5.99132,-8.39593,0.28755
AAVE,500,1,4773,0.931909,0.926671,0.997486,-9.55595,-8.46127,-63.3762,46.823,-4.5149,-2.86536,-60.1281,52.2533,-7.04253,-5.11523,-9.54455,0.287008
AAVE,500,2,4773,0.923109,0.91829,0.997486,-9.41522,-8.55545,-63.3855,46.7346,-4.6067,-2.39233,-60.0475,52.0263,-7.01726,-5.17657,-9.46079,0.286241
AAVE,500,5,4773,0.898596,0.889168,0.997486,-9.08713,-7.79275,-62.9362,47.3846,-4.99081,-2.33649,-59.9439,51.3382,-7.04977,-4.68679,-9.30167,0.287227
ASTER,10,1,5196,0.476328,0.473249,0.831601,-9.7127,-8.72345,-20.7044,2.0316,-9.01983,-8.51102,-19.8184,1.77894,-9.36738,-8.69007,-7.44752,0.33987
ASTER,10,2,5196,0.446882,0.441493,0.792918,-9.53835,-8.62241,-20.5538,2.38942,-8.74442,-8.53633,-19.5842,2.07701,-9.1438,-8.55985,-7.06156,0.335954
ASTER,10,5,5196,0.361624,0.354696,0.672248,-9.32616,-8.35644,-20.3035,3.34434,-8.26524,-8.14686,-19.0731,2.88895,-8.80083,-8.2383,-6.15211,0.329562
ASTER,50,1,5167,0.740081,0.745113,0.994194,-11.5546,-10.0904,-34.3865,13.8554,-11.3917,-10.2465,-34.1741,12.5076,-11.4729,-10.1363,-11.5197,0.369257
ASTER,50,2,5167,0.723437,0.724792,0.993226,-11.4097,-9.79513,-34.0791,13.6448,-11.2463,-10.2917,-33.8935,12.7519,-11.3279,-9.97261,-11.2027,0.367584
ASTER,50,5,5167,0.664409,0.666538,0.980453,-11.2544,-9.73301,-34.4308,13.7546,-11.3943,-10.0488,-33.5427,12.0008,-11.3245,-9.87292,-10.5361,0.367544
ASTER,100,1,5133,0.809079,0.815508,0.996883,-12.1874,-10.3834,-44.9991,23.4986,-13.0563,-10.0665,-47.4151,23.1693,-12.6236,-10.1838,-13.2541,0.381175
ASTER,100,2,5133,0.795831,0.799143,0.996883,-12.1029,-10.3799,-45.2784,23.5141,-13.0652,-10.1089,-47.3339,23.1457,-12.585,-10.2816,-13.0364,0.380811
ASTER,100,5,5133,0.752776,0.75375,0.995909,-11.9881,-10.4665,-44.7237,23.2781,-13.7841,-10.8996,-46.7464,21.881,-12.8867,-10.6902,-12.707,0.3836
ASTER,500,1,4799,0.915191,0.91394,0.997291,-14.1052,-10.9224,-91.1268,58.8137,-11.5554,-9.16663,-84.8779,65.9515,-12.8312,-9.95688,-14.735,0.383097
ASTER,500,2,4799,0.908939,0.906647,0.997291,-13.855,-10.3742,-90.5409,59.3483,-11.6945,-9.01558,-84.6775,65.9794,-12.7761,-9.85275,-14.5981,0.382594
ASTER,500,5,4799,0.890602,0.886643,0.997291,-13.3404,-9.73371,-89.6471,60.5314,-12.2992,-9.03609,-84.4421,65.3172,-12.821,-9.62108,-14.393,0.383004
AVAX,10,1,4735,0.462936,0.476452,0.818374,-5.63441,-4.97288,-12.3904,1.52198,-6.25447,-5.02639,-12.7701,0.9999,-5.9489,-4.99726,-5.79416,0.247852
AVAX,10,2,4735,0.409715,0.427244,0.752904,-5.70105,-4.79087,-12.016,2.0004,-6.088,-5.06459,-12.6421,1.9996,-5.89858,-4.90536,-5.46843,0.245701
AVAX,10,5,4735,0.290813,0.307075,0.565787,-5.71997,-4.97258,-12.3483,2.14025,-5.86788,-4.73316,-12.9489,2.1265,-5.79594,-4.85869,-4.73266,0.241198
AVAX,50,1,4703,0.736339,0.735063,0.990644,-7.91471,-6.09748,-21.2479,6.65504,-6.6071,-4.78395,-20.8532,8.86487,-7.26147,-5.21949,-8.34227,0.29343
AVAX,50,2,4703,0.702318,0.700191,0.983202,-8.00816,-6.06201,-21.4036,6.51106,-6.49377,-4.51281,-20.7562,9.18797,-7.25211,-5.58286,-8.08558,0.293164
AVAX,50,5,4703,0.603657,0.613438,0.942165,-8.37984,-6.40119,-21.6402,6.45303,-6.75526,-4.5862,-20.7138,9.16122,-7.56102,-5.21355,-7.60124,0.301614
AVAX,100,1,4670,0.812634,0.804283,0.995503,-9.15235,-7.18612,-30.3017,12.6444,-6.0396,-4.54093,-25.6757,15.7401,-7.60401,-5.75245,-9.14753,0.302736
AVAX,100,2,4670,0.78758,0.779015,0.993576,-9.31927,-7.32139,-30.0262,12.1252,-5.97228,-4.30631,-25.9249,15.7854,-7.65492,-5.90833,-8.99608,0.304048
AVAX,100,5,4670,0.716274,0.710064,0.984368,-9.30113,-6.97165,-29.938,11.4919,-6.37128,-4.45689,-25.674,15.3462,-7.84258,-5.79468,-8.59309,0.308736
AVAX,500,1,4336,0.91559,0.912131,0.997232,-11.9822,-8.34213,-59.6578,37.1558,-4.45207,-2.09625,-50.8439,44.8741,-8.22427,-5.18481,-10.5158,0.317613
AVAX,500,2,4336,0.904982,0.898524,0.997232,-12.1949,-8.50043,-59.3967,36.3857,-4.60845,-2.41767,-50.9926,44.2211,-8.41524,-5.42878,-10.5885,0.321752
AVAX,500,5,4336,0.874308,0.866467,0.997232,-12.3251,-8.71426,-59.2087,35.6439,-4.45692,-1.87461,-50.1502,44.1397,-8.40871,-4.9974,-10.3188,0.321614
BNB,10,1,5894,0.533424,0.533933,0.882932,-2.67808,-2.1581,-7.06408,2.44568,-2.82476,-2.43715,-7.42841,2.24967,-2.75146,-2.29757,-4.46839,-0.0451657
BNB,10,2,5894,0.467594,0.461826,0.80794,-2.35968,-1.82592,-6.79806,2.83497,-2.5621,-2.16795,-7.2625,2.62899,-2.46027,-1.98987,-4.14331,-0.10969
BNB,10,5,5894,0.287072,0.284018,0.541737,-1.78677,-1.46648,-7.02958,3.61615,-2.19973,-2.10592,-7.18069,3.37623,-1.99214,-1.78992,-3.56885,-0.252957
BNB,50,1,5867,0.768365,0.774161,0.996591,-3.58935,-3.05757,-13.6198,7.24516,-3.61907,-3.29193,-13.6365,6.90855,-3.60426,-3.19399,-5.77983,0.0838261
BNB,50,2,5867,0.725925,0.732061,0.990455,-3.43096,-2.97752,-13.502,7.50007,-3.46163,-3.15433,-13.6873,7.07677,-3.44636,-3.06749,-5.51237,0.0647578
BNB,50,5,5867,0.598091,0.598432,0.934208,-3.22664,-2.66807,-13.4142,7.38063,-3.55901,-2.94331,-13.4728,6.8462,-3.39287,-2.86238,-5.02982,0.0578963
BNB,100,1,5823,0.835995,0.841491,0.997939,-3.99868,-3.29131,-18.6153,10.8521,-3.42535,-3.03166,-18.3991,11.9948,-3.71108,-3.13831,-6.11264,0.0958048
BNB,100,2,5823,0.802336,0.811094,0.997252,-3.93804,-3.32813,-18.2612,10.8818,-3.16714,-2.78162,-18.0463,12.1549,-3.5505,-3.03464,-5.86424,0.077524
BNB,100,5,5823,0.705993,0.710115,0.981968,-3.74891,-3.45834,-18.3054,10.9703,-3.29695,-2.85352,-18.0104,11.6667,-3.52227,-3.04866,-5.49396,0.0741385
BNB,500,1,5489,0.926216,0.927127,0.99836,-5.62351,-3.4903,-38.8792,30.3742,-2.54516,-3.61815,-37.0118,30.6695,-4.08358,-3.56424,-6.78413,0.132675
BNB,500,2,5489,0.910366,0.915832,0.99836,-5.68302,-3.39502,-38.5907,30.3327,-2.33181,-3.21059,-36.4624,30.716,-4.0024,-3.32214,-6.65459,0.125225
BNB,500,5,5489,0.864456,0.868282,0.99836,-5.76353,-3.08305,-37.9973,30.1971,-2.37418,-3.29304,-36.2663,30.4519,-4.06511,-3.13232,-6.52189,0.131006
BTC,10,1,16904,0.339387,0.331578,0.648722,-1.51319,-1.22165,-4.13049,1.14299,-1.56697,-1.17745,-4.01635,1.11223,-1.53977,-1.20186,-3.51656,-0.474174
BTC,10,2,16904,0.269699,0.261358,0.521593,-0.943429,-0.883596,-3.77382,2.0004,-1.08271,-0.835156,-3.76969,1.9996,-1.01197,-0.859463,-3.26871,-0.982251
BTC,10,5,16904,0.128845,0.120445,0.248403,0.547367,0.265826,-2.79484,4.10306,0.370639,0.565168,-2.97414,4.4095,0.461981,0.397148,-2.94242,3.74689
BTC,50,1,16871,0.655504,0.650999,0.971075,-2.76893,-2.40883,-8.48833,3.31077,-2.81153,-2.36794,-8.21874,3.03419,-2.79016,-2.39144,-4.82267,-0.0376045
BTC,50,2,16871,0.586509,0.582538,0.932843,-2.57231,-2.27117,-8.40341,3.54904,-2.52125,-2.22722,-8.09829,3.38711,-2.54687,-2.24938,-4.4887,-0.0889589
BTC,50,5,16871,0.415565,0.401992,0.744888,-2.17765,-1.94574,-8.17539,3.73023,-2.33989,-1.9752,-8.23301,3.63238,-2.25742,-1.96272,-3.92278,-0.164475
BTC,100,1,16831,0.752956,0.745945,0.994296,-3.05565,-2.62168,-11.2703,5.51785,-3.0208,-2.52098,-11.2079,5.39191,-3.03831,-2.5635,-5.27706,0.00630401
BTC,100,2,16831,0.700196,0.69372,0.982235,-2.89935,-2.51094,-11.0773,5.78707,-2.81117,-2.36012,-10.9023,5.53407,-2.85546,-2.43357,-4.99014,-0.0253091
BTC,100,5,16831,0.55071,0.539718,0.893589,-2.69737,-2.37898,-10.9553,5.94669,-2.74977,-2.33519,-10.9048,5.68612,-2.72331,-2.35203,-4.48479,-0.0508006
BTC,500,1,16495,0.888087,0.885541,0.998909,-3.62191,-2.69239,-21.6023,15.3943,-3.15171,-2.62979,-21.3576,15.5856,-3.38715,-2.66075,-6.00377,0.05715
BTC,500,2,16495,0.863898,0.861716,0.998788,-3.47127,-2.44574,-21.2906,15.4869,-2.99674,-2.40748,-21.0976,15.7865,-3.23431,-2.43156,-5.79058,0.036222
BTC,500,5,16495,0.781752,0.779509,0.993816,-3.26994,-2.19259,-20.7369,15.2794,-2.95849,-2.03906,-20.6346,15.4839,-3.11444,-2.12658,-5.43123,0.0183723
CRV,10,1,4609,0.227164,0.221957,0.432632,-16.002,-16.0374,-28.6429,1.0001,-15.1142,-14.5104,-27.2751,0.9999,-15.5633,-15.2131,-6.4949,0.403619
CRV,10,2,4609,0.206552,0.201996,0.39553,-16.3998,-17.1614,-29.1966,2.0004,-15.1314,-14.404,-28.3944,1.9996,-15.7727,-16.2598,-6.22195,0.404899
CRV,10,5,4609,0.16381,0.152528,0.309829,-16.4815,-16.7056,-29.8764,2.40588,-15.6277,-16.0151,-29.8789,3.11449,-16.0698,-16.4388,-5.54175,0.406657
CRV,50,1,4574,0.533669,0.515741,0.862921,-18.2393,-17.5738,-39.8704,1.0001,-18.1578,-15.9221,-40.3299,3.9156,-18.1993,-16.8758,-12.5492,0.417579
CRV,50,2,4574,0.513992,0.493441,0.842151,-18.185,-17.5244,-39.7365,2.0004,-18.3789,-16.7977,-40.0481,4.44589,-18.28,-17.0951,-12.2079,0.417943
CRV,50,5,4574,0.453214,0.428072,0.768255,-18.2632,-17.7075,-40.1722,5.0025,-19.4996,-17.3564,-40.6602,4.9975,-18.8638,-17.5363,-11.3122,0.420482
CRV,100,1,4544,0.65559,0.636664,0.958847,-19.6634,-18.4605,-49.9983,10.5668,-18.7413,-17.2037,-46.7787,11.3423,-19.2091,-17.8947,-15.4115,0.421912
CRV,100,2,4544,0.639965,0.618838,0.948724,-19.4458,-18.5993,-49.6864,10.5895,-18.7921,-17.3971,-47.2574,10.5862,-19.1245,-18.0764,-15.037,0.421566
CRV,100,5,4544,0.586268,0.56184,0.909111,-19.8172,-18.6967,-50.5541,9.75153,-20.1776,-18.4956,-47.6575,8.9979,-19.9936,-18.6686,-14.4774,0.424976
CRV,500,1,4210,0.847743,0.821853,0.99715,-22.5166,-21.5552,-85.375,41.5764,-16.9182,-11.6098,-80.4494,50.3153,-19.7608,-17.4783,-19.4963,0.424092
CRV,500,2,4210,0.842518,0.813064,0.99715,-22.0888,-20.94,-84.8935,41.9651,-16.8755,-11.8986,-80.5894,50.2431,-19.5285,-17.3004,-19.1655,0.423189
CRV,500,5,4210,0.811876,0.786461,0.996675,-22.6994,-22.5921,-84.6559,41.2099,-17.489,-12.8348,-80.2895,48.1861,-20.1356,-17.6205,-19.0918,0.425505
DOGE,10,1,4731,0.516804,0.498837,0.84443,-5.1722,-4.1866,-11.399,2.61308,-5.66265,-4.37681,-12.0834,2.07431,-5.41308,-4.2477,-5.74888,0.222894
DOGE,10,2,4731,0.455083,0.448108,0.785035,-5.33313,-4.21975,-11.9809,2.82165,-5.68594,-4.28979,-12.2263,1.9996,-5.50817,-4.23073,-5.48747,0.227677
DOGE,10,5,4731,0.331431,0.316424,0.600085,-5.16707,-3.90127,-13.0436,3.30473,-6.0106,-4.75172,-13.3899,3.12893,-5.57906,-4.37928,-4.80721,0.231138
DOGE,50,1,4696,0.759157,0.751491,0.991695,-5.41066,-4.86284,-20.8015,9.32473,-6.71427,-4.97549,-19.8451,9.06426,-6.05916,-4.90099,-7.57662,0.252441
DOGE,50,2,4696,0.722743,0.71167,0.982538,-5.63243,-4.91772,-20.6722,9.40255,-6.92505,-5.18911,-20.0563,9.22947,-6.27375,-5.03588,-7.49957,0.260909
DOGE,50,5,4696,0.632879,0.615204,0.939949,-5.57068,-4.75039,-19.8876,9.1944,-7.32516,-4.91228,-21.2189,8.96036,-6.4355,-4.81798,-7.01602,0.266918
DOGE,100,1,4647,0.830859,0.819238,0.996127,-6.53307,-5.70673,-26.9399,14.5727,-6.92722,-4.91031,-25.5863,15.5556,-6.72876,-5.22056,-8.55155,0.277076
DOGE,100,2,4647,0.80396,0.791478,0.995266,-6.77023,-5.75867,-26.8477,14.6928,-7.16653,-4.99466,-25.7798,15.2572,-6.96683,-5.40613,-8.55757,0.284694
DOGE,100,5,4647,0.736389,0.717022,0.983861,-6.57434,-5.35929,-26.4594,14.8509,-7.55495,-4.97838,-25.4963,15.3741,-7.05811,-5.16853,-8.12917,0.287479
DOGE,500,1,4313,0.922328,0.920473,0.997218,-8.99921,-7.47887,-53.6614,36.4276,-4.4641,-2.03217,-48.2779,40.9058,-6.73394,-5.04108,-9.20465,0.277248
DOGE,500,2,4313,0.909808,0.905402,0.997218,-9.40211,-7.70715,-53.6846,36.3961,-5.03687,-2.31151,-48.1704,40.2887,-7.22479,-5.28529,-9.55725,0.292381
DOGE,500,5,4313,0.877579,0.86761,0.997218,-9.3467,-6.71713,-53.2822,35.7398,-5.50875,-2.92777,-48.922,39.5392,-7.43869,-5.10317,-9.49096,0.298352
ENA,10,1,5511,0.548539,0.537652,0.886953,-6.12446,-5.4659,-15.5575,3.83189,-6.33145,-4.8366,-15.1451,4.03281,-6.22692,-5.0547,-6.38181,0.25911
ENA,10,2,5511,0.5137,0.500272,0.851388,-5.7577,-5.2804,-15.6725,4.02072,-6.102,-4.78791,-15.0906,4.50901,-5.92757,-5.01109,-6.00519,0.246945
ENA,10,5,5511,0.419706,0.405553,0.738704,-4.86228,-4.33924,-14.9811,5.41428,-5.39155,-3.79318,-14.3521,5.85387,-5.12238,-4.11602,-5.11364,0.207167
ENA,50,1,5480,0.791241,0.77573,0.995803,-8.74593,-7.74132,-29.4887,12.4841,-7.34765,-4.9511,-27.9884,15.8875,-8.05371,-6.56869,-9.30996,0.31375
ENA,50,2,5480,0.77135,0.755657,0.993978,-8.60557,-7.5551,-29.2613,12.549,-7.15377,-4.79829,-27.7801,15.9572,-7.88713,-6.28059,-9.02185,0.309817
ENA,50,5,5480,0.700912,0.690146,0.978467,-8.66928,-7.6877,-29.2641,11.7737,-6.80866,-4.92018,-28.6566,16.5254,-7.74617,-6.2726,-8.38768,0.306356
ENA,100,1,5442,0.851709,0.838662,0.99706,-9.51784,-8.83731,-39.8129,20.3006,-7.29786,-5.20016,-34.8604,24.9053,-8.41642,-7.14488,-10.1134,0.321777
ENA,100,2,5442,0.837376,0.824513,0.996876,-9.37846,-8.72124,-39.5701,20.4866,-7.22337,-4.90714,-34.7158,24.4661,-8.30926,-6.80081,-9.90453,0.319478
ENA,100,5,5442,0.786843,0.776185,0.99559,-9.52574,-8.72068,-39.1417,20.322,-6.83918,-4.74562,-33.8585,24.8946,-8.19162,-6.6291,-9.40187,0.316886
ENA,500,1,5108,0.931284,0.925607,0.997259,-13.3115,-13.6113,-82.9905,54.8541,-3.95009,-3.26896,-70.3306,66.6753,-8.64511,-7.91168,-11.0265,0.326491
ENA,500,2,5108,0.924432,0.919146,0.997259,-13.0797,-13.3505,-82.7545,54.9433,-3.81345,-3.16866,-69.8485,66.8682,-8.45986,-7.60462,-10.7982,0.322692
ENA,500,5,5108,0.904268,0.893696,0.997259,-13.2108,-13.1554,-81.2857,54.721,-3.9245,-3.074,-69.2052,66.3546,-8.59496,-7.66118,-10.7267,0.325479
ETH,10,1,15801,0.393203,0.390861,0.737865,-2.12277,-1.63243,-5.87445,1.8747,-2.36939,-1.80012,-5.78361,1.5111,-2.24571,-1.71849,-3.88039,-0.167939
ETH,10,2,15801,0.330042,0.329789,0.635276,-1.63873,-1.24024,-5.64803,2.55421,-1.88274,-1.35217,-5.41005,2.31149,-1.76069,-1.30168,-3.58088,-0.35194
ETH,10,5,15801,0.186444,0.186127,0.368711,-0.479957,-0.440084,-5.14971,4.6748,-0.632896,-0.379937,-5.05328,4.38923,-0.556362,-0.417692,-3.10364,-2.19609
ETH,50,1,15770,0.698732,0.692961,0.983957,-3.59979,-2.78798,-11.6136,4.95096,-3.94223,-2.92566,-11.3827,4.78411,-3.7703,-2.86926,-5.62355,0.102154
ETH,50,2,15770,0.649841,0.643437,0.966646,-3.3396,-2.58912,-11.4707,5.32198,-3.72893,-2.68409,-11.2926,5.08971,-3.5333,-2.63925,-5.28477,0.0754676
ETH,50,5,15770,0.499873,0.495942,0.854407,-3.1905,-2.52028,-11.6863,5.62363,-3.47704,-2.54021,-11.2823,5.66136,-3.33321,-2.53026,-4.65963,0.0499828
ETH,100,1,15725,0.78124,0.779714,0.995866,-3.81639,-3.05135,-15.3232,8.22853,-4.26936,-3.18483,-14.9278,7.73753,-4.04265,-3.11245,-6.1552,0.128956
ETH,100,2,15725,0.743211,0.741749,0.990715,-3.63002,-2.8453,-15.2254,8.46167,-4.08616,-3.00876,-14.6551,7.90141,-3.85786,-2.92714,-5.86439,0.111184
ETH,100,5,15725,0.625882,0.620731,0.947154,-3.52736,-2.85512,-15.2841,8.53595,-3.95908,-2.89061,-14.6282,8.36347,-3.74233,-2.87413,-5.33262,0.0991801
ETH,500,1,15389,0.902528,0.902723,0.99896,-4.61668,-2.873,-30.0636,21.5268,-4.34406,-3.14285,-29.091,21.8076,-4.48036,-3.02681,-7.04408,0.165205
ETH,500,2,15389,0.885308,0.882124,0.99883,-4.59461,-2.71541,-29.9567,21.5604,-4.30989,-3.17294,-28.9145,21.7179,-4.45251,-2.99411,-6.93475,0.163111
ETH,500,5,15389,0.823185,0.822731,0.996296,-4.5877,-2.46622,-29.9671,21.523,-4.21523,-2.76787,-28.9695,21.8114,-4.40152,-2.62188,-6.62227,0.159209
FARTCOIN,10,1,5080,0.48189,0.469291,0.79626,-11.7339,-10.5434,-25.7706,3.9787,-13.0355,-10.7677,-25.9498,0.999901,-12.376,-10.6853,-8.88593,0.378798
FARTCOIN,10,2,5080,0.453937,0.443307,0.76437,-11.6838,-10.9096,-25.6786,2.0004,-13.0662,-10.9554,-25.9027,1.9996,-12.3668,-10.9383,-8.54803,0.378708
FARTCOIN,10,5,5080,0.405118,0.391339,0.702165,-10.8337,-10.1911,-25.4089,5.0025,-12.2587,-10.1733,-25.2548,4.9975,-11.5339,-10.186,-7.59312,0.369948
FARTCOIN,50,1,5048,0.740293,0.726228,0.984548,-14.633,-13.9491,-44.6543,16.3548,-14.9078,-12.1183,-41.8069,17.6892,-14.7691,-12.7994,-13.8296,0.398436
FARTCOIN,50,2,5048,0.723059,0.70939,0.980784,-14.835,-13.7405,-44.8482,16.287,-14.9303,-12.1539,-41.5541,17.7507,-14.8822,-12.9944,-13.659,0.399208
FARTCOIN,50,5,5048,0.687203,0.672544,0.962361,-13.4224,-13.2415,-44.0972,17.6992,-13.7572,-11.0846,-40.7928,19.4121,-13.588,-11.7645,-12.2381,0.389609
FARTCOIN,100,1,5007,0.810865,0.79968,0.993809,-13.3445,-12.9758,-56.3495,27.3449,-17.7389,-11.1651,-57.0145,27.7417,-15.5264,-12.1351,-15.503,0.403391
FARTCOIN,100,2,5007,0.798482,0.787498,0.993609,-13.4276,-13.3039,-57.3978,27.3364,-17.712,-11.0996,-57.1138,28.0361,-15.555,-12.0592,-15.3349,0.403568
FARTCOIN,100,5,5007,0.772518,0.761933,0.990214,-11.831,-12.1453,-56.5698,29.2326,-16.6196,-10.1556,-55.4303,29.5687,-14.2088,-11.257,-13.9014,0.394432
FARTCOIN,500,1,4673,0.91269,0.910122,0.99465,-10.3293,-12.1177,-109.478,81.5486,-19.867,-13.9508,-109.095,80.8322,-15.0914,-12.8115,-16.7544,0.400606
FARTCOIN,500,2,4673,0.906056,0.903488,0.99465,-10.4181,-11.9414,-109.524,81.5127,-19.7535,-14.4009,-108.824,80.9023,-15.0792,-13.0565,-16.6432,0.400525
FARTCOIN,500,5,4673,0.895356,0.890862,0.99465,-8.59061,-10.8734,-108.194,82.5108,-19.3586,-13.0196,-108.69,80.5968,-13.9611,-12.1049,-15.4688,0.392558
HYPE,10,1,11059,0.49896,0.504657,0.878018,-4.7988,-4.054,-12.2119,3.0231,-4.50431,-3.98303,-12.0577,3.07927,-4.65072,-4.0167,-5.33377,0.177469
HYPE,10,2,11059,0.46053,0.465322,0.831088,-4.44421,-3.68348,-12.0108,3.35952,-4.02605,-3.64054,-11.5706,3.53566,-4.23405,-3.66412,-4.96005,0.145729
HYPE,10,5,11059,0.347861,0.352835,0.668053,-3.47426,-2.94075,-11.2092,5.0025,-2.84336,-2.60979,-10.8119,5.2649,-3.15657,-2.76674,-4.1059,0.0248005
HYPE,50,1,11022,0.763564,0.754491,0.996189,-7.72456,-6.62258,-25.6244,9.85916,-6.2925,-5.51979,-24.4176,11.9433,-7.01281,-6.10652,-8.32292,0.286106
HYPE,50,2,11022,0.739612,0.73063,0.995191,-7.5702,-6.48872,-25.1827,9.98614,-6.0883,-5.40286,-24.1755,11.9037,-6.83378,-6.02634,-8.02365,0.280502
HYPE,50,5,11022,0.664943,0.654509,0.984123,-7.35599,-6.56398,-24.8985,9.9958,-5.72222,-5.15379,-23.5274,12.1808,-6.54557,-5.85472,-7.31828,0.270837
HYPE,100,1,10982,0.828264,0.82699,0.997997,-7.80594,-7.27197,-34.5185,18.5785,-7.17527,-6.64545,-32.5034,19.1668,-7.49085,-6.92056,-9.19963,0.299756
HYPE,100,2,10982,0.810508,0.809506,0.997906,-7.69228,-7.32656,-34.1408,18.2324,-7.07069,-6.61408,-32.295,19.2375,-7.38168,-6.93553,-8.97921,0.296794
HYPE,100,5,10982,0.756237,0.75387,0.99654,-7.59852,-7.16181,-33.3205,18.2095,-6.92758,-6.26447,-31.7498,18.7916,-7.26358,-6.68698,-8.48439,0.29349
HYPE,500,1,10647,0.923171,0.920071,0.998403,-7.30894,-7.88507,-67.599,52.8039,-8.92418,-7.78522,-66.9339,51.9167,-8.1152,-7.81569,-10.4791,0.315162
HYPE,500,2,10647,0.914342,0.911712,0.998403,-7.3261,-7.90649,-67.429,52.4437,-8.8275,-7.99921,-66.7551,52.1098,-8.07572,-7.97319,-10.3734,0.314258
HYPE,500,5,10647,0.888795,0.88485,0.998403,-7.04724,-7.88038,-66.4215,52.4033,-8.74395,-7.72283,-66.0773,51.0174,-7.89371,-7.81991,-10.0003,0.309975
KBONK,10,1,4611,0.50141,0.504446,0.846454,-8.14473,-6.78219,-16.9188,1.0001,-7.22508,-5.83061,-17.0578,3.51941,-7.68352,-6.44204,-6.86426,0.304777
KBONK,10,2,4611,0.470397,0.460638,0.806116,-8.06491,-6.39054,-16.7358,2.0004,-7.46233,-6.05476,-17.1126,3.54182,-7.76678,-6.17538,-6.61557,0.30687
KBONK,10,5,4611,0.366298,0.362394,0.664064,-7.7915,-6.54617,-16.9717,2.88325,-7.47753,-6.18885,-18.0154,4.08133,-7.63535,-6.41332,-5.78191,0.303545
KBONK,50,1,4579,0.757807,0.751911,0.994322,-9.07506,-8.94326,-28.6588,10.6919,-8.94645,-6.6271,-28.524,13.6555,-9.011,-7.82135,-9.80204,0.333537
KBONK,50,2,4579,0.735095,0.725268,0.991046,-9.10767,-8.95556,-28.5155,10.1899,-9.29423,-6.69337,-28.4013,13.501,-9.20032,-7.91343,-9.7179,0.336962
KBONK,50,5,4579,0.663464,0.648613,0.964839,-9.06702,-8.86979,-28.6462,10.0347,-9.68537,-6.97734,-28.9111,13.0422,-9.3727,-8.01635,-9.14885,0.339961
KBONK,100,1,4536,0.826499,0.826279,0.996252,-9.72006,-8.49302,-38.471,17.8794,-8.53724,-6.39913,-34.8409,21.6347,-9.12873,-7.27399,-10.5439,0.335684
KBONK,100,2,4536,0.811508,0.807981,0.996032,-9.49528,-8.14923,-38.4884,18.4542,-8.64206,-6.31326,-34.5156,20.9326,-9.0696,-7.35319,-10.3441,0.334612
KBONK,100,5,4536,0.757937,0.749559,0.992284,-9.63763,-8.04291,-37.9749,18.4067,-8.98591,-6.45094,-34.9909,20.0514,-9.31358,-7.21102,-10.0201,0.338945
KBONK,500,1,4202,0.924798,0.916468,0.99643,-12.682,-11.1858,-76.4387,52.1955,-6.40742,-3.22414,-69.9627,62.7407,-9.5589,-7.15057,-11.8002,0.343078
KBONK,500,2,4202,0.9198,0.907425,0.99643,-12.3833,-10.6373,-76.0966,52.6476,-6.82756,-2.965,-69.6143,62.2446,-9.62427,-6.95972,-11.7929,0.344144
KBONK,500,5,4202,0.894336,0.878629,0.99643,-12.7618,-10.7953,-76.4465,50.8911,-7.26575,-3.50402,-70.7063,61.5853,-10.0381,-7.4929,-11.8986,0.350569
KPEPE,10,1,4845,0.51063,0.493705,0.831785,-7.91452,-6.08126,-15.7871,2.48058,-6.08847,-4.98917,-15.0287,3.56621,-7.01688,-5.60631,-6.52365,0.28623
KPEPE,10,2,4845,0.468731,0.447265,0.784727,-7.88979,-6.26162,-15.7605,2.0004,-6.30495,-5.2053,-15.2408,3.76184,-7.11594,-5.66285,-6.25909,0.289206
KPEPE,10,5,4845,0.355212,0.334778,0.629309,-8.20064,-6.28983,-16.7988,2.87468,-6.49663,-5.57879,-16.1875,4.9975,-7.37387,-5.96494,-5.54395,0.296579
KPEPE,50,1,4810,0.753846,0.743243,0.986279,-8.69472,-7.39,-27.501,9.30192,-6.91204,-5.11383,-24.6887,12.7999,-7.80969,-6.2435,-8.84591,0.307931
KPEPE,50,2,4810,0.729522,0.713514,0.97921,-8.53737,-7.10613,-27.0498,9.36781,-7.06861,-5.28793,-24.8437,12.5452,-7.81114,-6.40208,-8.63587,0.307967
KPEPE,50,5,4810,0.654262,0.633472,0.940748,-8.40927,-7.30882,-27.0596,9.94369,-7.22282,-5.62096,-25.2275,12.6653,-7.82562,-6.67031,-8.03866,0.308322
KPEPE,100,1,4777,0.827297,0.813481,0.994557,-8.54592,-7.76727,-36.5014,17.9517,-7.45312,-5.01726,-31.4574,19.7409,-8.00412,-6.99164,-9.56649,0.312596
KPEPE,100,2,4777,0.809713,0.791292,0.992883,-8.31331,-7.77661,-36.2278,17.9948,-7.62738,-5.64823,-31.3271,19.4618,-7.97429,-6.65739,-9.38344,0.311896
KPEPE,100,5,4777,0.755286,0.726188,0.983253,-8.18319,-7.19545,-35.1123,18.6517,-8.02781,-6.49761,-31.211,19.4168,-8.10703,-6.97974,-9.00517,0.314975
KPEPE,500,1,4443,0.918298,0.905919,0.996624,-10.4907,-11.2373,-68.8171,45.5696,-7.51756,-4.10772,-60.735,52.8082,-9.01423,-7.80231,-11.222,0.333596
KPEPE,500,2,4443,0.910421,0.89219,0.996624,-10.3003,-11.077,-68.4508,45.4616,-7.92859,-4.6386,-60.6311,53.1679,-9.12644,-7.79725,-11.2257,0.335642
KPEPE,500,5,4443,0.887463,0.86158,0.996624,-9.70932,-9.91253,-67.3713,45.5388,-8.63277,-4.61499,-59.33,53.2458,-9.17901,-7.26755,-11.0272,0.336584
LDO,10,1,4566,0.39816,0.408454,0.713535,-9.55223,-8.36048,-18.228,1.0001,-9.07399,-7.82729,-17.4734,0.9999,-9.31006,-8.16229,-6.75481,0.338884
LDO,10,2,4566,0.362024,0.37166,0.658782,-9.45337,-7.9833,-18.2876,0.435632,-9.00313,-7.90922,-17.9388,1.9996,-9.22529,-7.95438,-6.38422,0.337404
LDO,10,5,4566,0.282304,0.289093,0.538546,-9.1723,-7.45421,-18.4834,1.39514,-9.15848,-7.45429,-18.0816,1.66268,-9.1653,-7.45421,-5.61852,0.336339
LDO,50,1,4532,0.693292,0.683804,0.969991,-11.7512,-10.2729,-31.0628,7.913,-10.4863,-9.2625,-30.5498,10.2814,-11.1231,-9.8821,-10.6588,0.365146
LDO,50,2,4532,0.664828,0.655119,0.954766,-11.8987,-10.0757,-30.8813,8.35088,-10.6149,-9.7593,-30.7355,10.097,-11.2615,-9.92541,-10.4323,0.366803
LDO,50,5,4532,0.605693,0.584731,0.915931,-11.4765,-9.97677,-31.0347,8.44301,-11.2349,-9.61374,-30.8181,9.22491,-11.3578,-9.83664,-9.7603,0.367932
LDO,100,1,4495,0.777753,0.773749,0.993548,-12.3392,-11.1421,-39.0283,14.1366,-9.46949,-7.99564,-35.6736,18.8001,-10.908,-9.55412,-11.4619,0.362487
LDO,100,2,4495,0.757063,0.747942,0.988209,-12.5286,-11.4225,-39.482,14.0049,-9.8226,-8.28731,-35.9448,18.71,-11.1838,-9.90481,-11.4158,0.365878
LDO,100,5,4495,0.713459,0.690323,0.974638,-11.8894,-10.4749,-38.889,14.7761,-10.1731,-7.92429,-36.7132,18.665,-11.0454,-9.45584,-10.7527,0.364197
LDO,500,1,4161,0.900264,0.890411,0.997116,-16.7662,-14.1242,-74.6843,45.7148,-6.57121,-5.5719,-68.1538,55.804,-11.6967,-9.5359,-13.4725,0.371759
LDO,500,2,4161,0.887527,0.878875,0.997116,-16.9889,-14.5026,-74.7806,44.9422,-7.03266,-5.30964,-68.1717,54.4367,-12.0352,-9.87212,-13.6295,0.375365
LDO,500,5,4161,0.865417,0.85268,0.996876,-17.0094,-15.1757,-74.4387,44.7188,-7.30144,-4.94864,-67.3346,52.5772,-12.1914,-9.8116,-13.473,0.376962
LINK,10,1,4855,0.534295,0.539238,0.886715,-5.04372,-4.73706,-12.287,2.99949,-5.32123,-4.44941,-12.4945,2.98822,-5.18311,-4.6123,-5.78212,0.210599
LINK,10,2,4855,0.480536,0.480536,0.826159,-4.96737,-4.69936,-12.4133,3.10073,-5.30625,-4.2712,-12.5932,3.02189,-5.13681,-4.52305,-5.46842,0.20799
LINK,10,5,4855,0.355098,0.356952,0.658084,-4.46865,-4.37316,-12.8343,3.92848,-5.28612,-3.87413,-12.6501,3.72514,-4.87845,-4.12411,-4.73685,0.192525
LINK,50,1,4832,0.775455,0.770075,0.994619,-6.40031,-6.22867,-22.8483,10.6416,-6.25111,-5.39469,-22.541,11.508,-6.32597,-5.82206,-7.88849,0.262882
LINK,50,2,4832,0.745861,0.736755,0.990066,-6.43515,-6.04535,-22.8997,10.2232,-6.23094,-5.48752,-22.2857,11.4827,-6.33367,-5.80088,-7.6952,0.263171
LINK,50,5,4832,0.66101,0.647351,0.965439,-6.38393,-6.01751,-23.1709,10.5732,-6.55899,-5.926,-22.1229,11.2288,-6.47054,-5.99346,-7.2329,0.26818
LINK,100,1,4790,0.838205,0.836117,0.996868,-7.32266,-6.62649,-32.1455,17.0835,-5.72957,-5.0623,-28.4483,18.9262,-6.52711,-5.81955,-8.46424,0.270189
LINK,100,2,4790,0.818998,0.812944,0.996242,-7.30972,-6.31658,-31.6931,17.0531,-5.74011,-5.31227,-28.5023,18.8727,-6.52783,-5.8364,-8.32652,0.270215
LINK,100,5,4790,0.758664,0.745511,0.991649,-7.17412,-6.35069,-31.188,17.2573,-6.07315,-5.49484,-29.0478,18.3307,-6.62845,-5.80749,-7.98517,0.273703
LINK,500,1,4456,0.930655,0.928187,0.997307,-8.64311,-6.939,-60.4764,42.9218,-3.83066,-3.52962,-53.5926,46.9123,-6.24008,-5.11902,-8.79966,0.259619
LINK,500,2,4456,0.923474,0.92123,0.997307,-8.35402,-6.55282,-59.9495,43.1269,-3.31009,-2.92148,-52.9684,47.1298,-5.83512,-4.68717,-8.38203,0.242936
LINK,500,5,4456,0.897217,0.892056,0.997307,-8.27012,-6.10891,-58.8831,42.7133,-3.30625,-2.57857,-52.4875,47.285,-5.79535,-4.65406,-8.18473,0.241172
LTC,10,1,5028,0.417462,0.419053,0.738266,-6.27214,-5.24896,-12.5351,1.0001,-5.94517,-4.73281,-12.3819,0.9999,-6.10835,-4.97372,-5.55486,0.254434
LTC,10,2,5028,0.363962,0.372116,0.665871,-6.26308,-5.34214,-12.8045,2.0004,-5.86477,-4.95392,-12.768,1.9996,-6.06172,-5.18624,-5.23095,0.252546
LTC,10,5,5028,0.260342,0.262132,0.493238,-6.24849,-5.00107,-13.2583,2.38236,-5.78712,-4.7437,-12.812,3.04033,-6.01701,-4.82559,-4.57187,0.250707
LTC,50,1,4996,0.692754,0.689752,0.967174,-7.42424,-6.31164,-20.7807,6.30229,-6.36669,-5.32398,-18.9179,7.66967,-6.89662,-5.87345,-7.76731,0.282502
LTC,50,2,4996,0.653122,0.651321,0.951161,-7.58991,-6.19412,-20.6554,6.04594,-6.5141,-5.43237,-19.3118,7.60674,-7.05275,-5.82589,-7.59996,0.287317
LTC,50,5,4996,0.561849,0.552642,0.882306,-7.57161,-6.12653,-20.5153,6.31939,-6.81505,-5.36136,-20.189,8.18299,-7.19646,-5.88416,-7.01019,0.291564
LTC,100,1,4963,0.780576,0.777755,0.989724,-8.73599,-6.57498,-26.7698,11.3867,-5.35436,-5.24005,-24.2779,14.1014,-7.04824,-6.16426,-8.49174,0.287181
LTC,100,2,4963,0.74995,0.747532,0.982873,-8.81016,-6.75984,-26.9906,11.1721,-5.3885,-5.42459,-24.1214,14.4773,-7.10209,-6.02221,-8.31763,0.288795
LTC,100,5,4963,0.677816,0.664719,0.956075,-8.77452,-6.56547,-26.9229,11.3478,-5.87812,-5.42482,-23.9401,13.7153,-7.34045,-5.95948,-7.9274,0.295653
LTC,500,1,4629,0.901923,0.90041,0.997408,-10.0188,-5.7619,-49.9951,33.0484,-4.6468,-5.08438,-44.1115,37.3091,-7.33506,-5.40315,-9.61011,0.295503
LTC,500,2,4629,0.887665,0.888097,0.997192,-10.1419,-5.90476,-50.2768,32.7058,-4.6067,-5.04125,-43.9531,37.1778,-7.37362,-5.39343,-9.54689,0.296572
LTC,500,5,4629,0.853532,0.852236,0.996976,-9.58479,-5.50558,-49.8606,32.3978,-4.36709,-4.47823,-43.4182,36.326,-6.97792,-5.17294,-8.95136,0.285036
PENGU,10,1,4849,0.49701,0.463395,0.8212,-9.61846,-8.8413,-20.5083,1.0001,-8.87058,-7.18929,-18.9894,3.51895,-9.25761,-8.08141,-7.44552,0.337971
PENGU,10,2,4849,0.465044,0.433079,0.783048,-9.40428,-8.54229,-20.61,2.0004,-8.63567,-7.00257,-19.0315,3.89177,-9.03365,-7.89521,-7.05667,0.333954
PENGU,10,5,4849,0.37781,0.350175,0.669416,-9.11913,-7.80477,-20.061,2.8109,-8.81902,-7.03872,-18.8826,4.80483,-8.97477,-7.40984,-6.26675,0.332865
PENGU,50,1,4818,0.748028,0.731009,0.990245,-10.8497,-10.9328,-34.7352,12.8671,-11.4613,-9.46645,-33.6613,14.3284,-11.152,-10.3807,-11.2471,0.365495
PENGU,50,2,4818,0.729141,0.712951,0.986094,-10.7318,-10.7398,-34.4589,13.0177,-11.4281,-9.5768,-33.6274,14.1056,-11.076,-10.0593,-10.9863,0.364572
PENGU,50,5,4818,0.670818,0.648194,0.967829,-10.6501,-10.9451,-34.4104,12.5692,-12.1759,-9.35741,-34.1845,13.0015,-11.3999,-10.2893,-10.5183,0.36842
PENGU,100,1,4771,0.820163,0.79564,0.996646,-13.1635,-11.6552,-47.7144,20.834,-10.3339,-7.76045,-41.5415,25.2026,-11.7702,-10.4009,-12.5091,0.372559
PENGU,100,2,4771,0.807168,0.779501,0.996437,-13.1628,-11.5005,-47.8298,20.7066,-10.3985,-8.04023,-41.769,25.1942,-11.8047,-10.1179,-12.3651,0.372932
PENGU,100,5,4771,0.762104,0.729197,0.992454,-13.6295,-11.81,-47.2654,20.1884,-11.1571,-8.98571,-41.3003,23.224,-12.4206,-10.6168,-12.2614,0.379233
PENGU,500,1,4437,0.914131,0.900609,0.997295,-16.7575,-16.8041,-95.3349,60.2199,-10.1982,-4.79076,-85.4012,69.287,-13.5023,-10.954,-15.2516,0.388908
PENGU,500,2,4437,0.907595,0.894073,0.997295,-16.8922,-16.6253,-94.9858,60.2285,-10.3173,-4.84165,-85.1313,68.7859,-13.6294,-10.6945,-15.2779,0.389944
PENGU,500,5,4437,0.887762,0.872662,0.997295,-17.5006,-16.9408,-93.8095,58.8323,-10.9075,-4.55485,-83.5866,68.2135,-14.2323,-10.5752,-15.5275,0.394606
PUMP,10,1,5346,0.579125,0.552937,0.911149,-8.71018,-8.06288,-21.0376,5.1555,-8.32199,-7.05245,-20.9335,5.29849,-8.52058,-7.49002,-7.82291,0.323956
PUMP,10,2,5346,0.549944,0.520763,0.883651,-8.45092,-7.83684,-21.0165,5.63717,-8.20176,-7.33852,-20.9045,5.75797,-8.32974,-7.63856,-7.45935,0.319922
PUMP,10,5,5346,0.460344,0.436214,0.800037,-8.12579,-7.03721,-21.3843,5.0025,-8.06254,-6.15764,-20.5403,4.9975,-8.09502,-6.46028,-6.62883,0.314701
PUMP,50,1,5309,0.799021,0.778113,0.994914,-10.4623,-10.3379,-39.9878,17.9402,-10.5289,-8.4065,-37.4327,21.1724,-10.4952,-9.49854,-11.2762,0.357078
PUMP,50,2,5309,0.78414,0.758335,0.993407,-10.3122,-10.5177,-39.9093,17.9951,-10.5452,-8.07632,-37.3188,21.5127,-10.4268,-9.00593,-11.0415,0.356139
PUMP,50,5,5309,0.737427,0.703899,0.98625,-10.0941,-10.5272,-38.7034,17.3753,-10.8679,-8.59806,-37.3991,19.7612,-10.472,-9.5957,-10.5468,0.356761
PUMP,100,1,5271,0.856194,0.835515,0.997154,-10.2351,-12.9353,-52.3149,29.9187,-12.2974,-8.35589,-53.5346,31.885,-11.2536,-10.2729,-12.5189,0.36671
PUMP,100,2,5271,0.845001,0.821097,0.996775,-10.019,-12.6117,-52.381,30.1701,-12.4298,-8.40697,-53.8582,31.8543,-11.2071,-10.6823,-12.3361,0.366157
PUMP,100,5,5271,0.810472,0.779169,0.996395,-10.0058,-11.5461,-51.5291,29.0282,-12.8914,-9.55833,-54.184,30.9995,-11.4202,-10.9181,-12.077,0.368654
PUMP,500,1,4937,0.934778,0.923435,0.997569,-10.5473,-13.4262,-110.787,83.8907,-13.3275,-8.32753,-106.939,86.982,-11.9289,-10.2233,-14.0832,0.374255
PUMP,500,2,4937,0.931537,0.917359,0.997569,-9.88993,-12.8909,-110.244,84.5857,-13.3356,-8.19984,-106.674,86.9588,-11.5996,-10.325,-13.7232,0.370685
PUMP,500,5,4937,0.9127,0.898319,0.997569,-10.3705,-13.7712,-109.931,82.4539,-14.1622,-9.0011,-106.145,84.501,-12.2513,-10.7882,-14.0937,0.377564
SOL,10,1,10183,0.482864,0.4809,0.855249,-3.03202,-2.6789,-8.43703,2.45352,-3.31821,-2.75465,-8.38544,2.23161,-3.17482,-2.71276,-4.52989,0.0275323
SOL,10,2,10183,0.420112,0.420407,0.775115,-2.73025,-2.50627,-8.22028,2.79688,-3.00202,-2.68605,-8.23069,2.78259,-2.86618,-2.61202,-4.20454,-0.0233443
SOL,10,5,10183,0.289502,0.287342,0.556516,-1.49436,-1.56273,-7.68558,4.34843,-1.88577,-1.67423,-7.55667,4.27951,-1.68933,-1.61923,-3.48724,-0.387924
SOL,50,1,10146,0.7466,0.748275,0.997043,-4.96077,-4.31619,-16.9719,6.92207,-4.66499,-3.82533,-16.2781,7.80519,-4.81272,-4.06508,-6.5972,0.188326
SOL,50,2,10146,0.706387,0.707471,0.993396,-4.96476,-4.26372,-17.0303,6.90638,-4.6329,-3.77391,-16.1417,7.75131,-4.7987,-3.97863,-6.39234,0.187416
SOL,50,5,10146,0.607037,0.601321,0.956436,-4.38902,-3.99278,-16.4144,7.37238,-4.24462,-3.24453,-15.9053,8.16215,-4.31716,-3.59108,-5.60834,0.152549
SOL,100,1,10096,0.818839,0.819929,0.998613,-5.24465,-4.84047,-22.0263,11.808,-5.03237,-4.02636,-21.3338,12.4235,-5.13844,-4.48158,-7.21036,0.208083
SOL,100,2,10096,0.788233,0.788134,0.998514,-5.28192,-4.91839,-21.8896,11.5511,-5.04726,-3.9962,-21.2736,12.4376,-5.1646,-4.44384,-7.07065,0.209561
SOL,100,5,10096,0.714441,0.709489,0.993463,-4.84164,-4.28935,-21.1936,11.4945,-4.75047,-3.72842,-20.7704,13.0124,-4.79621,-4.00259,-6.41474,0.187253
SOL,500,1,9762,0.91723,0.920918,0.998771,-6.47855,-3.80931,-45.2169,32.5116,-4.70992,-4.78238,-41.3384,33.9798,-5.59246,-4.3449,-8.13989,0.231782
SOL,500,2,9762,0.902479,0.905552,0.998771,-6.51272,-3.73671,-45.2299,32.0544,-4.93629,-4.74634,-41.3272,33.0289,-5.72317,-4.28454,-8.17383,0.237907
SOL,500,5,9762,0.866114,0.870313,0.998771,-6.21109,-3.29451,-44.454,32.0788,-4.78509,-4.15488,-40.1175,32.2162,-5.49636,-3.8083,-7.77202,0.227092
SUI,10,1,5200,0.541346,0.541346,0.887885,-6.18333,-5.15916,-14.8688,2.66149,-5.77505,-4.49708,-13.0154,3.31712,-5.97919,-4.95607,-6.23681,0.24913
SUI,10,2,5200,0.491538,0.496538,0.840192,-6.25529,-5.35313,-15.1433,2.3945,-5.56515,-4.19815,-13.1902,3.89379,-5.90847,-4.80885,-5.91901,0.246127
SUI,10,5,5200,0.3775,0.374423,0.6875,-6.0514,-5.08997,-15.2119,2.96811,-5.6563,-3.90541,-13.8751,4.4411,-5.85466,-4.62315,-5.20113,0.243794
SUI,50,1,5167,0.78053,0.775498,0.996323,-7.78428,-6.70077,-25.621,10.6718,-7.12518,-4.91154,-23.9993,12.5796,-7.4558,-5.65543,-8.80072,0.298814
SUI,50,2,5167,0.748597,0.745887,0.993613,-8.02334,-6.87106,-25.9722,10.0626,-7.21568,-4.76522,-24.0441,12.5682,-7.62024,-5.90367,-8.69417,0.303156
SUI,50,5,5167,0.666344,0.66228,0.966712,-7.95372,-7.0065,-26.0285,10.0106,-7.34153,-5.00698,-24.4925,11.9528,-7.64856,-6.11582,-8.08103,0.303885
SUI,100,1,5127,0.842598,0.840062,0.997269,-7.70073,-6.45372,-32.8358,18.7126,-7.73154,-5.7357,-31.1127,19.3484,-7.71611,-6.12646,-9.4918,0.305602
SUI,100,2,5127,0.815877,0.818802,0.997074,-8.04762,-6.45795,-32.7669,18.2072,-7.83222,-5.86815,-31.0458,19.1915,-7.93973,-6.05469,-9.48946,0.311077
SUI,100,5,5127,0.755803,0.760679,0.993954,-8.08027,-6.97544,-32.2018,17.8324,-7.91098,-5.48901,-30.8819,18.8846,-7.99535,-6.14458,-9.0624,0.312391
SUI,500,1,4793,0.927185,0.926351,0.997496,-10.2509,-7.33171,-67.2062,47.2636,-6.06274,-3.39896,-60.0968,52.8887,-8.15775,-5.51172,-10.5603,0.316126
SUI,500,2,4793,0.917171,0.916128,0.997496,-10.2723,-7.97999,-66.9367,47.2928,-6.46628,-3.51084,-59.9485,52.1832,-8.37036,-5.68389,-10.6727,0.320796
SUI,500,5,4793,0.889422,0.887962,0.997496,-10.5407,-8.3719,-67.0143,46.6924,-6.42466,-3.80681,-59.9403,52.2621,-8.48435,-6.0307,-10.54,0.323204
UNI,10,1,4633,0.47766,0.48133,0.80531,-7.65675,-6.84259,-15.9335,2.60875,-7.41348,-5.66444,-16.6958,2.87246,-7.53465,-6.46204,-6.61283,0.30092
UNI,10,2,4633,0.437945,0.436003,0.758256,-7.69054,-6.39994,-16.2484,2.0004,-7.64619,-6.0348,-17.1414,1.9996,-7.66842,-6.22921,-6.3509,0.304392
UNI,10,5,4633,0.345349,0.332614,0.616231,-6.99873,-6.14159,-16.4605,3.38689,-7.89337,-6.36046,-17.9268,3.19692,-7.43765,-6.20452,-5.52122,0.298323
UNI,50,1,4600,0.72913,0.742609,0.987826,-9.48636,-7.46506,-26.4514,10.1484,-7.6237,-6.06446,-25.0729,10.7662,-8.5465,-6.95529,-9.28911,0.32449
UNI,50,2,4600,0.698261,0.716304,0.98,-9.736,-7.44629,-26.9594,9.96853,-7.75618,-6.09726,-25.2041,10.8269,-8.73347,-6.73533,-9.17703,0.328247
UNI,50,5,4600,0.633696,0.636087,0.940652,-9.38041,-6.77601,-26.8032,10.2537,-7.56871,-6.25451,-25.4931,11.4566,-8.47285,-6.54217,-8.37934,0.322964
UNI,100,1,4561,0.810349,0.811006,0.995176,-10.1152,-10.1948,-35.0571,15.0081,-7.30498,-5.06378,-32.092,21.2338,-8.7095,-7.34883,-10.0606,0.327774
UNI,100,2,4561,0.788204,0.793466,0.994519,-10.1884,-9.88411,-34.8969,14.7165,-7.3424,-4.99079,-32.0009,21.0916,-8.76065,-7.60844,-9.92823,0.32878
UNI,100,5,4561,0.74282,0.731857,0.98531,-9.46232,-8.92128,-34.2649,15.3615,-7.165,-4.62991,-32.1826,21.6331,-8.3222,-6.99041,-9.13627,0.319759
UNI,500,1,4227,0.919565,0.911521,0.997161,-12.5068,-12.9332,-69.258,42.3612,-6.19027,-0.54817,-58.333,53.9047,-9.36242,-7.2672,-11.5717,0.339785
UNI,500,2,4227,0.911521,0.902531,0.997161,-12.4105,-12.5703,-69.3519,41.3103,-6.33656,0.189026,-57.9522,53.9158,-9.38856,-7.02876,-11.5157,0.340231
UNI,500,5,4227,0.891412,0.875089,0.997161,-11.6091,-12.0842,-68.1393,41.4759,-6.05693,-0.10199,-57.4117,54.144,-8.85868,-6.34533,-10.8244,0.330675
WLFI,10,1,4823,0.393116,0.384201,0.689198,-10.3942,-8.8289,-20.2485,1.0001,-10.1202,-7.62737,-19.4899,0.9999,-10.2588,-8.38883,-6.98716,0.353784
WLFI,10,2,4823,0.393116,0.384201,0.689198,-9.39504,-7.82958,-19.2503,2.0004,-9.1194,-6.6268,-18.4881,1.9996,-9.2588,-7.38819,-6.59851,0.337992
WLFI,10,5,4823,0.294423,0.280116,0.532656,-9.68692,-8.96609,-20.9958,5.0025,-10.2222,-8.23215,-21.5098,4.9975,-9.9479,-8.62895,-5.85773,0.349214
WLFI,50,1,4791,0.664997,0.662701,0.945523,-11.6041,-10.6425,-31.4338,9.43983,-13.2574,-10.9606,-33.2288,9.18239,-12.4293,-10.8332,-11.2512,0.379318
WLFI,50,2,4791,0.664997,0.662701,0.945523,-10.6051,-9.64338,-30.4368,10.441,-12.2563,-9.95973,-32.2256,10.1813,-11.4293,-9.83235,-10.5873,0.368758
WLFI,50,5,4791,0.585681,0.57608,0.900647,-11.2859,-9.61402,-31.3265,11.5848,-13.3114,-10.9946,-33.0715,11.2778,-12.2903,-10.0094,-10.1392,0.377953
WLFI,100,1,4754,0.756205,0.752629,0.980648,-12.2844,-12.5422,-44.5974,17.9223,-13.3984,-12.3274,-40.3753,18.7838,-12.8401,-12.4487,-12.6868,0.383178
WLFI,100,2,4754,0.756205,0.752629,0.980648,-11.2855,-11.5433,-43.6017,18.9243,-12.3972,-11.3264,-39.3714,19.7817,-11.84,-11.4476,-11.9323,0.373311
WLFI,100,5,4754,0.690787,0.687211,0.963189,-12.3826,-11.4261,-44.2832,18.2213,-13.5903,-11.7165,-40.352,19.1447,-12.9849,-11.5505,-11.9466,0.384481
WLFI,500,1,4420,0.890724,0.881222,0.997285,-12.9054,-13.7073,-83.9942,51.2564,-14.6408,-8.07674,-75.6609,56.4498,-13.7685,-12.2594,-15.1985,0.391055
WLFI,500,2,4420,0.890724,0.881222,0.997285,-11.9065,-12.7084,-83.0024,52.2617,-13.6396,-7.07613,-74.6535,57.444,-12.7684,-11.2605,-14.3124,0.382522
WLFI,500,5,4420,0.859729,0.848869,0.996606,-12.7004,-13.1857,-82.4715,49.3133,-14.7948,-9.01582,-74.6036,56.8075,-13.7409,-10.3492,-14.7389,0.390837
XPL,10,1,4685,0.400427,0.391249,0.722305,-15.7788,-14.1761,-30.5364,1.0001,-15.862,-14.759,-30.3449,0.9999,-15.8199,-14.5374,-9.26211,0.405183
XPL,10,2,4685,0.38826,0.378015,0.70032,-15.2884,-13.7756,-30.1785,2.0004,-15.2852,-14.1002,-29.573,1.9996,-15.2868,-13.9109,-8.85697,0.401876
XPL,10,5,4685,0.323372,0.320598,0.607044,-15.693,-14.4373,-30.6025,0.423702,-15.1336,-13.9931,-29.1522,-0.380677,-15.4146,-14.1745,-7.96326,0.402689
XPL,50,1,4646,0.70254,0.683384,0.981705,-17.2046,-17.8266,-47.9088,10.8771,-17.7002,-13.4183,-45.8277,16.4186,-17.449,-15.5502,-15.0915,0.414035
XPL,50,2,4646,0.689841,0.672191,0.977185,-16.8041,-17.6345,-47.4329,10.9748,-17.3039,-13.249,-45.572,17.1197,-17.0507,-15.4405,-14.6118,0.412027
XPL,50,5,4646,0.644856,0.626776,0.956522,-16.6783,-16.3466,-46.3569,10.6586,-17.567,-13.8491,-46.03,17.1486,-17.1163,-15.2532,-13.8828,0.412364
XPL,100,1,4602,0.789657,0.771404,0.996523,-17.5796,-18.2102,-61.8943,22.3299,-18.6406,-15.2007,-58.6375,29.6596,-18.1039,-16.104,-17.1306,0.417145
XPL,100,2,4602,0.781834,0.76445,0.995654,-17.0896,-17.7861,-61.0658,23.0753,-18.2293,-14.7218,-58.2444,30.1234,-17.6531,-16.0919,-16.6483,0.415029
XPL,100,5,4602,0.749891,0.732073,0.991091,-16.9143,-17.0917,-60.6896,23.6112,-18.5175,-14.2533,-57.9962,29.0239,-17.7062,-15.4841,-16.12,0.415284
XPL,500,1,4268,0.903468,0.89269,0.997188,-19.7465,-23.0009,-116.413,69.2165,-17.0702,-8.42346,-108.86,90.1407,-18.4164,-15.0115,-19.5394,0.418551
XPL,500,2,4268,0.901125,0.888472,0.997188,-19.2082,-22.5606,-115.71,69.8309,-16.7485,-7.87551,-108.407,90.7339,-17.987,-14.6704,-19.0948,0.416607
XPL,500,5,4268,0.887535,0.86926,0.997188,-18.8715,-22.658,-115.068,70.3111,-17.8001,-7.33073,-107.916,89.234,-18.3414,-15.0234,-19.111,0.418218
XRP,10,1,7386,0.502302,0.494449,0.862713,-3.79676,-3.04369,-9.08024,2.0509,-4.0078,-3.24183,-9.23755,1.71133,-3.90145,-3.16179,-4.94439,0.115527
XRP,10,2,7386,0.441782,0.432846,0.791768,-3.70653,-2.93886,-8.98668,2.0004,-3.91757,-3.09622,-9.26258,1.9996,-3.81097,-3.02274,-4.66659,0.1064
XRP,10,5,7386,0.296913,0.292716,0.564446,-3.371,-2.43774,-9.06557,3.23194,-3.39039,-2.47336,-8.92171,3.02186,-3.38063,-2.4667,-3.99666,0.0562952
XRP,50,1,7351,0.755135,0.753639,0.996463,-5.24229,-4.42167,-16.9286,6.74362,-4.87879,-3.82215,-16.1628,7.51482,-5.06072,-4.12543,-6.81774,0.203599
XRP,50,2,7351,0.715277,0.71174,0.991158,-5.33834,-4.36332,-16.8193,6.5144,-4.86382,-3.81474,-15.9867,7.76239,-5.10167,-4.09064,-6.64008,0.205978
XRP,50,5,7351,0.606312,0.59815,0.943953,-5.166,-4.31275,-16.9233,7.18006,-4.97075,-3.86921,-16.1392,7.61839,-5.06904,-4.08731,-6.05273,0.204086
XRP,100,1,7307,0.827563,0.818393,0.998358,-5.56452,-5.4384,-23.311,11.5733,-5.10656,-3.55279,-21.1231,13.5331,-5.33682,-4.61686,-7.39208,0.218934
XRP,100,2,7307,0.796907,0.787601,0.9974,-5.70895,-5.59991,-23.2479,11.1388,-5.15828,-3.63784,-21.1835,13.8163,-5.43524,-4.47456,-7.30609,0.224023
XRP,100,5,7307,0.717121,0.70453,0.989052,-5.57807,-5.27451,-22.8684,11.1586,-5.34244,-3.42325,-20.9024,13.4947,-5.4613,-4.41922,-6.88203,0.22534
XRP,500,1,6973,0.91969,0.917969,0.998709,-6.68432,-6.92351,-45.8396,31.3288,-4.95094,-2.65237,-42.2546,36.1911,-5.81844,-4.6966,-8.34616,0.242199
XRP,500,2,6973,0.905349,0.905493,0.998709,-6.74906,-6.59895,-45.8143,31.0177,-4.90686,-2.40216,-41.9972,35.9692,-5.82788,-4.53259,-8.27669,0.242617
XRP,500,5,6973,0.871218,0.86376,0.998709,-6.27654,-6.08624,-45.7007,31.0058,-5.14844,-2.04272,-41.1689,34.6975,-5.71491,-3.94813,-7.95762,0.237529
