symbol,horizon,signal_kind,percentile_cutoff,n_total_windows,n_extreme_windows,extreme_frequency,mean_signed_return_extreme,median_signed_return_extreme,p25_signed_return_extreme,p75_signed_return_extreme,frac_positive_signed_return_extreme,gross_extreme_bps,cost_round_trip_bps,headroom_extreme_bps,per_day_expected_gross_bps
2Z,10,open,0.9,4403,430,0.0976607,-2.27635,0,-15.9377,10.8955,0.395349,2.27635,10,-7.72365,-0.754297
2Z,50,open,0.9,4375,426,0.0973714,-1.17598,0,-26.8367,25.3532,0.467136,1.17598,10,-8.82402,-0.859208
2Z,100,open,0.9,4338,424,0.0977409,3.31357,-1.16415e-06,-35.6197,34.5019,0.478774,3.31357,10,-6.68643,-0.653538
2Z,500,open,0.9,4010,398,0.0992519,24.7186,7.04506,-86.8786,101.457,0.527638,24.7186,10,14.7186,1.46084
AAVE,10,open,0.9,4985,518,0.103912,0.326626,0.560755,-8.66292,9.06738,0.513514,0.326626,10,-9.67337,-1.00518
AAVE,50,open,0.9,4955,514,0.103734,1.19913,2.1704,-20.1332,21.969,0.538911,1.19913,10,-8.80087,-0.912946
AAVE,100,open,0.9,4909,509,0.103687,-1.20786,-1.6826,-29.615,26.1343,0.491159,1.20786,10,-8.79214,-0.911632
AAVE,500,open,0.9,4581,469,0.102379,-5.89666,-7.86713,-68.2675,56.0947,0.464819,5.89666,10,-4.10334,-0.420097
ASTER,10,open,0.9,4997,487,0.0974585,0.929177,0.140973,-10.6092,11.5329,0.513347,0.929177,10,-9.07082,-0.884029
ASTER,50,open,0.9,4969,484,0.0974039,-0.251416,-0.095172,-24.1315,24.6319,0.493802,0.251416,10,-9.74858,-0.94955
ASTER,100,open,0.9,4936,480,0.0972447,-2.74647,-2.2497,-35.2156,27.4772,0.464583,2.74647,10,-7.25353,-0.705367
ASTER,500,open,0.9,4608,443,0.0961372,0.855648,0.54984,-76.4769,73.735,0.505643,0.855648,10,-9.14435,-0.879112
AVAX,10,open,0.9,4537,471,0.103813,-0.428663,0,-6.05593,6.70733,0.484076,0.428663,10,-9.57134,-0.99363
AVAX,50,open,0.9,4505,467,0.103663,0.755444,1.11068,-13.4761,15.603,0.526767,0.755444,10,-9.24456,-0.958315
AVAX,100,open,0.9,4473,464,0.103734,1.78044,-2.18279e-07,-20.0863,21.1444,0.493534,1.78044,10,-8.21956,-0.852643
AVAX,500,open,0.9,4145,431,0.103981,3.83294,2.46214,-45.7243,52.557,0.515081,3.83294,10,-6.16706,-0.641255
BNB,10,open,0.9,5695,579,0.101668,-0.12142,0.0915772,-4.72207,4.96038,0.506045,0.12142,10,-9.87858,-1.00434
BNB,50,open,0.9,5668,575,0.101447,0.193751,0.355592,-10.4401,10.0894,0.514783,0.193751,10,-9.80625,-0.994812
BNB,100,open,0.9,5624,569,0.101174,1.8884,1.80005,-13.4088,16.9817,0.539543,1.8884,10,-8.1116,-0.82068
BNB,500,open,0.9,5296,523,0.0987538,-1.46256,-2.83949,-38.5107,35.9733,0.48566,1.46256,10,-8.53744,-0.843105
BTC,10,open,0.9,16706,1556,0.0931402,0.00478478,2.77556e-12,-2.1407,2.01895,0.50964,0.00478478,10,-9.99522,-0.930956
BTC,50,open,0.9,16673,1554,0.0932046,0.557807,0.158078,-5.00991,5.89609,0.51094,0.557807,10,-9.44219,-0.880056
BTC,100,open,0.9,16634,1549,0.0931225,0.448215,0.339864,-7.97766,8.70271,0.515171,0.448215,10,-9.55178,-0.889486
BTC,500,open,0.9,16302,1520,0.0932401,1.01427,0.0700308,-16.1422,18.9519,0.501974,1.01427,10,-8.98573,-0.83783
CRV,10,open,0.9,4410,0,0,,,,,,,10,,
CRV,50,open,0.9,4376,0,0,,,,,,,10,,
CRV,100,open,0.9,4347,0,0,,,,,,,10,,
CRV,500,open,0.9,4019,0,0,,,,,,,10,,
DOGE,10,open,0.9,4532,484,0.106796,-1.14615,2.91038e-07,-7.76719,7.89895,0.508264,1.14615,10,-8.85385,-0.945556
DOGE,50,open,0.9,4498,483,0.107381,1.69738,3.71517,-12.4444,20.1454,0.57971,1.69738,10,-8.30262,-0.891544
DOGE,100,open,0.9,4449,479,0.107665,3.47398,3.14432,-20.5929,24.4532,0.546973,3.47398,10,-6.52602,-0.702621
DOGE,500,open,0.9,4121,447,0.108469,1.14687,-2.15959,-46.8182,37.7593,0.480984,1.14687,10,-8.85313,-0.960289
ENA,10,open,0.9,5312,502,0.094503,-0.170846,-2.18279e-07,-8.68257,7.82967,0.488048,0.170846,10,-9.82915,-0.928885
ENA,50,open,0.9,5281,497,0.094111,3.06751,0.979864,-17.8133,20.5262,0.525151,3.06751,10,-6.93249,-0.652424
ENA,100,open,0.9,5243,493,0.0940301,2.44526,-3.08404,-29.4163,24.6644,0.472617,2.44526,10,-7.55474,-0.710373
ENA,500,open,0.9,4915,460,0.093591,11.5882,-1.30806,-56.3418,66.3448,0.493478,11.5882,10,1.58821,0.148642
ETH,10,open,0.9,15602,1374,0.0880656,0.0591237,0,-3.2914,3.05434,0.494905,0.0591237,10,-9.94088,-0.87545
ETH,50,open,0.9,15571,1370,0.0879841,0.712306,7.95802e-08,-7.24749,8.15445,0.509489,0.712306,10,-9.28769,-0.817169
ETH,100,open,0.9,15527,1364,0.087847,1.36695,0.494906,-9.43028,11.6912,0.515396,1.36695,10,-8.63305,-0.758387
ETH,500,open,0.9,15195,1321,0.0869365,1.64248,-0.251159,-23.9001,24.9857,0.499621,1.64248,10,-8.35752,-0.726573
FARTCOIN,10,open,0.9,4881,216,0.0442532,-0.96143,0,-15.0269,16.682,0.476852,0.96143,10,-9.03857,-0.399986
FARTCOIN,50,open,0.9,4849,214,0.0441328,3.70028,3.18269,-35.4202,38.3208,0.518692,3.70028,10,-6.29972,-0.278024
FARTCOIN,100,open,0.9,4809,211,0.0438761,4.21615,6.96622,-43.519,49.3358,0.535545,4.21615,10,-5.78385,-0.253773
FARTCOIN,500,open,0.9,4481,187,0.0417318,21.4762,35.4768,-76.2123,137.12,0.59893,21.4762,10,11.4762,0.478923
HYPE,10,open,0.9,10860,1086,0.1,0.478988,1.45519e-07,-7.79599,8.51293,0.508287,0.478988,10,-9.52101,-0.952101
HYPE,50,open,0.9,10823,1077,0.0995103,1.30396,0.482037,-18.4214,20.0979,0.510678,1.30396,10,-8.69604,-0.865346
HYPE,100,open,0.9,10783,1074,0.0996012,1.93755,0.398398,-26.395,28.3842,0.503724,1.93755,10,-8.06245,-0.80303
HYPE,500,open,0.9,10452,1038,0.0993111,5.16393,6.7802,-58.1836,67.0462,0.529865,5.16393,10,-4.83607,-0.480276
KBONK,10,open,0.9,4412,0,0,,,,,,,10,,
KBONK,50,open,0.9,4382,0,0,,,,,,,10,,
KBONK,100,open,0.9,4340,0,0,,,,,,,10,,
KBONK,500,open,0.9,4012,0,0,,,,,,,10,,
KPEPE,10,open,0.9,4646,0,0,,,,,,,10,,
KPEPE,50,open,0.9,4611,0,0,,,,,,,10,,
KPEPE,100,open,0.9,4579,0,0,,,,,,,10,,
KPEPE,500,open,0.9,4251,0,0,,,,,,,10,,
LDO,10,open,0.9,4367,0,0,,,,,,,10,,
LDO,50,open,0.9,4333,0,0,,,,,,,10,,
LDO,100,open,0.9,4297,0,0,,,,,,,10,,
LDO,500,open,0.9,3969,0,0,,,,,,,10,,
LINK,10,open,0.9,4656,448,0.0962199,-0.598399,-1.45519e-07,-9.25482,8.6991,0.484375,0.598399,10,-9.4016,-0.904621
LINK,50,open,0.9,4634,446,0.0962451,0.37935,2.29109,-19.2233,21.4138,0.529148,0.37935,10,-9.62065,-0.925941
LINK,100,open,0.9,4592,444,0.0966899,-3.06584,-0.292287,-32.3075,26.1735,0.495495,3.06584,10,-6.93416,-0.670463
LINK,500,open,0.9,4264,416,0.097561,-10.6713,-3.96514,-63.8615,46.0991,0.473558,10.6713,10,0.671276,0.0654903
LTC,10,open,0.9,4829,529,0.109546,0.238704,0,-5.1066,6.02349,0.478261,0.238704,10,-9.7613,-1.06932
LTC,50,open,0.9,4798,526,0.109629,0.788032,1.33209,-10.1359,11.9605,0.543726,0.788032,10,-9.21197,-1.0099
LTC,100,open,0.9,4766,524,0.109945,0.562675,1.34554,-14.9353,16.5303,0.532443,0.562675,10,-9.43733,-1.03759
LTC,500,open,0.9,4438,504,0.113565,1.44325,-1.03968,-31.7582,31.6948,0.490079,1.44325,10,-8.55675,-0.971745
PENGU,10,open,0.9,4650,165,0.0354839,0.740917,6.54836e-07,-12.4894,11.7994,0.509091,0.740917,10,-9.25908,-0.328548
PENGU,50,open,0.9,4620,164,0.0354978,-0.584339,7.0391,-26.0561,30.5766,0.567073,0.584339,10,-9.41566,-0.334236
PENGU,100,open,0.9,4575,160,0.0349727,0.964005,0.080448,-38.7648,50.3836,0.5,0.964005,10,-9.036,-0.316013
PENGU,500,open,0.9,4247,143,0.0336708,-27.0505,-21.2033,-120.29,73.9603,0.426573,27.0505,10,17.0505,0.574105
PUMP,10,open,0.9,5147,550,0.106858,-1.01373,0,-11.4976,10.4878,0.463636,1.01373,10,-8.98627,-0.960258
PUMP,50,open,0.9,5112,549,0.107394,-1.42843,1.11022e-12,-23.9866,25.1067,0.500911,1.42843,10,-8.57157,-0.920539
PUMP,100,open,0.9,5074,545,0.10741,0.812291,8.73115e-07,-36.6685,39.1171,0.500917,0.812291,10,-9.18771,-0.986855
PUMP,500,open,0.9,4746,507,0.106827,9.78707,7.23328,-81.1473,97.3349,0.52071,9.78707,10,-0.212932,-0.0227469
SOL,10,open,0.9,9984,830,0.083133,0.232947,3.63803e-08,-5.2934,5.89721,0.501205,0.232947,10,-9.76705,-0.811965
SOL,50,open,0.9,9948,823,0.0827302,-1.51169,1.09139e-07,-13.645,13.0367,0.504253,1.51169,10,-8.48831,-0.702239
SOL,100,open,0.9,9898,817,0.0825419,-0.42034,-1.03402,-17.0068,16.7791,0.485924,0.42034,10,-9.57966,-0.790724
SOL,500,open,0.9,9568,792,0.0827759,-0.574306,-1.10569,-39.6295,35.6997,0.492424,0.574306,10,-9.42569,-0.78022
SUI,10,open,0.9,5001,539,0.107778,-0.0614266,0,-7.89162,6.46139,0.493506,0.0614266,10,-9.93857,-1.07116
SUI,50,open,0.9,4968,535,0.107689,0.819338,0.76365,-14.5054,18.8032,0.508411,0.819338,10,-9.18066,-0.988658
SUI,100,open,0.9,4928,529,0.107346,-1.52738,-1.56281,-28.0397,24.9813,0.489603,1.52738,10,-8.47262,-0.9095
SUI,500,open,0.9,4600,487,0.10587,-4.09418,-1.17208,-61.2528,54.7418,0.486653,4.09418,10,-5.90582,-0.625247
UNI,10,open,0.9,4434,442,0.0996843,0.723307,0,-8.4834,7.95078,0.497738,0.723307,10,-9.27669,-0.92474
UNI,50,open,0.9,4402,441,0.100182,-0.894751,2.91037e-07,-19.8666,17.7548,0.505669,0.894751,10,-9.10525,-0.91218
UNI,100,open,0.9,4365,434,0.0994273,-0.489132,1.45519e-07,-27.1977,24.6161,0.5,0.489132,10,-9.51087,-0.94564
UNI,500,open,0.9,4037,398,0.0985881,-14.1073,-7.82216,-64.0504,45.5134,0.452261,14.1073,10,4.10727,0.404928
WLFI,10,open,0.9,4624,460,0.099481,0.307862,0,-8.67125,9.61079,0.397826,0.307862,10,-9.69214,-0.964183
WLFI,50,open,0.9,4593,455,0.0990638,3.46169,0,-21.4538,20.6186,0.468132,3.46169,10,-6.53831,-0.64771
WLFI,100,open,0.9,4556,449,0.0985514,7.43132,5.82077e-07,-28.6944,39.0244,0.523385,7.43132,10,-2.56868,-0.253147
WLFI,500,open,0.9,4228,410,0.0969726,5.50225,7.00298,-60.409,80.5881,0.534146,5.50225,10,-4.49775,-0.436159
XPL,10,open,0.9,4486,523,0.116585,-0.116889,0,-14.5668,13.5866,0.437859,0.116889,10,-9.88311,-1.15222
XPL,50,open,0.9,4449,519,0.116655,-0.849788,0,-32.5716,29.3971,0.483622,0.849788,10,-9.15021,-1.06742
XPL,100,open,0.9,4406,515,0.116886,0.692617,5.82077e-07,-43.2155,36.7044,0.502913,0.692617,10,-9.30738,-1.0879
XPL,500,open,0.9,4078,476,0.116724,14.9421,5.65814,-94.0935,96.8425,0.518908,14.9421,10,4.94209,0.57686
XRP,10,open,0.9,7188,648,0.0901503,-0.0613502,-2.00089e-07,-4.55141,4.86979,0.469136,0.0613502,10,-9.93865,-0.895972
XRP,50,open,0.9,7154,643,0.0898798,0.0535081,7.27596e-08,-11.7138,12.2415,0.502333,0.0535081,10,-9.94649,-0.893989
XRP,100,open,0.9,7111,636,0.0894389,-1.96828,-0.572727,-18.4102,15.3866,0.493711,1.96828,10,-8.03172,-0.718348
XRP,500,open,0.9,6783,606,0.089341,-0.482992,-2.75749,-39.4408,37.3653,0.478548,0.482992,10,-9.51701,-0.850259
2Z,10,open,0.95,4403,42,0.00953895,-0.527367,0,-6.37062,6.24881,0.309524,0.527367,10,-9.47263,-0.090359
2Z,50,open,0.95,4375,42,0.0096,-3.51565,-5.93303,-25.4713,10.886,0.309524,3.51565,10,-6.48435,-0.0622497
2Z,100,open,0.95,4338,42,0.00968188,-0.000926986,-12.7014,-26.4294,18.9505,0.404762,0.000926986,10,-9.99907,-0.0968098
2Z,500,open,0.95,4010,41,0.0102244,-11.0924,-5.82077e-06,-61.9546,16.0643,0.414634,11.0924,10,1.09244,0.0111696
AAVE,10,open,0.95,4985,263,0.0527583,-0.612906,0.487293,-8.74628,8.58265,0.509506,0.612906,10,-9.38709,-0.495247
AAVE,50,open,0.95,4955,260,0.0524723,-0.113692,1.23491,-22.2312,20.6303,0.523077,0.113692,10,-9.88631,-0.518757
AAVE,100,open,0.95,4909,257,0.0523528,-1.48,-5.27334,-32.4475,24.1093,0.463035,1.48,10,-8.52,-0.446046
AAVE,500,open,0.95,4581,232,0.050644,-5.96753,-14.9434,-69.8801,45.0362,0.422414,5.96753,10,-4.03247,-0.20422
ASTER,10,open,0.95,4997,196,0.0392235,1.13013,1.02262,-11.5304,9.50885,0.52551,1.13013,10,-8.86987,-0.347907
ASTER,50,open,0.95,4969,194,0.0390421,1.98164,2.64964,-19.0025,24.9864,0.536082,1.98164,10,-8.01836,-0.313053
ASTER,100,open,0.95,4936,193,0.0391005,0.712843,0.928357,-37.4,34.3738,0.507772,0.712843,10,-9.28716,-0.363132
ASTER,500,open,0.95,4608,182,0.0394965,11.4854,16.509,-53.2764,78.3436,0.554945,11.4854,10,1.48544,0.0586696
AVAX,10,open,0.95,4537,86,0.0189553,0.965363,3.63798e-08,-4.45275,7.34641,0.5,0.965363,10,-9.03464,-0.171254
AVAX,50,open,0.95,4505,86,0.0190899,1.38152,0.55534,-10.7638,13.4388,0.534884,1.38152,10,-8.61848,-0.164526
AVAX,100,open,0.95,4473,86,0.0192265,2.30929,1.5444,-20.2791,18.4255,0.511628,2.30929,10,-7.69071,-0.147865
AVAX,500,open,0.95,4145,74,0.0178528,14.5217,19.6412,-39.5534,61.1834,0.581081,14.5217,10,4.52171,0.0807254
BNB,10,open,0.95,5695,327,0.0574188,-0.46302,0,-5.33058,4.3286,0.492355,0.46302,10,-9.53698,-0.547602
BNB,50,open,0.95,5668,324,0.057163,-0.819675,2.22827e-07,-11.2162,9.34874,0.503086,0.819675,10,-9.18032,-0.524775
BNB,100,open,0.95,5624,320,0.056899,0.573381,1.49952,-13.922,14.7282,0.5375,0.573381,10,-9.42662,-0.536365
BNB,500,open,0.95,5296,285,0.0538142,-5.37739,-7.49074,-43.043,36.9386,0.470175,5.37739,10,-4.62261,-0.248762
BTC,10,open,0.95,16706,784,0.0469292,0.0192999,1.11022e-12,-2.09031,1.93947,0.501276,0.0192999,10,-9.9807,-0.468387
BTC,50,open,0.95,16673,783,0.0469622,0.992081,0.178039,-4.75909,6.17694,0.508301,0.992081,10,-9.00792,-0.423031
BTC,100,open,0.95,16634,781,0.046952,1.02217,0.293962,-7.4241,8.35382,0.514725,1.02217,10,-8.97783,-0.421528
BTC,500,open,0.95,16302,768,0.0471108,2.31804,0.870479,-15.7722,18.4679,0.511719,2.31804,10,-7.68196,-0.361903
CRV,10,open,0.95,4410,0,0,,,,,,,10,,
CRV,50,open,0.95,4376,0,0,,,,,,,10,,
CRV,100,open,0.95,4347,0,0,,,,,,,10,,
CRV,500,open,0.95,4019,0,0,,,,,,,10,,
DOGE,10,open,0.95,4532,204,0.0450132,-1.9009,0,-7.10771,7.4877,0.490196,1.9009,10,-8.0991,-0.364567
DOGE,50,open,0.95,4498,204,0.0453535,0.966559,4.39288,-10.3404,18.4108,0.612745,0.966559,10,-9.03344,-0.409698
DOGE,100,open,0.95,4449,203,0.0456282,0.335457,5.00375,-20.1842,24.1547,0.576355,0.335457,10,-9.66454,-0.440976
DOGE,500,open,0.95,4121,194,0.047076,-2.64454,-5.4938,-52.8127,34.9189,0.469072,2.64454,10,-7.35546,-0.346265
ENA,10,open,0.95,5312,271,0.0510166,0.551249,-0.25434,-7.93615,8.0968,0.479705,0.551249,10,-9.44875,-0.482043
ENA,50,open,0.95,5281,267,0.0505586,1.96298,0.710201,-16.9957,17.9818,0.516854,1.96298,10,-8.03702,-0.40634
ENA,100,open,0.95,5243,264,0.0503529,2.4459,-3.30476,-26.3119,21.0502,0.469697,2.4459,10,-7.5541,-0.38037
ENA,500,open,0.95,4915,252,0.0512716,11.0386,-1.59793,-50.3693,65.9962,0.5,11.0386,10,1.03863,0.0532521
ETH,10,open,0.95,15602,704,0.0451224,-0.224274,1.11022e-12,-3.44441,2.937,0.507102,0.224274,10,-9.77573,-0.441104
ETH,50,open,0.95,15571,703,0.045148,0.215069,4.00178e-07,-7.52095,8.07547,0.510669,0.215069,10,-9.78493,-0.44177
ETH,100,open,0.95,15527,699,0.0450184,0.714652,0.301536,-8.86831,11.1114,0.506438,0.714652,10,-9.28535,-0.418011
ETH,500,open,0.95,15195,677,0.0445541,0.718801,-0.608032,-24.1753,23.3362,0.49483,0.718801,10,-9.2812,-0.413516
FARTCOIN,10,open,0.95,4881,61,0.0124974,-5.48678,0,-17.4368,12.012,0.47541,5.48678,10,-4.51322,-0.0564037
FARTCOIN,50,open,0.95,4849,61,0.0125799,-0.595442,2.03727e-06,-42.0637,27.7585,0.508197,0.595442,10,-9.40456,-0.118309
FARTCOIN,100,open,0.95,4809,60,0.0124766,-2.65894,2.18279e-06,-45.7692,52.6694,0.516667,2.65894,10,-7.34106,-0.0915915
FARTCOIN,500,open,0.95,4481,55,0.012274,0.442445,6.96622,-140.487,113.325,0.545455,0.442445,10,-9.55755,-0.11731
HYPE,10,open,0.95,10860,546,0.0502762,0.547141,0.421533,-7.12413,8.45787,0.521978,0.547141,10,-9.45286,-0.475254
HYPE,50,open,0.95,10823,544,0.0502633,-1.01759,-0.387657,-19.9012,17.7591,0.492647,1.01759,10,-8.98241,-0.451486
HYPE,100,open,0.95,10783,542,0.0502643,-1.57724,-2.05908,-28.7796,25.3503,0.472325,1.57724,10,-8.42276,-0.423364
HYPE,500,open,0.95,10452,519,0.0496556,5.74835,9.54388,-58.5967,69.4461,0.554913,5.74835,10,-4.25165,-0.211118
KBONK,10,open,0.95,4412,0,0,,,,,,,10,,
KBONK,50,open,0.95,4382,0,0,,,,,,,10,,
KBONK,100,open,0.95,4340,0,0,,,,,,,10,,
KBONK,500,open,0.95,4012,0,0,,,,,,,10,,
KPEPE,10,open,0.95,4646,0,0,,,,,,,10,,
KPEPE,50,open,0.95,4611,0,0,,,,,,,10,,
KPEPE,100,open,0.95,4579,0,0,,,,,,,10,,
KPEPE,500,open,0.95,4251,0,0,,,,,,,10,,
LDO,10,open,0.95,4367,0,0,,,,,,,10,,
LDO,50,open,0.95,4333,0,0,,,,,,,10,,
LDO,100,open,0.95,4297,0,0,,,,,,,10,,
LDO,500,open,0.95,3969,0,0,,,,,,,10,,
LINK,10,open,0.95,4656,210,0.0451031,1.07891,0.614632,-8.06187,9.81992,0.528571,1.07891,10,-8.92109,-0.402369
LINK,50,open,0.95,4634,209,0.0451014,3.06436,4.62776,-17.6354,22.2167,0.564593,3.06436,10,-6.93564,-0.312807
LINK,100,open,0.95,4592,208,0.0452962,0.954656,-1.40424,-26.8281,27.8678,0.480769,0.954656,10,-9.04534,-0.409719
LINK,500,open,0.95,4264,192,0.0450281,-2.9859,1.6476,-59.7332,50.3692,0.505208,2.9859,10,-7.0141,-0.315832
LTC,10,open,0.95,4829,257,0.0532201,0.531439,0,-5.47695,6.0988,0.470817,0.531439,10,-9.46856,-0.503918
LTC,50,open,0.95,4798,255,0.0531471,1.43079,2.53133,-10.5688,13.1701,0.568627,1.43079,10,-8.56921,-0.455429
LTC,100,open,0.95,4766,255,0.053504,-0.387694,2.54453,-16.3551,16.9739,0.541176,0.387694,10,-9.61231,-0.514297
LTC,500,open,0.95,4438,246,0.0554304,-1.47723,7.77156e-12,-35.3735,31.0891,0.5,1.47723,10,-8.52277,-0.472421
PENGU,10,open,0.95,4650,58,0.0124731,2.0374,1.33281,-9.95261,10.843,0.534483,2.0374,10,-7.9626,-0.0993185
PENGU,50,open,0.95,4620,58,0.0125541,-1.19712,0.411505,-26.6342,31.4466,0.5,1.19712,10,-8.80288,-0.110512
PENGU,100,open,0.95,4575,57,0.012459,7.78712,-1.00346,-34.0987,38.2684,0.491228,7.78712,10,-2.21288,-0.0275703
PENGU,500,open,0.95,4247,49,0.0115376,-13.0337,7.99121,-87.6801,80.9559,0.510204,13.0337,10,3.03366,0.035001
PUMP,10,open,0.95,5147,196,0.0380804,-2.03372,0,-13.6082,10.4677,0.479592,2.03372,10,-7.96628,-0.30336
PUMP,50,open,0.95,5112,196,0.0383412,-3.82432,-5.82077e-07,-29.9516,30.067,0.469388,3.82432,10,-6.17568,-0.236783
PUMP,100,open,0.95,5074,194,0.0382341,-2.85386,-1.89175e-06,-47.7931,43.3873,0.489691,2.85386,10,-7.14614,-0.273227
PUMP,500,open,0.95,4746,177,0.0372946,-4.78177,-4.92247,-123.283,91.0477,0.491525,4.78177,10,-5.21823,-0.194611
SOL,10,open,0.95,9984,413,0.0413662,0.13549,0,-5.04854,5.06714,0.489104,0.13549,10,-9.86451,-0.408057
SOL,50,open,0.95,9948,410,0.0412143,-0.631615,4.72936e-07,-13.0701,12.2193,0.504878,0.631615,10,-9.36839,-0.386112
SOL,100,open,0.95,9898,406,0.0410184,1.14414,1.56863,-16.1329,17.2289,0.514778,1.14414,10,-8.85586,-0.363253
SOL,500,open,0.95,9568,391,0.0408654,1.273,7.82199e-07,-36.8694,34.6168,0.501279,1.273,10,-8.727,-0.356632
SUI,10,open,0.95,5001,271,0.0541892,0.707927,1.45519e-07,-6.28462,6.46139,0.505535,0.707927,10,-9.29207,-0.50353
SUI,50,open,0.95,4968,270,0.0543478,0.843458,1.03134,-10.927,17.6598,0.522222,0.843458,10,-9.15654,-0.497638
SUI,100,open,0.95,4928,267,0.0541802,-2.36868,-4.04722,-29.3184,22.8651,0.464419,2.36868,10,-7.63132,-0.413466
SUI,500,open,0.95,4600,245,0.0532609,-6.78524,-2.11466,-57.8873,53.0526,0.481633,6.78524,10,-3.21476,-0.171221
UNI,10,open,0.95,4434,237,0.0534506,0.130215,0,-8.19068,7.63068,0.481013,0.130215,10,-9.86979,-0.527546
UNI,50,open,0.95,4402,237,0.0538392,-2.70437,-3.1109,-18.9304,15.4202,0.476793,2.70437,10,-7.29563,-0.392791
UNI,100,open,0.95,4365,234,0.0536082,-3.47674,-1.59767,-27.5956,22.5963,0.474359,3.47674,10,-6.52326,-0.3497
UNI,500,open,0.95,4037,216,0.0535051,-14.7808,-7.95808,-60.4691,42.6842,0.444444,14.7808,10,4.78082,0.255798
WLFI,10,open,0.95,4624,127,0.0274654,2.64839,0,-8.58789,11.3051,0.456693,2.64839,10,-7.35161,-0.201915
WLFI,50,open,0.95,4593,126,0.0274331,11.5947,8.30909,-15.8467,28.137,0.579365,11.5947,10,1.59473,0.0437484
WLFI,100,open,0.95,4556,123,0.0269974,20.5432,12.7796,-23.2672,47.9292,0.569106,20.5432,10,10.5432,0.28464
WLFI,500,open,0.95,4228,107,0.0253075,12.642,18.7441,-65.5366,106.905,0.560748,12.642,10,2.64199,0.0668621
XPL,10,open,0.95,4486,232,0.0517165,-1.89223,-1.45519e-07,-16.0048,12.5662,0.435345,1.89223,10,-8.10777,-0.419305
XPL,50,open,0.95,4449,232,0.0521465,-1.4465,1.16415e-06,-34.0982,29.8034,0.512931,1.4465,10,-8.5535,-0.446036
XPL,100,open,0.95,4406,230,0.0522015,0.00245069,7.27596e-07,-40.6632,29.8657,0.5,0.00245069,10,-9.99755,-0.521888
XPL,500,open,0.95,4078,214,0.0524767,1.25723,-2.58296e-06,-111.613,85.6951,0.495327,1.25723,10,-8.74277,-0.458792
XRP,10,open,0.95,7188,247,0.0343628,-0.0330469,-0.669277,-4.78086,3.91129,0.449393,0.0330469,10,-9.96695,-0.342493
XRP,50,open,0.95,7154,244,0.0341068,-0.569532,-1.23865,-12.4841,12.0061,0.471311,0.569532,10,-9.43047,-0.321643
XRP,100,open,0.95,7111,239,0.0336099,-4.1929,-3.1366,-20.0204,15.1111,0.460251,4.1929,10,-5.8071,-0.195176
XRP,500,open,0.95,6783,225,0.0331712,-5.65068,-6.63215,-43.7604,33.2216,0.466667,5.65068,10,-4.34932,-0.144272
2Z,10,open,0.99,4403,0,0,,,,,,,10,,
2Z,50,open,0.99,4375,0,0,,,,,,,10,,
2Z,100,open,0.99,4338,0,0,,,,,,,10,,
2Z,500,open,0.99,4010,0,0,,,,,,,10,,
AAVE,10,open,0.99,4985,56,0.0112337,-0.0962124,0.243647,-6.03759,6.19262,0.517857,0.0962124,10,-9.90379,-0.111256
AAVE,50,open,0.99,4955,55,0.0110999,0.472716,4.03379,-15.9717,20.2913,0.581818,0.472716,10,-9.52728,-0.105752
AAVE,100,open,0.99,4909,54,0.0110002,2.49957,1.1589,-27.8198,24.6854,0.518519,2.49957,10,-7.50043,-0.0825063
AAVE,500,open,0.99,4581,50,0.0109146,-1.86586,-10.3321,-59.3552,51.1645,0.46,1.86586,10,-8.13414,-0.0887813
ASTER,10,open,0.99,4997,0,0,,,,,,,10,,
ASTER,50,open,0.99,4969,0,0,,,,,,,10,,
ASTER,100,open,0.99,4936,0,0,,,,,,,10,,
ASTER,500,open,0.99,4608,0,0,,,,,,,10,,
AVAX,10,open,0.99,4537,0,0,,,,,,,10,,
AVAX,50,open,0.99,4505,0,0,,,,,,,10,,
AVAX,100,open,0.99,4473,0,0,,,,,,,10,,
AVAX,500,open,0.99,4145,0,0,,,,,,,10,,
BNB,10,open,0.99,5695,76,0.013345,-1.07213,0.0438887,-3.71359,3.8241,0.5,1.07213,10,-8.92787,-0.119143
BNB,50,open,0.99,5668,76,0.0134086,-1.11934,-0.648518,-12.1497,9.16233,0.486842,1.11934,10,-8.88066,-0.119077
BNB,100,open,0.99,5624,75,0.0133357,-1.21163,-1.31283,-15.6417,9.87011,0.48,1.21163,10,-8.78837,-0.117199
BNB,500,open,0.99,5296,65,0.0122734,-7.24686,-16.386,-45.3781,18.8177,0.384615,7.24686,10,-2.75314,-0.0337904
BTC,10,open,0.99,16706,160,0.0095774,0.693437,0.248716,-1.47734,2.36337,0.55625,0.693437,10,-9.30656,-0.0891326
BTC,50,open,0.99,16673,160,0.00959635,1.12489,0.940932,-5.04307,7.55804,0.55,1.12489,10,-8.87511,-0.0851687
BTC,100,open,0.99,16634,159,0.00955874,1.81269,1.76563,-7.01265,9.19249,0.528302,1.81269,10,-8.18731,-0.0782604
BTC,500,open,0.99,16302,157,0.00963072,-0.392603,-0.257497,-16.4478,15.1128,0.496815,0.392603,10,-9.6074,-0.0925261
CRV,10,open,0.99,4410,0,0,,,,,,,10,,
CRV,50,open,0.99,4376,0,0,,,,,,,10,,
CRV,100,open,0.99,4347,0,0,,,,,,,10,,
CRV,500,open,0.99,4019,0,0,,,,,,,10,,
DOGE,10,open,0.99,4532,0,0,,,,,,,10,,
DOGE,50,open,0.99,4498,0,0,,,,,,,10,,
DOGE,100,open,0.99,4449,0,0,,,,,,,10,,
DOGE,500,open,0.99,4121,0,0,,,,,,,10,,
ENA,10,open,0.99,5312,49,0.0092244,3.0463,1.49682,-5.077,10.1787,0.530612,3.0463,10,-6.9537,-0.0641437
ENA,50,open,0.99,5281,49,0.00927855,7.55168,2.02343,-12.6062,22.2641,0.55102,7.55168,10,-2.44832,-0.0227168
ENA,100,open,0.99,5243,47,0.00896433,21.0978,7.17014,-10.9588,36.3117,0.553191,21.0978,10,11.0978,0.0994848
ENA,500,open,0.99,4915,43,0.00874873,33.0268,16.5587,-40.2876,93.5334,0.55814,33.0268,10,23.0268,0.201456
ETH,10,open,0.99,15602,138,0.00884502,0.419857,5.55112e-13,-2.2693,3.85263,0.5,0.419857,10,-9.58014,-0.0847366
ETH,50,open,0.99,15571,138,0.00886263,2.00067,1.81921e-08,-7.49735,10.7609,0.507246,2.00067,10,-7.99933,-0.0708951
ETH,100,open,0.99,15527,138,0.00888774,0.470798,1.25266,-8.24956,13.8782,0.528986,0.470798,10,-9.5292,-0.0846931
ETH,500,open,0.99,15195,135,0.0088845,-3.08692,-0.323232,-23.007,16.5482,0.496296,3.08692,10,-6.91308,-0.0614192
FARTCOIN,10,open,0.99,4881,0,0,,,,,,,10,,
FARTCOIN,50,open,0.99,4849,0,0,,,,,,,10,,
FARTCOIN,100,open,0.99,4809,0,0,,,,,,,10,,
FARTCOIN,500,open,0.99,4481,0,0,,,,,,,10,,
HYPE,10,open,0.99,10860,114,0.0104972,-0.244619,0.325578,-6.47687,6.21932,0.526316,0.244619,10,-9.75538,-0.102405
HYPE,50,open,0.99,10823,114,0.0105331,-5.07091,-1.27927,-22.4484,12.0598,0.447368,5.07091,10,-4.92909,-0.0519187
HYPE,100,open,0.99,10783,114,0.0105722,-4.33464,-2.60063,-26.3671,20.684,0.447368,4.33464,10,-5.66536,-0.0598953
HYPE,500,open,0.99,10452,111,0.01062,-8.13412,12.8885,-54.845,54.0521,0.567568,8.13412,10,-1.86588,-0.0198156
KBONK,10,open,0.99,4412,0,0,,,,,,,10,,
KBONK,50,open,0.99,4382,0,0,,,,,,,10,,
KBONK,100,open,0.99,4340,0,0,,,,,,,10,,
KBONK,500,open,0.99,4012,0,0,,,,,,,10,,
KPEPE,10,open,0.99,4646,0,0,,,,,,,10,,
KPEPE,50,open,0.99,4611,0,0,,,,,,,10,,
KPEPE,100,open,0.99,4579,0,0,,,,,,,10,,
KPEPE,500,open,0.99,4251,0,0,,,,,,,10,,
LDO,10,open,0.99,4367,0,0,,,,,,,10,,
LDO,50,open,0.99,4333,0,0,,,,,,,10,,
LDO,100,open,0.99,4297,0,0,,,,,,,10,,
LDO,500,open,0.99,3969,0,0,,,,,,,10,,
LINK,10,open,0.99,4656,42,0.00902062,-5.86972,-3.17388,-10.9611,7.23352,0.357143,5.86972,10,-4.13028,-0.0372577
LINK,50,open,0.99,4634,41,0.00884765,0.952795,9.7561,-11.989,23.794,0.585366,0.952795,10,-9.0472,-0.0800465
LINK,100,open,0.99,4592,41,0.00892857,0.460965,1.08725,-26.5057,32.8787,0.536585,0.460965,10,-9.53904,-0.08517
LINK,500,open,0.99,4264,34,0.00797373,-18.2189,-15.1642,-70.681,44.6604,0.411765,18.2189,10,8.21894,0.0655356
LTC,10,open,0.99,4829,57,0.0118037,2.33585,2.02184,-5.47695,8.87075,0.614035,2.33585,10,-7.66415,-0.0904652
LTC,50,open,0.99,4798,56,0.0116715,12.0445,11.3049,-5.15959,23.2145,0.696429,12.0445,10,2.04451,0.0238625
LTC,100,open,0.99,4766,56,0.0117499,11.4532,9.63681,-16.2367,26.8652,0.660714,11.4532,10,1.45322,0.0170752
LTC,500,open,0.99,4438,54,0.0121676,6.92448,1.01021,-41.4066,33.6252,0.518519,6.92448,10,-3.07552,-0.0374219
PENGU,10,open,0.99,4650,0,0,,,,,,,10,,
PENGU,50,open,0.99,4620,0,0,,,,,,,10,,
PENGU,100,open,0.99,4575,0,0,,,,,,,10,,
PENGU,500,open,0.99,4247,0,0,,,,,,,10,,
PUMP,10,open,0.99,5147,13,0.00252574,-3.17712,4.36967,-9.0212,4.75624,0.538462,3.17712,10,-6.82288,-0.0172328
PUMP,50,open,0.99,5112,13,0.00254304,-16.0944,-15.4999,-42.1843,9.51475,0.307692,16.0944,10,6.0944,0.0154983
PUMP,100,open,0.99,5074,13,0.00256208,-3.19549,-20.5761,-27.3224,22.5175,0.384615,3.19549,10,-6.80451,-0.0174337
PUMP,500,open,0.99,4746,11,0.00231774,-67.1298,14.1743,-212.529,42.3238,0.545455,67.1298,10,57.1298,0.132412
SOL,10,open,0.99,9984,86,0.00861378,-0.343444,0.615612,-4.49402,4.88572,0.511628,0.343444,10,-9.65656,-0.0831795
SOL,50,open,0.99,9948,86,0.00864495,-1.55301,-2.8543,-13.7297,11.7583,0.453488,1.55301,10,-8.44699,-0.0730238
SOL,100,open,0.99,9898,84,0.00848656,-2.06994,-1.2905,-13.7462,12.4028,0.488095,2.06994,10,-7.93006,-0.067299
SOL,500,open,0.99,9568,80,0.0083612,-8.70744,-3.46576,-33.1415,19.3583,0.425,8.70744,10,-1.29256,-0.0108074
SUI,10,open,0.99,5001,29,0.00579884,2.53622,-2.68565,-7.39919,10.3349,0.413793,2.53622,10,-7.46378,-0.0432813
SUI,50,open,0.99,4968,29,0.00583736,1.57243,-2.17155,-12.0911,32.0805,0.448276,1.57243,10,-8.42757,-0.0491947
SUI,100,open,0.99,4928,28,0.00568182,4.03862,-7.43936,-34.158,29.6072,0.428571,4.03862,10,-5.96138,-0.0338715
SUI,500,open,0.99,4600,27,0.00586957,-48.7797,-24.1968,-123.521,39.5826,0.407407,48.7797,10,38.7797,0.22762
UNI,10,open,0.99,4434,54,0.0121786,-0.918365,-7.27596e-08,-9.0899,7.81835,0.444444,0.918365,10,-9.08164,-0.110602
UNI,50,open,0.99,4402,54,0.0122672,-4.01164,1.57823,-15.8911,18.4436,0.555556,4.01164,10,-5.98836,-0.0734601
UNI,100,open,0.99,4365,52,0.0119129,0.386606,4.97294,-23.5555,27.3369,0.615385,0.386606,10,-9.61339,-0.114524
UNI,500,open,0.99,4037,49,0.0121377,19.7378,-1.5259,-36.2467,73.5478,0.489796,19.7378,10,9.7378,0.118195
WLFI,10,open,0.99,4624,0,0,,,,,,,10,,
WLFI,50,open,0.99,4593,0,0,,,,,,,10,,
WLFI,100,open,0.99,4556,0,0,,,,,,,10,,
WLFI,500,open,0.99,4228,0,0,,,,,,,10,,
XPL,10,open,0.99,4486,28,0.00624164,3.52909,3.36315,0,11.9156,0.642857,3.52909,10,-6.47091,-0.0403891
XPL,50,open,0.99,4449,28,0.00629355,8.41272,9.69016,-2.72732,23.7492,0.678571,8.41272,10,-1.58728,-0.00998962
XPL,100,open,0.99,4406,27,0.00612801,-3.96169,6.68673,-35.0507,18.4872,0.518519,3.96169,10,-6.03831,-0.0370028
XPL,500,open,0.99,4078,25,0.00613046,6.62065,20.0775,-64.8135,98.4675,0.56,6.62065,10,-3.37935,-0.020717
XRP,10,open,0.99,7188,66,0.00918197,0.762304,-7.27618e-08,-3.60786,5.6595,0.469697,0.762304,10,-9.2377,-0.0848203
XRP,50,open,0.99,7154,64,0.00894604,1.66623,2.70053,-8.81222,12.8336,0.546875,1.66623,10,-8.33377,-0.0745543
XRP,100,open,0.99,7111,62,0.00871889,0.537754,1.90208,-13.3726,19.4362,0.564516,0.537754,10,-9.46225,-0.0825003
XRP,500,open,0.99,6783,56,0.00825593,-2.31878,-3.45625,-37.2049,29.1321,0.482143,2.31878,10,-7.68122,-0.0634156
2Z,10,flow,0.9,4403,493,0.111969,-1.00127,0,-12.9282,12.6103,0.377282,1.00127,10,-8.99873,-1.00758
2Z,50,flow,0.9,4375,490,0.112,1.31547,0,-29.7591,27.4445,0.467347,1.31547,10,-8.68453,-0.972667
2Z,100,flow,0.9,4338,488,0.112494,-1.53512,0,-41.69,39.8452,0.481557,1.53512,10,-8.46488,-0.952251
2Z,500,flow,0.9,4010,452,0.112718,12.5264,4.24389,-78.4562,91.9435,0.519912,12.5264,10,2.52645,0.284777
AAVE,10,flow,0.9,4985,526,0.105517,0.750599,0,-7.27823,9.17613,0.498099,0.750599,10,-9.2494,-0.975965
AAVE,50,flow,0.9,4955,521,0.105146,0.111506,-0.64435,-20.0017,17.4917,0.483685,0.111506,10,-9.88849,-1.03974
AAVE,100,flow,0.9,4909,516,0.105113,-1.71144,-2.72637,-30.106,26.7161,0.476744,1.71144,10,-8.28856,-0.871236
AAVE,500,flow,0.9,4581,468,0.102161,-4.88627,-3.06236,-62.3897,52.5695,0.480769,4.88627,10,-5.11373,-0.522424
ASTER,10,flow,0.9,4997,630,0.126076,0.156463,0.603329,-9.09694,10.0124,0.531746,0.156463,10,-9.84354,-1.24103
ASTER,50,flow,0.9,4969,625,0.12578,0.407546,0.93958,-19.1251,21.319,0.5152,0.407546,10,-9.59245,-1.20654
ASTER,100,flow,0.9,4936,619,0.125405,-1.80956,-2.01931,-29.7872,28.2319,0.478191,1.80956,10,-8.19044,-1.02712
ASTER,500,flow,0.9,4608,567,0.123047,-6.02323,0.433085,-62.7875,60.7135,0.500882,6.02323,10,-3.97677,-0.48933
AVAX,10,flow,0.9,4537,460,0.101389,-0.681537,-1.45519e-07,-6.10959,5.57626,0.454348,0.681537,10,-9.31846,-0.944786
AVAX,50,flow,0.9,4505,457,0.101443,0.354408,0,-14.6628,15.4517,0.498906,0.354408,10,-9.64559,-0.978476
AVAX,100,flow,0.9,4473,454,0.101498,0.147601,-1.55852,-22.0569,22.9719,0.477974,0.147601,10,-9.8524,-0.999998
AVAX,500,flow,0.9,4145,418,0.100844,-2.33693,0.274868,-44.4783,47.6715,0.5,2.33693,10,-7.66307,-0.772778
BNB,10,flow,0.9,5695,607,0.106585,-0.315061,0,-5.5068,4.22129,0.492586,0.315061,10,-9.68494,-1.03227
BNB,50,flow,0.9,5668,602,0.10621,-0.416698,-0.589894,-11.2952,10.0124,0.478405,0.416698,10,-9.5833,-1.01785
BNB,100,flow,0.9,5624,599,0.106508,-0.270724,-0.64726,-16.8047,14.3272,0.487479,0.270724,10,-9.72928,-1.03624
BNB,500,flow,0.9,5296,544,0.102719,2.416,-0.0796528,-34.5064,36.1693,0.5,2.416,10,-7.584,-0.779021
BTC,10,flow,0.9,16706,1656,0.0991261,-0.0430169,1.11022e-12,-2.07416,2.31745,0.500604,0.0430169,10,-9.95698,-0.986997
BTC,50,flow,0.9,16673,1654,0.0992023,0.431727,0.190154,-5.55922,5.92185,0.508464,0.431727,10,-9.56827,-0.949195
BTC,100,flow,0.9,16634,1646,0.0989539,0.462956,0.180085,-7.66418,8.19786,0.510936,0.462956,10,-9.53704,-0.943728
BTC,500,flow,0.9,16302,1614,0.0990063,0.209712,-0.0550768,-16.0933,18.8398,0.498761,0.209712,10,-9.79029,-0.9693
CRV,10,flow,0.9,4410,498,0.112925,1.48183,0,-5.70249,8.98843,0.415663,1.48183,10,-8.51817,-0.961916
CRV,50,flow,0.9,4376,494,0.112888,0.916186,0,-20.176,23.8474,0.487854,0.916186,10,-9.08381,-1.02546
CRV,100,flow,0.9,4347,489,0.112491,-0.898318,0,-36.8506,39.4132,0.486708,0.898318,10,-9.10168,-1.02386
CRV,500,flow,0.9,4019,444,0.110475,-4.36186,3.29804,-79.0853,66.286,0.513514,4.36186,10,-5.63814,-0.622875
DOGE,10,flow,0.9,4532,478,0.105472,-0.773439,3.63798e-08,-7.64109,5.89084,0.5,0.773439,10,-9.22656,-0.973146
DOGE,50,flow,0.9,4498,477,0.106047,-0.606312,0.498442,-13.6388,13.3958,0.51782,0.606312,10,-9.39369,-0.996174
DOGE,100,flow,0.9,4449,473,0.106316,-0.459867,-1.98511,-20.1589,19.5695,0.475687,0.459867,10,-9.54013,-1.01427
DOGE,500,flow,0.9,4121,437,0.106042,-1.41071,-2.9375,-40.3662,37.7369,0.466819,1.41071,10,-8.58929,-0.910828
ENA,10,flow,0.9,5312,502,0.094503,0.918506,0.479294,-6.90473,9.20733,0.525896,0.918506,10,-9.08149,-0.858229
ENA,50,flow,0.9,5281,497,0.094111,3.80806,2.61883,-17.5492,23.8308,0.545272,3.80806,10,-6.19194,-0.58273
ENA,100,flow,0.9,5243,491,0.0936487,-0.322599,-1.34605e-06,-28.1112,28.7735,0.498982,0.322599,10,-9.6774,-0.906276
ENA,500,flow,0.9,4915,458,0.0931841,0.494799,7.32602,-65.9232,68.3669,0.528384,0.494799,10,-9.5052,-0.885734
ETH,10,flow,0.9,15602,1435,0.0919754,0.201717,3.63798e-08,-3.21744,3.50688,0.512892,0.201717,10,-9.79828,-0.901201
ETH,50,flow,0.9,15571,1431,0.0919016,0.574207,3.63798e-08,-7.52518,8.43197,0.503145,0.574207,10,-9.42579,-0.866246
ETH,100,flow,0.9,15527,1425,0.0917756,0.405387,7.27585e-08,-10.2499,11.1202,0.501053,0.405387,10,-9.59461,-0.880552
ETH,500,flow,0.9,15195,1393,0.0916749,2.31321,0.904555,-21.1464,24.1849,0.50682,2.31321,10,-7.68679,-0.704686
FARTCOIN,10,flow,0.9,4881,592,0.121287,-0.329974,0,-12.0652,11.165,0.469595,0.329974,10,-9.67003,-1.17284
FARTCOIN,50,flow,0.9,4849,587,0.121056,0.287002,2.70673,-27.0914,30.4403,0.519591,0.287002,10,-9.713,-1.17582
FARTCOIN,100,flow,0.9,4809,585,0.121647,1.22201,1.74623e-06,-40.3823,38.3667,0.504274,1.22201,10,-8.77799,-1.06782
FARTCOIN,500,flow,0.9,4481,536,0.119616,-3.13109,-11.8722,-94.6673,74.6373,0.466418,3.13109,10,-6.86891,-0.821632
HYPE,10,flow,0.9,10860,1112,0.102394,0.46782,2.91038e-07,-7.6081,8.90348,0.509892,0.46782,10,-9.53218,-0.976039
HYPE,50,flow,0.9,10823,1106,0.10219,-0.378158,1.5406,-19.1022,18.3291,0.526221,0.378158,10,-9.62184,-0.983254
HYPE,100,flow,0.9,10783,1103,0.102291,-0.847678,-1.05294,-28.4164,25.4159,0.4932,0.847678,10,-9.15232,-0.936197
HYPE,500,flow,0.9,10452,1063,0.101703,-0.098107,-6.033,-58.7996,55.8508,0.475071,0.098107,10,-9.90189,-1.00705
KBONK,10,flow,0.9,4412,489,0.110834,0.902076,2.91038e-07,-7.70713,9.62773,0.511247,0.902076,10,-9.09792,-1.00836
KBONK,50,flow,0.9,4382,488,0.111365,-0.488537,-7.27596e-08,-20.3568,21.3329,0.495902,0.488537,10,-9.51146,-1.05924
KBONK,100,flow,0.9,4340,484,0.111521,-2.54718,7.27596e-08,-27.8528,26.6775,0.5,2.54718,10,-7.45282,-0.831144
KBONK,500,flow,0.9,4012,443,0.110419,-2.73196,-3.47826,-60.2327,57.0576,0.485327,2.73196,10,-7.26804,-0.802528
KPEPE,10,flow,0.9,4646,499,0.107404,0.301898,0,-7.42949,8.61532,0.498998,0.301898,10,-9.6981,-1.04162
KPEPE,50,flow,0.9,4611,494,0.107135,0.591316,5.82077e-07,-17.4973,18.6338,0.516194,0.591316,10,-9.40868,-1.008
KPEPE,100,flow,0.9,4579,490,0.10701,0.76896,1.45519e-06,-25.4138,27.4263,0.510204,0.76896,10,-9.23104,-0.987816
KPEPE,500,flow,0.9,4251,444,0.104446,-5.27185,-8.43541,-68.6909,55.9371,0.461712,5.27185,10,-4.72815,-0.493836
LDO,10,flow,0.9,4367,478,0.109457,-0.755777,0,-9.26276,6.80447,0.460251,0.755777,10,-9.24422,-1.01185
LDO,50,flow,0.9,4333,474,0.109393,1.36068,2.91038e-07,-21.4409,23.5216,0.506329,1.36068,10,-8.63932,-0.945082
LDO,100,flow,0.9,4297,469,0.109146,-0.921142,-2.18279e-07,-25.0784,26.4589,0.498934,0.921142,10,-9.07886,-0.99092
LDO,500,flow,0.9,3969,424,0.106828,-3.66883,1.23691e-06,-62.3081,61.1369,0.507075,3.66883,10,-6.33117,-0.676345
LINK,10,flow,0.9,4656,433,0.0929983,0.626488,0,-7.02576,8.25039,0.498845,0.626488,10,-9.37351,-0.871721
LINK,50,flow,0.9,4634,431,0.0930082,3.53456,2.27316,-15.297,18.616,0.542923,3.53456,10,-6.46544,-0.601339
LINK,100,flow,0.9,4592,430,0.0936411,2.89521,0.588159,-20.7895,22.7045,0.509302,2.89521,10,-7.10479,-0.6653
LINK,500,flow,0.9,4264,408,0.0956848,8.14275,13.2515,-42.6493,59.1022,0.54902,8.14275,10,-1.85725,-0.177711
LTC,10,flow,0.9,4829,467,0.0967074,0.366632,1.45519e-07,-6.54052,7.44375,0.509636,0.366632,10,-9.63337,-0.931618
LTC,50,flow,0.9,4798,465,0.0969154,2.03881,1.79743,-12.9825,16.206,0.552688,2.03881,10,-7.96119,-0.771561
LTC,100,flow,0.9,4766,462,0.0969366,4.31782,2.36744,-16.1089,23.0346,0.532468,4.31782,10,-5.68218,-0.550811
LTC,500,flow,0.9,4438,421,0.0948626,7.2147,5.53557,-38.3679,49.4782,0.541568,7.2147,10,-2.7853,-0.264221
PENGU,10,flow,0.9,4650,554,0.11914,-0.49573,3.63798e-08,-10.5014,9.75617,0.5,0.49573,10,-9.50427,-1.13234
PENGU,50,flow,0.9,4620,551,0.119264,0.326526,0.963066,-24.3513,26.7926,0.515426,0.326526,10,-9.67347,-1.1537
PENGU,100,flow,0.9,4575,550,0.120219,1.12572,1.171,-35.6536,37.1066,0.510909,1.12572,10,-8.87428,-1.06685
PENGU,500,flow,0.9,4247,505,0.118907,-0.223789,-0.466974,-78.1427,83.4729,0.49703,0.223789,10,-9.77621,-1.16246
PUMP,10,flow,0.9,5147,517,0.100447,-0.64453,0,-11.4012,10.6326,0.437137,0.64453,10,-9.35547,-0.939728
PUMP,50,flow,0.9,5112,511,0.0999609,-0.425506,1.16415e-06,-23.0014,23.4866,0.51272,0.425506,10,-9.57449,-0.957075
PUMP,100,flow,0.9,5074,507,0.0999212,-0.59234,2.61934e-06,-35.7762,35.3185,0.52071,0.59234,10,-9.40766,-0.940024
PUMP,500,flow,0.9,4746,463,0.0975558,-2.94274,1.04774e-05,-83.0241,80.0677,0.50108,2.94274,10,-7.05726,-0.688477
SOL,10,flow,0.9,9984,873,0.0874399,0.594014,2.91038e-07,-4.89151,5.9988,0.507446,0.594014,10,-9.40599,-0.822459
SOL,50,flow,0.9,9948,869,0.0873542,-1.13172,7.27585e-08,-13.3212,12.0885,0.501726,1.13172,10,-8.86828,-0.774682
SOL,100,flow,0.9,9898,866,0.0874924,0.238132,0.609504,-17.0602,17.345,0.508083,0.238132,10,-9.76187,-0.854089
SOL,500,flow,0.9,9568,835,0.0872701,0.26021,-0.730168,-38.8394,36.3943,0.498204,0.26021,10,-9.73979,-0.849992
SUI,10,flow,0.9,5001,533,0.106579,1.02642,1.45517e-07,-8.06034,7.27537,0.502814,1.02642,10,-8.97358,-0.956392
SUI,50,flow,0.9,4968,528,0.10628,2.05407,1.47666,-17.4601,20.7137,0.522727,2.05407,10,-7.94593,-0.844495
SUI,100,flow,0.9,4928,522,0.105925,0.80433,0.19722,-25.6694,27.9081,0.503831,0.80433,10,-9.19567,-0.974054
SUI,500,flow,0.9,4600,481,0.104565,0.0943182,-1.76282,-61.784,55.3422,0.486486,0.0943182,10,-9.90568,-1.03579
UNI,10,flow,0.9,4434,447,0.100812,0.945904,1.45519e-07,-8.03379,8.41763,0.50783,0.945904,10,-9.0541,-0.912761
UNI,50,flow,0.9,4402,443,0.100636,2.22389,1.71189,-14.9659,19.4961,0.534989,2.22389,10,-7.77611,-0.782558
UNI,100,flow,0.9,4365,439,0.100573,4.51071,4.91441,-19.4301,29.4616,0.542141,4.51071,10,-5.48929,-0.552073
UNI,500,flow,0.9,4037,399,0.0988358,8.8188,3.5417,-43.9155,60.0808,0.52381,8.8188,10,-1.1812,-0.116745
WLFI,10,flow,0.9,4624,481,0.104022,0.723715,0,-8.35771,9.43842,0.386694,0.723715,10,-9.27629,-0.964942
WLFI,50,flow,0.9,4593,480,0.104507,-1.84477,0,-21.1041,19.1205,0.454167,1.84477,10,-8.15523,-0.852278
WLFI,100,flow,0.9,4556,475,0.104258,-1.05402,5.82074e-07,-28.0145,24.7539,0.505263,1.05402,10,-8.94598,-0.932691
WLFI,500,flow,0.9,4228,429,0.101466,13.4123,7.89578,-59.9702,76.1184,0.519814,13.4123,10,3.41228,0.346232
XPL,10,flow,0.9,4486,547,0.121935,3.0089,0,-11.7532,16.1188,0.484461,3.0089,10,-6.9911,-0.852459
XPL,50,flow,0.9,4449,541,0.1216,3.31252,0,-28.6944,31.5624,0.499076,3.31252,10,-6.68748,-0.8132
XPL,100,flow,0.9,4406,538,0.122106,5.39583,5.82077e-07,-37.6601,49.8599,0.505576,5.39583,10,-4.60417,-0.562198
XPL,500,flow,0.9,4078,494,0.121138,11.8223,-1.30967e-06,-106.888,100.147,0.497976,11.8223,10,1.82233,0.220753
XRP,10,flow,0.9,7188,658,0.0915415,-0.958606,-0.677014,-5.72879,3.72819,0.454407,0.958606,10,-9.04139,-0.827662
XRP,50,flow,0.9,7154,655,0.0915572,-0.771921,-1.30984,-11.2506,9.92578,0.468702,0.771921,10,-9.22808,-0.844897
XRP,100,flow,0.9,7111,648,0.0911264,-1.12641,-6.00268e-07,-16.2317,15.34,0.496914,1.12641,10,-8.87359,-0.808618
XRP,500,flow,0.9,6783,619,0.0912576,-3.69999,-2.21631,-39.536,34.0381,0.481422,3.69999,10,-6.30001,-0.574923
2Z,10,flow,0.95,4403,271,0.0615489,-2.03109,0,-12.84,9.61546,0.343173,2.03109,10,-7.96891,-0.490478
2Z,50,flow,0.95,4375,269,0.0614857,-0.401617,0,-27.1665,24.8139,0.464684,0.401617,10,-9.59838,-0.590163
2Z,100,flow,0.95,4338,268,0.0617796,-3.64044,-1.01863e-06,-44.8068,37.3139,0.462687,3.64044,10,-6.35956,-0.392891
2Z,500,flow,0.95,4010,249,0.0620948,3.97009,-2.32831e-06,-91.103,78.4318,0.485944,3.97009,10,-6.02991,-0.374426
AAVE,10,flow,0.95,4985,251,0.0503511,0.53674,0.570727,-6.55189,9.50595,0.517928,0.53674,10,-9.46326,-0.476485
AAVE,50,flow,0.95,4955,248,0.0500505,-1.54681,-2.57631,-23.1172,16.6143,0.467742,1.54681,10,-8.45319,-0.423086
AAVE,100,flow,0.95,4909,247,0.0503157,-3.65643,-3.52143,-32.7285,26.8227,0.477733,3.65643,10,-6.34357,-0.319181
AAVE,500,flow,0.95,4581,228,0.0497708,-13.8179,-4.43873,-62.3897,43.447,0.45614,13.8179,10,3.81785,0.190018
ASTER,10,flow,0.95,4997,347,0.0694417,0.764748,0.75253,-7.34007,9.18251,0.553314,0.764748,10,-9.23525,-0.641311
ASTER,50,flow,0.95,4969,344,0.0692292,-0.72125,0.18797,-15.9373,17.1997,0.502907,0.72125,10,-9.27875,-0.642361
ASTER,100,flow,0.95,4936,343,0.0694895,-2.63769,-3.8654,-26.6794,26.3961,0.446064,2.63769,10,-7.36231,-0.511603
ASTER,500,flow,0.95,4608,310,0.0672743,-9.8897,-2.82806,-63.2746,60.2664,0.487097,9.8897,10,-0.110297,-0.00742016
AVAX,10,flow,0.95,4537,255,0.0562045,-1.8716,-2.00531,-7.54968,3.84468,0.384314,1.8716,10,-8.1284,-0.456853
AVAX,50,flow,0.95,4505,253,0.0561598,0.728679,-3.63798e-08,-14.786,15.501,0.494071,0.728679,10,-9.27132,-0.520676
AVAX,100,flow,0.95,4473,251,0.0561145,0.124379,-1.64677,-23.3712,20.3738,0.47012,0.124379,10,-9.87562,-0.554165
AVAX,500,flow,0.95,4145,231,0.0557298,0.782225,4.10699,-38.6569,53.944,0.532468,0.782225,10,-9.21778,-0.513705
BNB,10,flow,0.95,5695,333,0.0584723,-0.21808,1.81899e-07,-5.62064,4.13932,0.504505,0.21808,10,-9.78192,-0.571972
BNB,50,flow,0.95,5668,331,0.058398,0.346946,0.316324,-10.8328,10.8121,0.504532,0.346946,10,-9.65305,-0.563719
BNB,100,flow,0.95,5624,329,0.0584993,1.11581,0.501559,-14.0735,14.8353,0.513678,1.11581,10,-8.88419,-0.519719
BNB,500,flow,0.95,5296,290,0.0547583,4.60579,-1.22416,-36.9704,38.7123,0.496552,4.60579,10,-5.39421,-0.295378
BTC,10,flow,0.95,16706,806,0.0482461,-0.150092,0,-2.11254,1.98742,0.492556,0.150092,10,-9.84991,-0.47522
BTC,50,flow,0.95,16673,804,0.0482217,-0.0826968,5.79792e-08,-5.72613,5.7503,0.502488,0.0826968,10,-9.9173,-0.478229
BTC,100,flow,0.95,16634,801,0.0481544,-0.444472,-0.0898704,-8.06022,8.18683,0.496879,0.444472,10,-9.55553,-0.460141
BTC,500,flow,0.95,16302,787,0.0482763,-0.490241,-0.635471,-19.0085,19.6429,0.482846,0.490241,10,-9.50976,-0.459096
CRV,10,flow,0.95,4410,260,0.0589569,0.613608,0,-6.18115,6.55463,0.419231,0.613608,10,-9.38639,-0.553393
CRV,50,flow,0.95,4376,258,0.058958,1.84505,5.55112e-13,-18.1888,24.227,0.5,1.84505,10,-8.15495,-0.480799
CRV,100,flow,0.95,4347,256,0.0588912,3.70377,1.23691e-06,-36.373,40.9503,0.511719,3.70377,10,-6.29623,-0.370793
CRV,500,flow,0.95,4019,233,0.0579746,2.64251,9.04977,-56.3671,70.872,0.545064,2.64251,10,-7.35749,-0.426548
DOGE,10,flow,0.95,4532,251,0.0553839,-1.18556,1.03381,-6.42589,6.00472,0.525896,1.18556,10,-8.81444,-0.488178
DOGE,50,flow,0.95,4498,250,0.0555803,0.683785,1.6285,-11.8866,13.7468,0.564,0.683785,10,-9.31621,-0.517798
DOGE,100,flow,0.95,4449,247,0.0555181,0.440348,-1.05302,-20.1548,21.2342,0.481781,0.440348,10,-9.55965,-0.530734
DOGE,500,flow,0.95,4121,227,0.0550837,-6.51247,-4.15368,-49.2432,39.8911,0.462555,6.51247,10,-3.48753,-0.192106
ENA,10,flow,0.95,5312,253,0.047628,1.06599,0.469627,-7.82473,8.34047,0.521739,1.06599,10,-8.93401,-0.425509
ENA,50,flow,0.95,5281,252,0.0477182,0.207872,0.281,-17.6152,20.357,0.507937,0.207872,10,-9.79213,-0.467263
ENA,100,flow,0.95,5243,248,0.0473012,-3.42046,-0.941747,-29.3484,25.619,0.491935,3.42046,10,-6.57954,-0.31122
ENA,500,flow,0.95,4915,226,0.0459817,-5.10039,4.20998,-65.7086,56.7862,0.50885,5.10039,10,-4.89961,-0.225292
ETH,10,flow,0.95,15602,717,0.0459556,0.476666,0.258181,-3.18533,3.59546,0.529986,0.476666,10,-9.52333,-0.437651
ETH,50,flow,0.95,15571,716,0.0459829,1.19301,0.323144,-6.80508,8.8367,0.526536,1.19301,10,-8.80699,-0.404971
ETH,100,flow,0.95,15527,713,0.04592,1.59312,0.518538,-9.35133,11.5033,0.514727,1.59312,10,-8.40688,-0.386044
ETH,500,flow,0.95,15195,696,0.0458045,5.03035,2.40157,-18.8312,26.5831,0.527299,5.03035,10,-4.96965,-0.227633
FARTCOIN,10,flow,0.95,4881,334,0.0684286,-0.557167,0,-13.2322,10.8032,0.461078,0.557167,10,-9.44283,-0.64616
FARTCOIN,50,flow,0.95,4849,331,0.0682615,1.13262,1.16415e-06,-26.9342,27.5296,0.510574,1.13262,10,-8.86738,-0.605301
FARTCOIN,100,flow,0.95,4809,330,0.0686213,-3.76192,-1.89175e-06,-44.7713,28.9329,0.484848,3.76192,10,-6.23808,-0.428065
FARTCOIN,500,flow,0.95,4481,303,0.0676188,-7.59605,-11.744,-96.2739,66.9408,0.471947,7.59605,10,-2.40395,-0.162552
HYPE,10,flow,0.95,10860,580,0.053407,1.19336,0.739605,-7.56271,9.71784,0.522414,1.19336,10,-8.80664,-0.470336
HYPE,50,flow,0.95,10823,578,0.0534048,2.64373,2.19471,-17.759,20.0157,0.544983,2.64373,10,-7.35627,-0.39286
HYPE,100,flow,0.95,10783,576,0.0534174,2.68589,0.455013,-27.2799,29.9877,0.506944,2.68589,10,-7.31411,-0.390701
HYPE,500,flow,0.95,10452,555,0.0530999,2.72396,-5.42581,-59.5936,59.1885,0.479279,2.72396,10,-7.27604,-0.386357
KBONK,10,flow,0.95,4412,256,0.0580236,1.58499,1.22458,-7.0335,9.96938,0.539062,1.58499,10,-8.41501,-0.488269
KBONK,50,flow,0.95,4382,255,0.0581926,3.51657,1.6288,-16.5223,24.057,0.513725,3.51657,10,-6.48343,-0.377288
KBONK,100,flow,0.95,4340,254,0.0585253,2.04032,2.4425,-24.2492,29.8612,0.531496,2.04032,10,-7.95968,-0.465843
KBONK,500,flow,0.95,4012,230,0.057328,3.8774,3.9923,-43.8697,55.4193,0.521739,3.8774,10,-6.1226,-0.350997
KPEPE,10,flow,0.95,4646,279,0.0600517,0.164059,0,-6.02508,7.12181,0.473118,0.164059,10,-9.83594,-0.590665
KPEPE,50,flow,0.95,4611,276,0.0598569,-2.24613,-5.82077e-07,-19.7714,16.2509,0.485507,2.24613,10,-7.75387,-0.464122
KPEPE,100,flow,0.95,4579,273,0.05962,-3.95579,-1.4477,-29.7489,23.0084,0.47619,3.95579,10,-6.04421,-0.360356
KPEPE,500,flow,0.95,4251,245,0.0576335,-4.27425,-7.00918,-67.0961,56.952,0.461224,4.27425,10,-5.72575,-0.329995
LDO,10,flow,0.95,4367,250,0.0572475,-1.98261,-2.18279e-07,-10.8786,6.94287,0.428,1.98261,10,-8.01739,-0.458976
LDO,50,flow,0.95,4333,248,0.0572352,0.707594,1.45519e-07,-24.4311,22.2371,0.5,0.707594,10,-9.29241,-0.531852
LDO,100,flow,0.95,4297,244,0.0567838,-3.81458,-3.0733,-32.2009,25.1499,0.471311,3.81458,10,-6.18542,-0.351232
LDO,500,flow,0.95,3969,214,0.0539179,-8.05277,-1.25025,-61.6233,54.1873,0.495327,8.05277,10,-1.94723,-0.10499
LINK,10,flow,0.95,4656,205,0.0440292,0.559302,0,-6.80928,7.53864,0.497561,0.559302,10,-9.4407,-0.415666
LINK,50,flow,0.95,4634,203,0.0438066,1.34817,-0.803827,-16.1009,16.0804,0.497537,1.34817,10,-8.65183,-0.379008
LINK,100,flow,0.95,4592,202,0.0439895,-1.86243,-1.20584,-23.1641,16.7674,0.475248,1.86243,10,-8.13757,-0.357968
LINK,500,flow,0.95,4264,192,0.0450281,3.36366,1.15006,-44.8506,50.6342,0.505208,3.36366,10,-6.63634,-0.298822
LTC,10,flow,0.95,4829,236,0.0488714,-0.666991,0,-7.65546,6.37741,0.495763,0.666991,10,-9.33301,-0.456117
LTC,50,flow,0.95,4798,235,0.0489787,1.16019,1.67347e-06,-15.6818,19.5711,0.52766,1.16019,10,-8.83981,-0.432963
LTC,100,flow,0.95,4766,234,0.0490978,5.25042,3.19817,-15.8492,22.7419,0.534188,5.25042,10,-4.74958,-0.233194
LTC,500,flow,0.95,4438,215,0.0484452,11.4684,8.17231,-35.7925,50.0955,0.539535,11.4684,10,1.46842,0.0711377
PENGU,10,flow,0.95,4650,317,0.068172,-1.10961,0,-10.8653,11.0041,0.488959,1.10961,10,-8.89039,-0.606076
PENGU,50,flow,0.95,4620,316,0.0683983,-0.751387,0.619144,-24.7211,26.8878,0.512658,0.751387,10,-9.24861,-0.632589
PENGU,100,flow,0.95,4575,315,0.0688525,-1.11659,1.45519e-06,-35.8432,34.2184,0.504762,1.11659,10,-8.88341,-0.611645
PENGU,500,flow,0.95,4247,288,0.0678126,-10.3978,-3.90658,-80.2805,83.4029,0.472222,10.3978,10,0.397842,0.0269787
PUMP,10,flow,0.95,5147,259,0.0503206,-0.333384,0,-11.6362,10.2423,0.432432,0.333384,10,-9.66662,-0.48643
PUMP,50,flow,0.95,5112,256,0.0500782,-0.229864,1.14596e-06,-20.2481,21.288,0.515625,0.229864,10,-9.77014,-0.489271
PUMP,100,flow,0.95,5074,253,0.049862,-3.38853,1.16415e-06,-36.5631,31.9528,0.517787,3.38853,10,-6.61147,-0.329661
PUMP,500,flow,0.95,4746,234,0.0493047,-5.56965,-5.51369,-86.1522,74.602,0.478632,5.56965,10,-4.43035,-0.218437
SOL,10,flow,0.95,9984,435,0.0435697,0.659688,0.534288,-4.86886,6.14723,0.510345,0.659688,10,-9.34031,-0.406955
SOL,50,flow,0.95,9948,433,0.0435263,-1.06955,7.27551e-08,-13.7427,12.5777,0.501155,1.06955,10,-8.93045,-0.38871
SOL,100,flow,0.95,9898,430,0.0434431,-0.852571,-2.41926e-06,-18.2343,17.345,0.493023,0.852571,10,-9.14743,-0.397393
SOL,500,flow,0.95,9568,414,0.0432692,-0.315285,-0.1119,-37.0077,33.9235,0.5,0.315285,10,-9.68472,-0.41905
SUI,10,flow,0.95,5001,291,0.0581884,0.0238576,-3.63798e-08,-8.51109,6.92482,0.487973,0.0238576,10,-9.97614,-0.580495
SUI,50,flow,0.95,4968,287,0.0577697,1.48952,0.938659,-16.6569,20.1058,0.508711,1.48952,10,-8.51048,-0.491648
SUI,100,flow,0.95,4928,283,0.0574269,-2.06348,-2.02368,-26.784,27.7524,0.477032,2.06348,10,-7.93652,-0.45577
SUI,500,flow,0.95,4600,259,0.0563043,-6.25487,-1.5237,-61.9352,46.6452,0.482625,6.25487,10,-3.74513,-0.210867
UNI,10,flow,0.95,4434,228,0.0514208,-1.11498,0,-8.71303,6.6364,0.473684,1.11498,10,-8.88502,-0.456875
UNI,50,flow,0.95,4402,226,0.0513403,0.288999,1.57823,-15.5207,16.2793,0.522124,0.288999,10,-9.711,-0.498566
UNI,100,flow,0.95,4365,224,0.0513173,3.66012,4.98584,-19.6068,27.6796,0.53125,3.66012,10,-6.33988,-0.325346
UNI,500,flow,0.95,4037,206,0.051028,-2.98236,-3.31563,-47.4484,40.1131,0.485437,2.98236,10,-7.01764,-0.358096
WLFI,10,flow,0.95,4624,238,0.0514706,2.61177,0,-7.28067,9.59694,0.407563,2.61177,10,-7.38823,-0.380277
WLFI,50,flow,0.95,4593,238,0.051818,-0.0892892,0,-20.6035,22.3554,0.47479,0.0892892,10,-9.91071,-0.513553
WLFI,100,flow,0.95,4556,235,0.0515803,2.04954,5.82077e-07,-25.2845,33.3531,0.519149,2.04954,10,-7.95046,-0.410087
WLFI,500,flow,0.95,4228,212,0.0501419,24.1134,7.77784,-56.316,107.898,0.518868,24.1134,10,14.1134,0.707675
XPL,10,flow,0.95,4486,293,0.0653143,1.99335,0,-12.0613,15.1095,0.488055,1.99335,10,-8.00665,-0.522949
XPL,50,flow,0.95,4449,290,0.0651832,0.337548,0,-29.1339,29.4589,0.493103,0.337548,10,-9.66245,-0.629829
XPL,100,flow,0.95,4406,287,0.0651384,-0.744863,-2.32831e-06,-38.5043,45.4702,0.484321,0.744863,10,-9.25514,-0.602865
XPL,500,flow,0.95,4078,265,0.0649828,12.3146,8.00962,-112.592,112.458,0.50566,12.3146,10,2.31464,0.150412
XRP,10,flow,0.95,7188,328,0.0456316,-0.545563,-0.460831,-4.60281,3.70812,0.460366,0.545563,10,-9.45444,-0.431421
XRP,50,flow,0.95,7154,325,0.0454291,-1.46315,-1.88285,-11.7326,9.16901,0.464615,1.46315,10,-8.53685,-0.387822
XRP,100,flow,0.95,7111,322,0.045282,-1.27335,0.191187,-15.2478,15.1363,0.506211,1.27335,10,-8.72665,-0.39516
XRP,500,flow,0.95,6783,304,0.0448179,-6.62991,-5.17673,-37.5891,25.7697,0.453947,6.62991,10,-3.37009,-0.15104
2Z,10,flow,0.99,4403,70,0.0158983,4.09195,0,-6.37671,13.1243,0.428571,4.09195,10,-5.90805,-0.0939277
2Z,50,flow,0.99,4375,69,0.0157714,9.34865,8.62441,-25.5591,27.608,0.57971,9.34865,10,-0.651351,-0.0102727
2Z,100,flow,0.99,4338,68,0.0156754,1.37718,2.19539,-44.0386,49.6354,0.514706,1.37718,10,-8.62282,-0.135166
2Z,500,flow,0.99,4010,62,0.0154613,-3.41648,6.8054,-99.8515,79.8092,0.532258,3.41648,10,-6.58352,-0.10179
AAVE,10,flow,0.99,4985,60,0.0120361,-1.14308,-0.914829,-7.10722,5.25582,0.483333,1.14308,10,-8.85692,-0.106603
AAVE,50,flow,0.99,4955,59,0.0119072,1.10767,-2.53598,-15.6512,12.9278,0.457627,1.10767,10,-8.89233,-0.105882
AAVE,100,flow,0.99,4909,59,0.0120187,1.00274,-2.46685,-21.2657,23.6547,0.474576,1.00274,10,-8.99726,-0.108136
AAVE,500,flow,0.99,4581,53,0.0115695,-8.47106,-3.99714,-44.9247,51.1423,0.45283,8.47106,10,-1.52894,-0.0176892
ASTER,10,flow,0.99,4997,88,0.0176106,-0.604405,1.2425,-5.91121,7.84147,0.590909,0.604405,10,-9.3956,-0.165462
ASTER,50,flow,0.99,4969,87,0.0175086,-2.5319,-1.07396,-17.7727,15.5366,0.45977,2.5319,10,-7.4681,-0.130756
ASTER,100,flow,0.99,4936,87,0.0176256,-5.75032,-3.8654,-26.8114,18.0657,0.390805,5.75032,10,-4.24968,-0.0749032
ASTER,500,flow,0.99,4608,77,0.0167101,-13.2344,0.433085,-47.5481,49.2906,0.506494,13.2344,10,3.23441,0.0540472
AVAX,10,flow,0.99,4537,57,0.0125634,-1.08837,-1.10994,-5.31096,5.55648,0.368421,1.08837,10,-8.91163,-0.11196
AVAX,50,flow,0.99,4505,55,0.0122087,-2.3316,-3.30779,-14.6091,6.67317,0.436364,2.3316,10,-7.6684,-0.0936208
AVAX,100,flow,0.99,4473,54,0.0120724,-2.13738,-6.25282,-22.8791,14.4286,0.351852,2.13738,10,-7.86262,-0.094921
AVAX,500,flow,0.99,4145,46,0.0110977,-8.0007,-13.4221,-56.5595,53.023,0.478261,8.0007,10,-1.9993,-0.0221877
BNB,10,flow,0.99,5695,88,0.0154522,0.369647,0.484219,-3.52719,4.13543,0.556818,0.369647,10,-9.63035,-0.14881
BNB,50,flow,0.99,5668,86,0.0151729,0.245049,-1.91744,-10.9865,12.0864,0.453488,0.245049,10,-9.75495,-0.148011
BNB,100,flow,0.99,5624,85,0.0151138,-0.806533,-1.81179,-16.9482,11.0587,0.470588,0.806533,10,-9.19347,-0.138948
BNB,500,flow,0.99,5296,74,0.0139728,-0.422581,-0.534526,-36.5216,30.6397,0.5,0.422581,10,-9.57742,-0.133823
BTC,10,flow,0.99,16706,172,0.0102957,0.102121,0.102074,-0.776633,1.91296,0.546512,0.102121,10,-9.89788,-0.101906
BTC,50,flow,0.99,16673,172,0.0103161,1.06956,0.39564,-4.36662,7.3147,0.511628,1.06956,10,-8.93044,-0.0921271
BTC,100,flow,0.99,16634,171,0.0102801,1.36787,0.532876,-5.60638,9.11703,0.526316,1.36787,10,-8.63213,-0.0887396
BTC,500,flow,0.99,16302,166,0.0101828,0.00294027,-0.419593,-13.9055,17.8863,0.487952,0.00294027,10,-9.99706,-0.101798
CRV,10,flow,0.99,4410,57,0.0129252,-2.60156,0,-17.0406,4.0808,0.421053,2.60156,10,-7.39844,-0.0956261
CRV,50,flow,0.99,4376,57,0.0130256,3.64898,4.36557e-07,-9.4697,24.325,0.54386,3.64898,10,-6.35102,-0.0827258
CRV,100,flow,0.99,4347,57,0.0131125,9.84493,5.46747,-36.9231,55.0316,0.54386,9.84493,10,-0.15507,-0.00203335
CRV,500,flow,0.99,4019,52,0.0129385,17.946,14.2274,-54.0184,79.6132,0.519231,17.946,10,7.94599,0.102809
DOGE,10,flow,0.99,4532,59,0.0130185,-3.30918,-2.18279e-07,-5.95577,5.94298,0.474576,3.30918,10,-6.69082,-0.0871047
DOGE,50,flow,0.99,4498,59,0.0131169,-1.38104,2.53239,-16.368,13.5957,0.542373,1.38104,10,-8.61896,-0.113054
DOGE,100,flow,0.99,4449,58,0.0130366,0.549986,-4.15798,-21.4122,21.0541,0.413793,0.549986,10,-9.45001,-0.123196
DOGE,500,flow,0.99,4121,53,0.012861,-12.8087,-3.01952e-06,-45.5517,32.0142,0.490566,12.8087,10,2.80866,0.036122
ENA,10,flow,0.99,5312,43,0.00809488,-1.01726,0.98493,-7.02379,7.18495,0.511628,1.01726,10,-8.98274,-0.0727142
ENA,50,flow,0.99,5281,43,0.0081424,4.6216,5.97253,-9.06637,17.5282,0.534884,4.6216,10,-5.3784,-0.043793
ENA,100,flow,0.99,5243,43,0.00820141,10.085,12.4657,-18.9531,43.6336,0.627907,10.085,10,0.0849737,0.000696905
ENA,500,flow,0.99,4915,39,0.00793489,38.9033,16.4339,-38.0039,121.521,0.564103,38.9033,10,28.9033,0.229345
ETH,10,flow,0.99,15602,148,0.00948596,-0.0885822,0.491527,-3.7856,3.59736,0.554054,0.0885822,10,-9.91142,-0.0940193
ETH,50,flow,0.99,15571,148,0.00950485,-0.298168,-3.26286e-07,-7.63492,7.90906,0.5,0.298168,10,-9.70183,-0.0922144
ETH,100,flow,0.99,15527,147,0.00946738,0.76431,0.807349,-10.0401,10.0897,0.517007,0.76431,10,-9.23569,-0.0874378
ETH,500,flow,0.99,15195,144,0.0094768,-3.25876,1.31084,-24.3244,23.6994,0.513889,3.25876,10,-6.74124,-0.0638854
FARTCOIN,10,flow,0.99,4881,69,0.0141364,-1.3225,0,-11.2867,10.4112,0.405797,1.3225,10,-8.6775,-0.122669
FARTCOIN,50,flow,0.99,4849,67,0.0138173,0.288326,10.7354,-20.6436,26.7453,0.626866,0.288326,10,-9.71167,-0.134189
FARTCOIN,100,flow,0.99,4809,67,0.0139322,-1.40257,10.2722,-44.0902,47.391,0.552239,1.40257,10,-8.59743,-0.119781
FARTCOIN,500,flow,0.99,4481,59,0.0131667,27.1532,7.85649,-48.9235,94.658,0.576271,27.1532,10,17.1532,0.225851
HYPE,10,flow,0.99,10860,125,0.0115101,1.08477,1.45519e-07,-6.28156,8.41822,0.512,1.08477,10,-8.91523,-0.102615
HYPE,50,flow,0.99,10823,125,0.0115495,-1.51639,1.57408,-23.8895,16.0905,0.536,1.51639,10,-8.48361,-0.0979812
HYPE,100,flow,0.99,10783,125,0.0115923,-3.21931,-8.91844,-28.0261,20.1757,0.44,3.21931,10,-6.78069,-0.0786039
HYPE,500,flow,0.99,10452,118,0.0112897,-16.419,-18.4871,-59.395,34.0573,0.381356,16.419,10,6.41897,0.0724683
KBONK,10,flow,0.99,4412,44,0.0099728,4.73034,2.64357,-3.30813,11.9864,0.590909,4.73034,10,-5.26966,-0.0525533
KBONK,50,flow,0.99,4382,43,0.00981287,4.46649,5.19818,-8.05361,26.6074,0.604651,4.46649,10,-5.53351,-0.0542996
KBONK,100,flow,0.99,4340,43,0.00990783,7.79265,16.9073,-12.024,29.9128,0.627907,7.79265,10,-2.20735,-0.02187
KBONK,500,flow,0.99,4012,39,0.00972084,13.3595,7.04846,-34.7071,48.7742,0.538462,13.3595,10,3.3595,0.0326571
KPEPE,10,flow,0.99,4646,61,0.0131296,2.90999,0,-5.87199,6.75295,0.491803,2.90999,10,-7.09001,-0.0930889
KPEPE,50,flow,0.99,4611,60,0.0130124,-6.09043,5.82077e-07,-14.6934,20.1673,0.516667,6.09043,10,-3.90957,-0.0508727
KPEPE,100,flow,0.99,4579,60,0.0131033,-12.6637,-10.1513,-33.805,23.507,0.45,12.6637,10,2.66374,0.0349038
KPEPE,500,flow,0.99,4251,52,0.0122324,-27.0619,-26.4046,-80.9654,35.6735,0.403846,27.0619,10,17.0619,0.208708
LDO,10,flow,0.99,4367,62,0.0141974,-0.852746,-5.82077e-07,-10.3755,9.22064,0.451613,0.852746,10,-9.14725,-0.129867
LDO,50,flow,0.99,4333,61,0.014078,9.07846,7.86473,-16.7057,29.9133,0.606557,9.07846,10,-0.921538,-0.0129734
LDO,100,flow,0.99,4297,61,0.014196,-1.39649,-2.13379,-22.247,27.4615,0.47541,1.39649,10,-8.60351,-0.122135
LDO,500,flow,0.99,3969,57,0.0143613,-5.46075,15.5497,-46.3321,69.9206,0.596491,5.46075,10,-4.53925,-0.0651895
LINK,10,flow,0.99,4656,47,0.0100945,-0.561058,-1.10005,-7.20461,5.72078,0.425532,0.561058,10,-9.43894,-0.0952814
LINK,50,flow,0.99,4634,46,0.00992663,-6.74125,-6.12363,-24.182,15.1,0.456522,6.74125,10,-3.25875,-0.0323484
LINK,100,flow,0.99,4592,46,0.0100174,-2.83277,-5.37331,-19.1315,18.799,0.413043,2.83277,10,-7.16723,-0.0717971
LINK,500,flow,0.99,4264,41,0.00961538,0.234602,-3.29979,-46.1442,40.3037,0.439024,0.234602,10,-9.7654,-0.0938981
LTC,10,flow,0.99,4829,55,0.0113895,-0.881587,0,-8.64416,5.36145,0.454545,0.881587,10,-9.11841,-0.103854
LTC,50,flow,0.99,4798,55,0.0114631,0.149113,-1.78555,-17.6768,18.1015,0.490909,0.149113,10,-9.85089,-0.112922
LTC,100,flow,0.99,4766,55,0.0115401,1.64257,2.91038e-07,-19.2957,18.7937,0.509091,1.64257,10,-8.35743,-0.0964454
LTC,500,flow,0.99,4438,50,0.0112663,-7.6268,-13.5339,-56.7283,46.1735,0.4,7.6268,10,-2.3732,-0.0267372
PENGU,10,flow,0.99,4650,63,0.0135484,-1.64555,0,-12.6555,10.2811,0.47619,1.64555,10,-8.35445,-0.113189
PENGU,50,flow,0.99,4620,63,0.0136364,-0.35168,-1.09139e-06,-18.8228,25.2213,0.47619,0.35168,10,-9.64832,-0.131568
PENGU,100,flow,0.99,4575,63,0.0137705,-3.61566,-7.38144,-41.35,34.1963,0.460317,3.61566,10,-6.38434,-0.0879155
PENGU,500,flow,0.99,4247,59,0.0138922,-29.392,-23.2797,-86.2981,61.2415,0.423729,29.392,10,19.392,0.269397
PUMP,10,flow,0.99,5147,66,0.012823,-4.44971,-2.26603,-11.164,5.08429,0.348485,4.44971,10,-5.55029,-0.0711714
PUMP,50,flow,0.99,5112,66,0.0129108,-10.3279,-4.71812,-24.0907,14.1917,0.439394,10.3279,10,0.32786,0.00423293
PUMP,100,flow,0.99,5074,66,0.0130075,-15.3082,-7.63686,-29.4256,15.836,0.454545,15.3082,10,5.30818,0.069046
PUMP,500,flow,0.99,4746,58,0.0122208,-30.856,-29.058,-134.808,52.5561,0.37931,30.856,10,20.856,0.254877
SOL,10,flow,0.99,9984,100,0.010016,0.632272,0.529679,-3.2169,4.70846,0.51,0.632272,10,-9.36773,-0.0938274
SOL,50,flow,0.99,9948,100,0.0100523,0.166634,0.749091,-12.9311,12.2992,0.55,0.166634,10,-9.83337,-0.0988477
SOL,100,flow,0.99,9898,99,0.010002,0.985438,3.64062,-13.2913,17.8199,0.555556,0.985438,10,-9.01456,-0.0901638
SOL,500,flow,0.99,9568,93,0.0097199,-3.83549,-2.18555,-40.3393,25.5522,0.494624,3.83549,10,-6.16451,-0.0599184
SUI,10,flow,0.99,5001,73,0.0145971,-1.85375,-2.10416,-8.44029,4.58821,0.383562,1.85375,10,-8.14625,-0.118911
SUI,50,flow,0.99,4968,73,0.014694,-6.68752,-6.00111,-21.6833,6.03642,0.39726,6.68752,10,-3.31248,-0.0486737
SUI,100,flow,0.99,4928,70,0.0142045,-5.99776,-9.38192,-26.0611,19.362,0.4,5.99776,10,-4.00224,-0.0568499
SUI,500,flow,0.99,4600,60,0.0130435,-10.8759,-14.7365,-52.0121,32.5623,0.416667,10.8759,10,0.875885,0.0114246
UNI,10,flow,0.99,4434,53,0.0119531,-0.972988,-1.54811,-9.71975,7.6746,0.433962,0.972988,10,-9.02701,-0.107901
UNI,50,flow,0.99,4402,52,0.0118128,1.66858,1.6497,-15.6451,15.9591,0.519231,1.66858,10,-8.33142,-0.0984176
UNI,100,flow,0.99,4365,51,0.0116838,13.0019,16.2305,-7.05151,31.0539,0.666667,13.0019,10,3.00193,0.0350741
UNI,500,flow,0.99,4037,46,0.0113946,2.268,1.75624,-35.3249,32.5063,0.521739,2.268,10,-7.732,-0.088103
WLFI,10,flow,0.99,4624,61,0.013192,3.59094,0,-6.24415,10.1678,0.442623,3.59094,10,-6.40906,-0.0845486
WLFI,50,flow,0.99,4593,61,0.0132811,-3.80466,-1.11022e-11,-20.3252,22.4972,0.393443,3.80466,10,-6.19534,-0.0822808
WLFI,100,flow,0.99,4556,59,0.01295,5.93739,11.6279,-29.2958,35.7805,0.542373,5.93739,10,-4.06261,-0.0526106
WLFI,500,flow,0.99,4228,51,0.0120624,18.3523,0,-45.317,72.9002,0.490196,18.3523,10,8.35229,0.100749
XPL,10,flow,0.99,4486,68,0.0151583,0.965483,2.91039e-07,-11.9265,14.6705,0.514706,0.965483,10,-9.03452,-0.136948
XPL,50,flow,0.99,4449,67,0.0150596,-2.10498,-1.16415e-06,-32.6713,26.8109,0.447761,2.10498,10,-7.89502,-0.118896
XPL,100,flow,0.99,4406,66,0.0149796,-5.88848,-2.32831e-06,-37.3484,39.5358,0.484848,5.88848,10,-4.11152,-0.0615889
XPL,500,flow,0.99,4078,61,0.0149583,36.9305,-13.4138,-112.572,172.885,0.459016,36.9305,10,26.9305,0.402835
XRP,10,flow,0.99,7188,68,0.00946021,1.49987,0.347355,-3.12303,4.43823,0.529412,1.49987,10,-8.50013,-0.080413
XRP,50,flow,0.99,7154,68,0.00950517,-0.073554,-2.25592,-11.6207,9.63023,0.426471,0.073554,10,-9.92645,-0.0943526
XRP,100,flow,0.99,7111,67,0.00942202,-1.58954,4.3656e-07,-11.9858,13.1174,0.522388,1.58954,10,-8.41046,-0.0792435
XRP,500,flow,0.99,6783,62,0.0091405,0.790427,-1.76962,-33.5833,24.1601,0.483871,0.790427,10,-9.20957,-0.0841801
